Income,Kidhome,Teenhome,Recency,MntWines,MntFruits,MntMeatProducts,MntFishProducts,MntSweetProducts,MntGoldProds,NumDealsPurchases,NumWebPurchases,NumCatalogPurchases,NumStorePurchases,NumWebVisitsMonth,AcceptedCmp3,AcceptedCmp4,AcceptedCmp5,AcceptedCmp1,AcceptedCmp2,Complain,Z_CostContact,Z_Revenue,Response,Age,Customer_Days,marital_Divorced,marital_Married,marital_Single,marital_Together,marital_Widow,education_2n Cycle,education_Basic,education_Graduation,education_Master,education_PhD,MntTotal,MntRegularProds,AcceptedCmpOverall,CustomerID,TotalKids,TotalPurchases,DealShare,Segment,SegmentName,PredProb
58138.0,0,0,58,635,88,546,172,88,88,3,8,10,4,7,0,0,0,0,0,0,3,11,1,63,2822,0,0,1,0,0,0,0,1,0,0,1529,1441,0,1,0,25,0.12,2,Quiet Value Regulars,0.2863252115693893
46344.0,1,1,38,11,1,6,2,1,6,2,1,1,2,5,0,0,0,0,0,0,3,11,0,66,2272,0,0,1,0,0,0,0,1,0,0,21,15,0,2,2,6,0.3333333333333333,1,Deal Driven Browsers,0.02272563593777389
71613.0,0,0,26,426,49,127,111,21,42,1,8,2,10,4,0,0,0,0,0,0,3,11,0,55,2471,0,0,0,1,0,0,0,1,0,0,734,692,0,3,0,21,0.0476190476190476,2,Quiet Value Regulars,0.05167560405580014
26646.0,1,0,26,11,4,20,10,3,5,2,2,0,4,6,0,0,0,0,0,0,3,11,0,36,2298,0,0,0,1,0,0,0,1,0,0,48,43,0,4,1,8,0.25,1,Deal Driven Browsers,0.024653490303490292
58293.0,1,0,94,173,43,118,46,27,15,5,5,3,6,5,0,0,0,0,0,0,3,11,0,39,2320,0,1,0,0,0,0,0,0,0,1,407,392,0,5,1,19,0.2631578947368421,2,Quiet Value Regulars,0.029513585480595444
62513.0,0,1,16,520,42,98,0,42,14,2,6,4,10,6,0,0,0,0,0,0,3,11,0,53,2452,0,0,0,1,0,0,0,0,1,0,702,688,0,6,1,22,0.0909090909090909,2,Quiet Value Regulars,0.03536469443847157
55635.0,0,1,34,235,65,164,50,49,27,4,7,3,7,6,0,0,0,0,0,0,3,11,0,49,2752,1,0,0,0,0,0,0,1,0,0,563,536,0,7,1,21,0.1904761904761904,2,Quiet Value Regulars,0.08727984661537291
33454.0,1,0,32,76,10,56,3,1,23,2,4,0,4,8,0,0,0,0,0,0,3,11,0,35,2576,0,1,0,0,0,0,0,0,0,1,146,123,0,8,1,10,0.2,1,Deal Driven Browsers,0.034105532284071656
30351.0,1,0,19,14,0,24,3,3,2,1,3,0,2,9,0,0,0,0,0,0,3,11,1,46,2547,0,0,0,1,0,0,0,0,0,1,44,42,0,9,1,6,0.1666666666666666,1,Deal Driven Browsers,0.11039869875089592
5648.0,1,1,68,28,0,6,1,1,13,1,1,0,0,20,1,0,0,0,0,0,3,11,0,70,2267,0,0,0,1,0,0,0,0,0,1,36,23,1,10,2,2,0.5,1,Deal Driven Browsers,0.14918750552313495
7500.0,0,0,59,6,16,11,11,1,16,1,2,0,3,8,0,0,0,0,0,0,3,11,0,44,2752,0,1,0,0,0,0,1,0,0,0,45,29,0,11,0,6,0.1666666666666666,1,Deal Driven Browsers,0.17754832295975123
63033.0,0,0,82,194,61,480,225,112,30,1,3,4,8,2,0,0,0,0,0,0,3,11,0,61,2385,1,0,0,0,0,0,0,1,0,0,1072,1042,0,12,0,16,0.0625,2,Quiet Value Regulars,0.06645860357313813
59354.0,1,1,53,233,2,53,3,5,14,3,6,1,5,6,0,0,0,0,0,0,3,11,0,68,2385,1,0,0,0,0,0,0,0,1,0,296,282,0,13,2,15,0.2,1,Deal Driven Browsers,0.008722488296017709
17323.0,0,0,38,3,14,17,6,1,5,1,1,0,3,8,0,0,0,0,0,0,3,11,0,33,2786,0,1,0,0,0,0,0,1,0,0,41,36,0,14,0,5,0.2,1,Deal Driven Browsers,0.1217499942200206
82800.0,0,0,23,1006,22,115,59,68,45,1,7,6,12,3,0,0,1,1,0,0,3,11,1,74,2741,0,0,1,0,0,0,0,0,0,1,1270,1225,2,15,0,26,0.0384615384615384,0,Premium Loyalists,0.8280071530531958
41850.0,1,1,51,53,5,19,2,13,4,3,3,0,3,8,0,0,0,0,0,0,3,11,0,40,2711,0,1,0,0,0,0,0,1,0,0,92,88,0,16,2,9,0.3333333333333333,1,Deal Driven Browsers,0.05821907195812384
37760.0,0,0,20,84,5,38,150,12,28,2,4,1,6,7,0,0,0,0,0,0,3,11,0,74,2826,0,0,0,1,0,0,0,1,0,0,289,261,0,17,0,13,0.1538461538461538,1,Deal Driven Browsers,0.14956216596269242
76995.0,0,1,91,1012,80,498,0,16,176,2,11,4,9,5,0,0,0,1,0,0,3,11,0,71,2617,0,1,0,0,0,0,0,0,1,0,1606,1430,1,18,1,26,0.0769230769230769,0,Premium Loyalists,0.32177293374380284
33812.0,1,0,86,4,17,19,30,24,39,2,2,1,3,6,0,0,0,0,0,0,3,11,0,35,2762,0,0,1,0,0,1,0,0,0,0,94,55,0,19,1,8,0.25,1,Deal Driven Browsers,0.14750423445243485
37040.0,0,0,41,86,2,73,69,38,48,1,4,2,5,8,0,0,0,0,0,0,3,11,0,38,2849,0,1,0,0,0,0,0,1,0,0,268,220,0,20,0,12,0.0833333333333333,1,Deal Driven Browsers,0.20479683852955383
2447.0,1,0,42,1,1,1725,1,1,1,15,0,28,0,1,0,0,0,0,0,0,3,11,0,41,2698,0,1,0,0,0,0,0,1,0,0,1729,1728,0,21,1,43,0.3488372093023256,2,Quiet Value Regulars,0.21251522132732803
58607.0,0,1,63,867,0,86,0,0,19,3,2,3,9,8,0,1,0,0,0,0,3,11,0,71,2712,0,1,0,0,0,0,0,0,0,1,953,934,1,22,1,17,0.1764705882352941,2,Quiet Value Regulars,0.19973072845053116
65324.0,0,1,0,384,0,102,21,32,5,3,6,2,9,4,0,0,0,0,0,0,3,11,0,66,2328,0,1,0,0,0,0,0,0,0,1,539,534,0,23,1,20,0.15,2,Quiet Value Regulars,0.08261159246980686
40689.0,0,1,69,270,3,27,39,6,99,7,7,1,5,8,0,0,0,0,0,0,3,11,0,69,2627,0,0,0,1,0,0,0,1,0,0,345,246,0,24,1,20,0.35,1,Deal Driven Browsers,0.0876296535518957
18589.0,0,0,89,6,4,25,15,12,13,2,2,1,3,7,0,0,0,0,0,0,3,11,0,51,2702,0,0,1,0,0,0,0,1,0,0,62,49,0,25,0,8,0.25,1,Deal Driven Browsers,0.06919764880327245
53359.0,1,1,4,173,4,30,3,6,41,4,5,1,4,7,0,0,0,0,0,0,3,11,0,44,2557,0,1,0,0,0,0,0,1,0,0,216,175,0,26,2,14,0.2857142857142857,1,Deal Driven Browsers,0.1373301338826904
38360.0,1,0,26,36,2,42,20,21,10,2,2,1,4,3,0,0,0,0,0,0,3,11,0,31,2553,0,1,0,0,0,0,0,1,0,0,121,111,0,27,1,9,0.2222222222222222,1,Deal Driven Browsers,0.028916947967558396
84618.0,0,0,96,684,100,801,21,66,0,1,6,9,10,2,0,0,1,0,0,0,3,11,0,55,2378,0,1,0,0,0,0,0,0,0,1,1672,1672,1,28,0,26,0.0384615384615384,0,Premium Loyalists,0.15995104166143062
10979.0,0,0,34,8,4,10,2,2,4,2,3,0,3,5,0,0,0,0,0,0,3,11,0,31,2197,1,0,0,0,0,0,0,0,1,0,26,22,0,29,0,8,0.25,1,Deal Driven Browsers,0.035345613791666404
38620.0,0,0,56,112,17,44,34,22,89,1,2,5,3,3,0,0,0,0,0,0,3,11,0,57,2573,0,0,0,1,0,0,0,0,1,0,229,140,0,30,0,11,0.0909090909090909,2,Quiet Value Regulars,0.017023608845413634
40548.0,0,1,31,110,0,5,2,0,3,2,2,1,4,5,0,1,0,0,0,0,3,11,0,50,2786,0,0,0,1,0,0,0,1,0,0,117,114,1,31,1,9,0.2222222222222222,1,Deal Driven Browsers,0.2883256487911452
46610.0,0,2,8,96,12,96,33,22,43,6,4,1,6,6,0,0,0,0,0,0,3,11,1,68,2767,1,0,0,0,0,0,0,0,0,1,259,216,0,32,2,17,0.3529411764705882,1,Deal Driven Browsers,0.3934797403007211
68657.0,0,0,4,482,34,471,119,68,22,1,3,5,9,7,0,0,0,0,0,0,3,11,0,74,2653,0,1,0,0,0,0,0,0,1,0,1174,1152,0,33,0,18,0.0555555555555555,2,Quiet Value Regulars,0.1849005980638843
49389.0,1,1,55,40,0,19,2,1,3,1,2,0,3,7,0,0,0,0,0,0,3,11,0,69,2463,0,0,1,0,0,0,0,0,1,0,62,59,0,34,2,6,0.1666666666666666,1,Deal Driven Browsers,0.02559588780765532
67353.0,0,1,37,702,17,151,0,8,35,5,5,6,12,2,0,0,0,0,0,0,3,11,0,50,2339,0,1,0,0,0,0,0,0,0,1,878,843,0,35,1,28,0.1785714285714285,2,Quiet Value Regulars,0.015520640769700922
23718.0,1,0,76,6,3,14,15,7,36,3,3,1,2,7,0,0,0,0,0,0,3,11,0,44,2459,0,1,0,0,0,1,0,0,0,0,45,9,0,36,1,9,0.3333333333333333,1,Deal Driven Browsers,0.010181180761809126
42429.0,0,1,99,55,0,6,2,0,4,2,1,1,3,5,0,0,0,0,0,0,3,11,0,47,2297,0,0,0,0,1,0,0,1,0,0,63,59,0,37,1,7,0.2857142857142857,1,Deal Driven Browsers,0.016685970649814457
48948.0,0,0,53,437,8,206,160,49,42,2,7,10,5,6,1,0,0,0,0,0,3,11,1,77,2672,1,0,0,0,0,0,0,0,0,1,860,818,1,38,0,24,0.0833333333333333,2,Quiet Value Regulars,0.36671814510288375
80011.0,0,1,3,421,76,536,82,178,102,2,8,6,5,4,0,0,0,0,0,0,3,11,0,40,2585,0,1,0,0,0,0,0,1,0,0,1293,1191,0,39,1,21,0.0952380952380952,2,Quiet Value Regulars,0.11095530994870163
20559.0,1,0,88,13,1,29,3,0,7,2,2,0,3,8,0,0,0,0,0,0,3,11,0,35,2633,0,1,0,0,0,0,0,0,1,0,46,39,0,40,1,7,0.2857142857142857,1,Deal Driven Browsers,0.02732412766798603
21994.0,0,1,4,9,0,6,3,1,3,1,0,0,3,5,0,0,0,0,0,0,3,11,0,63,2711,0,0,0,1,0,0,0,1,0,0,19,16,0,41,1,4,0.25,1,Deal Driven Browsers,0.08205970355599974
7500.0,1,0,19,3,1,10,3,2,12,3,2,0,3,5,0,0,0,0,0,0,3,11,0,45,2429,0,1,0,0,0,0,0,0,1,0,19,7,0,42,1,8,0.375,1,Deal Driven Browsers,0.11425180195032283
79941.0,0,0,72,123,164,266,227,30,174,1,2,4,9,1,0,0,0,0,0,0,3,11,0,44,2160,0,0,1,0,0,0,0,1,0,0,810,636,0,43,0,16,0.0625,2,Quiet Value Regulars,0.032401751154652256
7500.0,0,0,24,3,18,14,15,22,50,3,3,1,3,9,0,0,0,0,0,0,3,11,1,24,2756,0,1,0,0,0,1,0,0,0,0,72,22,0,44,0,10,0.3,1,Deal Driven Browsers,0.45415833463751537
41728.0,1,0,92,13,6,15,3,5,13,1,2,0,2,10,0,0,0,0,0,0,3,11,0,52,2560,0,0,0,1,0,0,0,1,0,0,42,29,0,45,1,5,0.2,1,Deal Driven Browsers,0.06365000668007718
72550.0,1,1,39,826,50,317,50,38,38,9,5,2,12,8,0,0,0,0,0,0,3,11,0,66,2757,0,1,0,0,0,0,0,0,0,1,1281,1243,0,46,2,28,0.3214285714285714,2,Quiet Value Regulars,0.24203771717930808
65486.0,0,1,29,245,19,125,37,67,14,1,4,2,10,2,0,0,0,0,0,0,3,11,0,63,2207,0,0,0,0,1,0,0,1,0,0,493,479,0,47,1,17,0.0588235294117647,2,Quiet Value Regulars,0.018582685288567637
79143.0,0,0,2,650,37,780,27,167,32,1,6,9,13,3,0,0,0,0,0,0,3,11,0,56,2846,0,1,0,0,0,0,0,0,1,0,1661,1629,0,48,0,29,0.0344827586206896,2,Quiet Value Regulars,0.26966793135192263
35790.0,1,0,54,12,6,20,30,1,3,2,2,0,3,7,0,0,0,0,0,0,3,11,0,43,2702,0,0,1,0,0,0,0,1,0,0,69,66,0,49,1,7,0.2857142857142857,1,Deal Driven Browsers,0.07740221574435656
82582.0,0,0,54,510,120,550,156,40,241,1,4,9,7,1,1,0,0,1,0,0,3,11,1,43,2181,1,0,0,0,0,0,0,1,0,0,1376,1135,2,50,0,21,0.0476190476190476,0,Premium Loyalists,0.4539292875871318
66373.0,1,1,57,328,9,124,12,24,109,7,4,2,10,3,0,0,0,0,0,0,3,11,0,42,2541,0,1,0,0,0,0,0,1,0,0,497,388,0,51,2,23,0.3043478260869565,2,Quiet Value Regulars,0.034502485393701585
82384.0,0,0,55,984,51,432,180,120,190,1,3,10,13,1,0,0,1,0,0,0,3,11,1,65,2746,0,0,0,1,0,0,0,0,1,0,1767,1577,1,52,0,27,0.037037037037037,0,Premium Loyalists,0.2859587718288789
70287.0,0,0,30,295,35,482,121,120,40,1,5,5,10,3,0,0,0,0,0,0,3,11,1,54,2612,1,0,0,0,0,0,0,1,0,0,1053,1013,0,53,0,21,0.0476190476190476,2,Quiet Value Regulars,0.2737967304638817
27938.0,1,0,31,13,0,8,2,1,5,1,1,0,4,3,0,0,0,0,0,0,3,11,0,32,2221,0,0,1,0,0,0,0,1,0,0,24,19,0,54,1,6,0.1666666666666666,1,Deal Driven Browsers,0.014997479408128496
55954.0,0,1,63,447,0,28,0,0,43,3,8,2,6,7,0,0,0,0,0,0,3,11,0,52,2277,0,1,0,0,0,0,0,0,0,1,475,432,0,55,1,19,0.1578947368421052,2,Quiet Value Regulars,0.02970148516261278
75777.0,0,0,12,712,26,538,69,13,80,1,3,6,11,1,0,1,1,0,0,0,3,11,1,38,2519,0,0,1,0,0,0,0,0,1,0,1358,1278,2,56,0,21,0.0476190476190476,0,Premium Loyalists,0.7541046194271483
66653.0,1,1,18,452,18,102,16,18,6,4,4,2,12,3,0,0,0,0,0,0,3,11,0,45,2819,0,0,0,1,0,0,0,1,0,0,606,600,0,57,2,22,0.1818181818181818,2,Quiet Value Regulars,0.07442566132600592
61823.0,0,1,26,523,7,134,37,14,169,4,8,2,10,7,0,0,0,0,0,0,3,11,0,68,2655,0,0,1,0,0,0,0,1,0,0,715,546,0,58,1,24,0.1666666666666666,2,Quiet Value Regulars,0.04196995670942433
67680.0,0,1,8,546,0,48,0,6,6,1,7,3,8,5,0,0,0,0,0,0,3,11,0,69,2542,0,0,0,0,1,0,0,0,0,1,600,594,0,59,1,19,0.0526315789473684,2,Quiet Value Regulars,0.07041186246087973
70666.0,0,0,29,398,40,367,119,122,30,1,7,4,4,4,0,0,0,0,0,0,3,11,0,72,2364,0,0,0,1,0,0,0,1,0,0,1046,1016,0,60,0,16,0.0625,2,Quiet Value Regulars,0.039526027761816546
25721.0,1,0,75,1,3,6,3,6,15,1,1,1,2,7,0,0,0,0,0,0,3,11,1,49,2563,0,1,0,0,0,0,0,1,0,0,19,4,0,61,1,5,0.2,1,Deal Driven Browsers,0.12414709155230579
32474.0,1,1,0,10,0,1,0,0,0,1,1,0,2,7,0,0,0,0,0,0,3,11,0,53,2208,0,0,0,1,0,0,0,1,0,0,11,11,0,62,2,4,0.25,1,Deal Driven Browsers,0.1005766462913496
88194.0,0,1,19,688,14,309,201,24,38,1,11,10,10,5,1,0,0,1,0,0,3,11,1,41,2261,0,0,1,0,0,1,0,0,0,0,1236,1198,2,63,1,32,0.03125,0,Premium Loyalists,0.625110676170982
69096.0,0,1,4,247,49,159,7,82,109,1,5,2,10,4,0,0,0,0,0,0,3,11,0,62,2434,0,0,0,1,0,0,0,1,0,0,544,435,0,64,1,18,0.0555555555555555,2,Quiet Value Regulars,0.07030227833230586
74854.0,1,2,90,856,59,487,58,29,73,7,2,5,5,5,0,0,0,0,0,0,3,11,0,50,2606,0,0,0,1,0,0,0,1,0,0,1489,1416,0,65,3,19,0.3684210526315789,2,Quiet Value Regulars,0.08775241445001514
66991.0,0,0,1,496,36,460,189,60,12,3,4,8,6,3,0,0,0,0,0,0,3,11,0,66,2815,0,1,0,0,0,0,0,0,1,0,1241,1229,0,66,0,21,0.1428571428571428,2,Quiet Value Regulars,0.24322109854234958
65031.0,0,1,29,258,107,291,84,37,86,4,10,3,13,7,0,0,0,0,0,0,3,11,0,61,2628,0,1,0,0,0,0,0,1,0,0,777,691,0,67,1,30,0.1333333333333333,2,Quiet Value Regulars,0.01906311963636846
60631.0,1,1,88,565,6,65,0,6,19,5,9,2,8,7,0,1,0,0,0,0,3,11,0,45,2609,0,1,0,0,0,0,0,0,0,1,642,623,1,68,2,24,0.2083333333333333,2,Quiet Value Regulars,0.10348856876324485
28332.0,0,0,58,14,10,13,4,15,9,1,2,1,4,2,0,0,0,0,0,0,3,11,0,68,2219,0,1,0,0,0,0,0,1,0,0,56,47,0,69,0,8,0.125,1,Deal Driven Browsers,0.0103258854353194
40246.0,1,0,68,2,1,6,2,1,1,1,1,0,2,6,0,0,0,0,0,0,3,11,0,43,2716,1,0,0,0,0,0,0,1,0,0,12,11,0,70,1,4,0.25,1,Deal Driven Browsers,0.03521147221722667
75251.0,0,0,34,721,111,925,97,18,18,1,7,6,5,5,0,0,0,0,0,0,3,11,1,48,2830,0,1,0,0,0,0,0,0,1,0,1872,1854,0,71,0,19,0.0526315789473684,2,Quiet Value Regulars,0.4374987999146307
75825.0,0,0,40,1032,105,779,137,105,51,0,5,8,9,4,1,0,0,0,0,0,3,11,1,44,2784,0,0,1,0,0,0,0,1,0,0,2158,2107,1,72,0,22,0.0,0,Premium Loyalists,0.5027188291899761
26326.0,0,0,12,1,0,5,0,3,9,1,0,0,3,3,0,0,0,0,0,1,3,11,0,44,2457,0,0,0,1,0,1,0,0,0,0,9,0,0,73,0,4,0.25,1,Deal Driven Browsers,0.06605850661485833
56046.0,0,0,9,577,0,64,0,0,51,2,10,1,8,8,1,0,0,0,0,0,3,11,1,55,2702,0,0,0,1,0,0,0,1,0,0,641,590,1,74,0,21,0.0952380952380952,2,Quiet Value Regulars,0.525139519888436
29760.0,1,0,87,64,4,68,7,5,17,4,3,1,4,8,0,0,0,0,0,0,3,11,0,35,2828,0,0,1,0,0,0,0,1,0,0,148,131,0,75,1,12,0.3333333333333333,1,Deal Driven Browsers,0.1470879663893929
26304.0,1,0,5,4,1,5,2,0,4,1,1,0,2,7,0,0,0,0,0,0,3,11,0,51,2530,0,1,0,0,0,0,0,1,0,0,12,8,0,76,1,4,0.25,1,Deal Driven Browsers,0.058207311753308316
23559.0,1,0,87,25,5,19,7,0,23,3,3,0,3,7,0,0,0,0,0,0,3,11,0,47,2520,0,1,0,0,0,1,0,0,0,0,56,33,0,77,1,9,0.3333333333333333,1,Deal Driven Browsers,0.014577158760418703
38620.0,0,0,56,112,17,44,34,22,89,1,2,5,3,3,0,0,0,0,0,0,3,11,0,57,2573,0,0,0,1,0,0,0,0,1,0,229,140,0,78,0,11,0.0909090909090909,2,Quiet Value Regulars,0.017023608845413634
81361.0,0,0,18,163,23,424,27,65,76,1,3,10,13,1,0,0,0,0,0,0,3,11,0,33,2283,1,0,0,0,0,0,0,1,0,0,702,626,0,79,0,27,0.037037037037037,2,Quiet Value Regulars,0.14501746817302502
29440.0,1,1,95,17,8,14,10,4,3,2,1,0,4,7,0,0,0,0,0,0,3,11,0,60,2481,0,1,0,0,0,0,0,1,0,0,53,50,0,80,2,7,0.2857142857142857,1,Deal Driven Browsers,0.006297781695664023
36138.0,1,1,48,130,0,16,0,0,5,5,3,1,4,7,0,1,0,0,0,0,3,11,0,50,2507,0,1,0,0,0,0,0,0,1,0,146,141,1,81,2,13,0.3846153846153846,1,Deal Driven Browsers,0.21518360292234973
50388.0,0,1,3,292,6,37,0,3,34,4,6,1,6,7,0,1,0,1,0,0,3,11,1,63,2191,0,0,1,0,0,0,0,1,0,0,338,304,2,82,1,17,0.2352941176470588,1,Deal Driven Browsers,0.5247992210809241
79593.0,0,0,70,350,60,568,110,133,145,1,5,6,7,2,0,0,1,0,0,0,3,11,0,47,2207,0,1,0,0,0,0,0,1,0,0,1221,1076,1,83,0,19,0.0526315789473684,0,Premium Loyalists,0.06485984758168116
54178.0,0,1,79,135,9,39,4,0,7,1,2,2,5,2,0,0,0,0,0,0,3,11,0,53,2318,0,0,0,1,0,0,0,1,0,0,187,180,0,84,1,10,0.1,2,Quiet Value Regulars,0.003593008993590389
42394.0,1,0,69,15,2,10,0,1,4,1,1,0,3,7,0,0,0,0,0,0,3,11,0,48,2257,0,0,1,0,0,0,0,0,1,0,28,24,0,85,1,5,0.2,1,Deal Driven Browsers,0.01316133588633589
23626.0,1,0,84,27,2,14,0,0,0,3,3,1,3,5,0,0,0,0,0,0,3,11,0,50,2195,0,1,0,0,0,0,0,0,0,1,43,43,0,86,1,10,0.3,1,Deal Driven Browsers,0.018692459869229378
30096.0,1,0,30,5,3,11,12,5,9,1,2,0,3,6,0,0,0,0,0,0,3,11,0,37,2197,0,1,0,0,0,0,0,1,0,0,36,27,0,87,1,6,0.1666666666666666,1,Deal Driven Browsers,0.011570486479920443
47916.0,0,1,72,505,0,26,0,0,75,5,7,4,6,6,0,1,0,0,0,0,3,11,0,60,2743,0,0,0,0,1,0,0,1,0,0,531,456,1,88,1,22,0.2272727272727272,2,Quiet Value Regulars,0.16824500513941346
51813.0,1,1,37,51,2,7,0,1,2,2,2,0,3,7,0,0,0,0,0,0,3,11,0,48,2603,1,0,0,0,0,0,0,1,0,0,61,59,0,89,2,7,0.2857142857142857,1,Deal Driven Browsers,0.02484690461456351
78497.0,0,0,44,207,26,447,75,0,223,1,5,7,12,2,0,0,0,1,0,0,3,11,0,69,2369,0,1,0,0,0,1,0,0,0,0,755,532,1,90,0,25,0.04,0,Premium Loyalists,0.07697888352955093
50150.0,0,0,32,135,46,92,65,61,11,2,5,2,7,5,0,0,0,0,0,0,3,11,0,37,2533,0,1,0,0,0,0,0,0,0,1,399,388,0,91,0,16,0.125,2,Quiet Value Regulars,0.04663201316668054
47823.0,0,1,0,53,1,5,2,1,10,2,2,0,3,8,0,0,0,0,0,0,3,11,0,60,2500,0,0,1,0,0,1,0,0,0,0,62,52,0,92,1,7,0.2857142857142857,1,Deal Driven Browsers,0.19787355439321122
34554.0,0,1,43,41,1,6,2,0,5,2,2,0,3,6,0,0,0,0,0,0,3,11,0,61,2250,0,0,1,0,0,0,0,0,0,1,50,45,0,93,1,7,0.2857142857142857,1,Deal Driven Browsers,0.020420918401147646
85693.0,0,1,59,386,172,183,185,132,111,2,9,5,11,5,0,0,0,0,0,0,3,11,0,41,2594,0,0,0,1,0,0,0,1,0,0,1058,947,0,94,1,27,0.074074074074074,2,Quiet Value Regulars,0.1497501648837373
65846.0,0,0,68,562,81,276,80,40,81,1,6,3,6,4,0,0,0,0,0,0,3,11,0,75,2567,0,1,0,0,0,0,0,0,0,1,1039,958,0,95,0,16,0.0625,2,Quiet Value Regulars,0.04936827222358115
87195.0,0,0,35,217,76,690,50,26,38,1,3,11,5,1,0,0,0,0,0,0,3,11,1,61,2211,0,1,0,0,0,0,0,1,0,0,1059,1021,0,96,0,20,0.05,2,Quiet Value Regulars,0.3264087191700258
24594.0,1,0,94,1,3,6,10,0,9,1,1,0,3,5,0,0,0,0,0,0,3,11,0,41,2360,0,0,0,1,0,0,1,0,0,0,20,11,0,97,1,5,0.2,1,Deal Driven Browsers,0.005181240981240981
49096.0,1,1,15,144,1,32,2,1,7,4,4,1,4,7,0,0,0,0,0,0,3,11,0,56,2437,0,1,0,0,0,0,0,1,0,0,180,173,0,98,2,13,0.3076923076923077,1,Deal Driven Browsers,0.08229003500808531
52413.0,0,2,56,295,106,271,75,98,65,4,6,4,12,6,0,0,0,0,0,0,3,11,0,51,2671,0,1,0,0,0,0,0,1,0,0,845,780,0,99,2,26,0.1538461538461538,2,Quiet Value Regulars,0.024103619865192213
38557.0,1,0,17,76,3,31,4,4,27,2,3,1,3,7,0,0,0,0,0,0,3,11,0,42,2716,0,0,1,0,0,0,0,1,0,0,118,91,0,100,1,9,0.2222222222222222,1,Deal Driven Browsers,0.09109625907310505
89058.0,0,0,18,454,194,106,31,22,43,1,5,4,4,2,0,0,0,0,0,0,3,11,0,60,2728,0,1,0,0,0,0,0,0,1,0,807,764,0,101,0,14,0.0714285714285714,2,Quiet Value Regulars,0.19481566912912032
77298.0,0,1,46,425,115,292,23,35,79,1,6,6,11,3,0,0,0,0,0,0,3,11,0,41,2398,0,0,0,1,0,0,0,1,0,0,890,811,0,102,1,24,0.0416666666666666,2,Quiet Value Regulars,0.0043766816516816525
68126.0,0,0,40,1332,17,311,23,51,86,1,7,4,5,9,0,1,0,0,0,0,3,11,1,29,2755,0,0,1,0,0,0,0,0,0,1,1734,1648,1,103,0,17,0.0588235294117647,0,Premium Loyalists,0.5520865863951973
57288.0,0,1,27,527,0,21,0,0,60,3,8,1,8,6,0,1,0,0,0,0,3,11,0,57,2163,0,0,0,1,0,0,0,0,1,0,548,488,1,104,1,20,0.15,2,Quiet Value Regulars,0.07403734839292116
86037.0,0,0,95,490,44,125,29,20,22,1,6,7,11,3,0,1,1,0,0,0,3,11,1,29,2702,0,0,1,0,0,0,0,1,0,0,708,686,2,105,0,25,0.04,0,Premium Loyalists,0.6801211929354042
43974.0,1,0,19,378,0,101,0,0,72,5,6,4,6,7,0,0,0,0,0,0,3,11,0,40,2723,0,1,0,0,0,0,0,0,0,1,479,407,0,106,1,21,0.238095238095238,1,Deal Driven Browsers,0.12753055622690743
50785.0,1,1,27,64,1,21,0,1,27,2,2,1,3,6,0,0,0,0,0,0,3,11,0,58,2451,0,0,1,0,0,0,0,1,0,0,87,60,0,107,2,8,0.25,1,Deal Driven Browsers,0.026788220018034145
90765.0,0,0,25,547,99,812,151,82,33,0,4,6,5,1,0,0,1,1,0,0,3,11,0,50,2315,0,1,0,0,0,0,0,1,0,0,1691,1658,2,108,0,15,0.0,0,Premium Loyalists,0.30958435871110174
36550.0,1,0,74,47,90,94,123,103,120,5,9,1,5,9,0,0,0,0,0,0,3,11,0,42,2654,0,1,0,0,0,1,0,0,0,0,457,337,0,109,1,20,0.25,1,Deal Driven Browsers,0.06690904997991912
30753.0,1,1,85,12,5,25,0,9,30,2,1,1,3,5,0,0,0,0,0,0,3,11,0,53,2512,0,0,0,1,0,1,0,0,0,0,51,21,0,110,2,7,0.2857142857142857,1,Deal Driven Browsers,0.0034584859584859576
21918.0,1,0,37,1,6,7,11,5,3,2,2,0,3,6,0,0,0,0,0,0,3,11,0,51,2386,0,0,0,1,0,0,0,1,0,0,30,27,0,111,1,7,0.2857142857142857,1,Deal Driven Browsers,0.020780468315878643
56129.0,0,1,65,320,48,133,39,72,48,4,6,2,10,4,0,0,0,0,0,0,3,11,0,67,2533,0,0,0,1,0,0,0,0,1,0,612,564,0,112,1,22,0.1818181818181818,2,Quiet Value Regulars,0.0022094363083724785
32557.0,1,0,13,34,3,29,0,4,10,3,2,1,3,5,0,0,0,0,0,0,3,11,1,53,2284,0,0,1,0,0,0,0,0,1,0,70,60,0,113,1,9,0.3333333333333333,1,Deal Driven Browsers,0.1287208258250923
19510.0,2,0,63,9,0,7,3,4,7,2,1,0,3,7,0,0,0,0,0,0,3,11,0,35,2457,0,1,0,0,0,0,0,0,1,0,23,16,0,114,2,6,0.3333333333333333,1,Deal Driven Browsers,0.030203550018520386
30992.0,1,0,83,17,0,14,7,3,2,1,1,0,3,7,0,0,0,0,0,0,3,11,0,44,2592,1,0,0,0,0,0,0,1,0,0,41,39,0,115,1,5,0.2,1,Deal Driven Browsers,0.014385681861997651
101970.0,0,0,69,722,27,102,44,72,168,0,6,8,13,2,0,1,1,1,0,0,3,11,1,37,2633,0,0,1,0,0,0,0,1,0,0,967,799,3,116,0,27,0.0,0,Premium Loyalists,0.682238514133512
71488.0,0,0,87,162,33,124,40,28,172,2,3,4,7,1,0,0,0,0,0,0,3,11,0,55,2655,0,0,0,1,0,1,0,0,0,0,387,215,0,117,0,16,0.125,2,Quiet Value Regulars,0.03148527868636645
79607.0,0,0,37,450,133,951,173,0,216,1,3,6,6,1,0,0,0,0,0,0,3,11,1,36,2593,0,0,1,0,0,0,0,1,0,0,1707,1491,0,118,0,16,0.0625,2,Quiet Value Regulars,0.42689738022629997
54348.0,1,1,51,70,0,16,0,0,4,2,2,0,4,6,0,0,0,0,0,0,3,11,0,67,2180,0,1,0,0,0,0,0,0,1,0,86,82,0,119,2,8,0.25,1,Deal Driven Browsers,0.007395041878005252
77376.0,1,1,72,492,19,110,16,12,12,4,6,3,10,4,0,0,0,0,0,0,3,11,0,64,2209,0,0,0,1,0,0,0,0,0,1,649,637,0,120,2,23,0.1739130434782608,2,Quiet Value Regulars,0.009096087333718913
62998.0,0,1,10,120,58,73,65,89,58,5,5,4,5,5,0,0,0,0,0,0,3,11,0,68,2431,0,1,0,0,0,0,0,1,0,0,405,347,0,121,1,19,0.2631578947368421,2,Quiet Value Regulars,0.07949995057654281
61331.0,1,1,42,534,5,47,0,5,41,5,11,1,6,8,0,0,0,0,0,0,3,11,0,62,2635,0,0,1,0,0,0,0,0,1,0,591,550,0,122,2,23,0.217391304347826,1,Deal Driven Browsers,0.04542744712518056
73448.0,0,0,10,236,106,189,23,41,130,1,7,2,9,4,0,0,0,0,0,0,3,11,0,51,2298,0,1,0,0,0,0,0,1,0,0,595,465,0,123,0,19,0.0526315789473684,2,Quiet Value Regulars,0.08598137296220915
41551.0,1,1,51,220,0,33,3,0,23,5,5,1,5,8,0,0,0,0,0,0,3,11,0,56,2478,0,1,0,0,0,0,0,0,0,1,256,233,0,124,2,16,0.3125,1,Deal Driven Browsers,0.037387868335594335
62981.0,0,0,21,796,14,590,38,44,0,1,4,5,13,3,0,1,0,0,0,0,3,11,0,53,2628,0,0,0,1,0,0,0,0,0,1,1482,1482,1,125,0,23,0.0434782608695652,0,Premium Loyalists,0.3909338796000593
9548.0,1,0,31,0,1,3,10,6,9,2,1,0,3,8,0,0,0,0,0,0,3,11,0,44,2849,1,0,0,0,0,0,1,0,0,0,20,11,0,126,1,6,0.3333333333333333,1,Deal Driven Browsers,0.3039707054196962
33762.0,2,1,61,53,1,34,2,0,16,3,2,2,2,8,0,0,0,0,0,0,3,11,0,61,2516,0,1,0,0,0,0,0,0,0,1,90,74,0,127,3,9,0.3333333333333333,1,Deal Driven Browsers,0.020844466083192258
35860.0,1,1,37,15,0,8,4,2,20,2,1,1,2,5,1,0,0,0,0,0,3,11,1,47,2200,0,0,1,0,0,0,0,0,0,1,29,9,1,128,2,6,0.3333333333333333,1,Deal Driven Browsers,0.2851180249301966
36921.0,1,1,74,17,1,12,3,1,4,2,2,0,3,7,0,0,0,0,0,0,3,11,0,55,2495,1,0,0,0,0,0,0,0,0,1,34,30,0,129,2,7,0.2857142857142857,1,Deal Driven Browsers,0.012559755053954381
92859.0,0,0,46,962,61,921,52,61,20,1,5,4,12,2,0,0,0,0,0,0,3,11,0,28,2777,0,0,1,0,0,0,0,0,1,0,2057,2037,0,130,0,22,0.0454545454545454,2,Quiet Value Regulars,0.434396482375017
65104.0,0,1,4,738,0,232,13,20,50,2,3,5,7,7,0,0,0,0,0,0,3,11,1,44,2386,0,0,0,1,0,0,0,0,1,0,1003,953,0,131,1,17,0.1176470588235294,2,Quiet Value Regulars,0.12475407747277492
86111.0,0,0,73,399,28,756,36,40,126,1,5,7,10,2,0,0,0,0,0,0,3,11,0,58,2595,0,1,0,0,0,0,0,1,0,0,1259,1133,0,132,0,23,0.0434782608695652,2,Quiet Value Regulars,0.21618498295821825
68352.0,0,1,47,614,16,132,43,33,33,3,8,5,9,6,0,0,0,0,0,0,3,11,0,46,2464,0,0,1,0,0,0,0,0,0,1,838,805,0,133,1,25,0.12,2,Quiet Value Regulars,0.030242293530924842
41883.0,1,0,13,32,34,41,73,16,116,3,4,2,3,7,0,0,0,0,0,0,3,11,0,32,2626,0,0,0,1,0,0,0,1,0,0,196,80,0,134,1,12,0.25,1,Deal Driven Browsers,0.10883650623921019
59809.0,0,2,36,598,16,141,32,41,49,3,3,3,6,8,0,0,0,0,0,0,3,11,0,44,2778,0,1,0,0,0,0,0,1,0,0,828,779,0,135,2,15,0.2,1,Deal Driven Browsers,0.07027562460232487
23957.0,1,0,47,2,1,18,20,11,16,1,2,0,3,6,0,0,0,0,0,0,3,11,1,45,2768,0,1,0,0,0,0,0,1,0,0,52,36,0,136,1,6,0.1666666666666666,1,Deal Driven Browsers,0.23718109793741818
38547.0,1,0,49,6,1,10,0,1,4,1,1,0,2,8,0,0,0,0,0,1,3,11,0,39,2464,0,0,0,1,0,0,0,1,0,0,18,14,0,137,1,4,0.25,1,Deal Driven Browsers,0.023650983264107896
35688.0,2,1,94,73,3,90,12,1,32,7,4,1,4,8,0,0,0,0,0,0,3,11,0,47,2835,0,1,0,0,0,1,0,0,0,0,179,147,0,138,3,16,0.4375,1,Deal Driven Browsers,0.14813110243003724
49605.0,0,0,65,42,16,29,12,20,8,1,2,1,4,3,0,0,0,0,0,0,3,11,0,54,2167,0,1,0,0,0,0,0,0,1,0,119,111,0,139,0,8,0.125,2,Quiet Value Regulars,0.010465412587842135
59354.0,0,2,59,295,21,78,39,13,13,1,4,4,7,3,0,0,0,0,0,0,3,11,0,67,2225,0,1,0,0,0,0,0,0,1,0,446,433,0,140,2,16,0.0625,2,Quiet Value Regulars,0.013909746569025732
65747.0,0,1,96,346,17,48,23,13,13,4,8,1,6,6,0,1,0,0,0,0,3,11,0,51,2273,0,1,0,0,0,0,0,1,0,0,447,434,1,141,1,19,0.2105263157894736,2,Quiet Value Regulars,0.033385083917715365
46344.0,0,1,28,233,20,57,8,20,91,4,7,1,5,7,0,0,0,0,0,0,3,11,0,48,2721,0,0,0,1,0,1,0,0,0,0,338,247,0,142,1,17,0.2352941176470588,1,Deal Driven Browsers,0.051771363114010135
34176.0,1,0,12,5,7,24,19,14,20,4,3,0,4,6,0,0,0,0,0,0,3,11,0,32,2207,0,0,1,0,0,0,0,1,0,0,69,49,0,143,1,11,0.3636363636363636,1,Deal Driven Browsers,0.15592442286338562
61010.0,0,1,57,888,0,57,0,0,76,2,8,5,11,5,0,0,0,0,0,0,3,11,0,68,2787,0,0,0,1,0,0,0,0,0,1,945,869,0,144,1,26,0.0769230769230769,2,Quiet Value Regulars,0.21928982343231646
69372.0,0,0,10,997,26,269,34,13,42,1,10,4,6,4,0,1,1,0,0,0,3,11,1,71,2654,0,0,0,1,0,0,0,1,0,0,1339,1297,2,145,0,21,0.0476190476190476,0,Premium Loyalists,0.7011280789549592
49967.0,0,1,4,212,6,69,4,12,3,3,6,1,5,7,0,0,0,0,0,0,3,11,0,62,2515,0,0,1,0,0,0,0,1,0,0,303,300,0,146,1,15,0.2,1,Deal Driven Browsers,0.07695374143650664
60199.0,1,2,49,8,1,7,2,0,0,1,0,0,3,4,0,0,0,0,0,0,3,11,0,42,2449,0,0,1,0,0,0,0,1,0,0,18,18,0,147,3,4,0.25,1,Deal Driven Browsers,0.010689994670643759
55375.0,0,1,3,42,11,57,10,28,14,1,1,1,6,2,0,0,0,0,0,0,3,11,0,43,2414,0,0,0,1,0,0,0,1,0,0,148,134,0,148,1,9,0.1111111111111111,2,Quiet Value Regulars,0.12381637140453461
80317.0,0,0,64,536,11,387,149,91,57,1,3,4,10,1,0,0,0,0,0,0,3,11,0,65,2472,0,0,1,0,0,0,0,1,0,0,1174,1117,0,149,0,18,0.0555555555555555,2,Quiet Value Regulars,0.055036346415844734
30523.0,2,1,0,5,0,3,0,0,5,1,1,0,2,7,0,0,0,0,0,0,3,11,0,62,2522,0,0,1,0,0,0,0,0,1,0,8,3,0,150,3,4,0.25,1,Deal Driven Browsers,0.09419378366529405
70356.0,0,0,20,1349,16,249,43,16,33,2,10,6,9,6,0,0,0,0,0,0,3,11,0,75,2760,0,1,0,0,0,0,0,0,0,1,1673,1640,0,151,0,27,0.074074074074074,2,Quiet Value Regulars,0.2797701589107707
23228.0,1,0,91,53,3,49,7,4,5,4,3,0,4,8,0,0,0,0,0,0,3,11,0,36,2334,0,1,0,0,0,0,0,1,0,0,116,111,0,152,1,11,0.3636363636363636,1,Deal Driven Browsers,0.033157146956705505
74165.0,0,0,9,1001,12,240,16,12,12,1,5,4,10,2,0,0,0,0,0,0,3,11,0,45,2583,1,0,0,0,0,0,0,0,0,1,1281,1269,0,153,0,20,0.05,2,Quiet Value Regulars,0.2568752667782854
43482.0,2,1,83,18,1,32,6,3,28,3,2,0,4,6,0,0,0,0,0,0,3,11,0,54,2387,0,0,0,1,0,0,0,1,0,0,60,32,0,154,3,9,0.3333333333333333,1,Deal Driven Browsers,0.013002760507466385
62551.0,0,0,27,125,16,98,134,21,27,1,6,7,4,3,1,0,0,0,0,0,3,11,0,67,2382,1,0,0,0,0,0,0,1,0,0,394,367,1,155,0,18,0.0555555555555555,2,Quiet Value Regulars,0.09147441205958952
52332.0,0,0,63,212,5,33,7,0,2,1,3,2,6,4,0,1,0,0,0,0,3,11,0,61,2464,1,0,0,0,0,0,0,1,0,0,257,255,1,156,0,12,0.0833333333333333,2,Quiet Value Regulars,0.0638479291060863
66951.0,0,0,46,277,162,305,173,76,124,1,3,4,7,1,0,0,0,0,0,0,3,11,0,32,2398,0,0,1,0,0,0,0,1,0,0,993,869,0,157,0,15,0.0666666666666666,2,Quiet Value Regulars,0.025592944979543952
26091.0,1,1,84,15,10,19,8,17,20,3,2,1,3,5,0,0,0,0,0,0,3,11,0,63,2283,0,0,0,1,0,0,0,1,0,0,69,49,0,158,2,9,0.3333333333333333,1,Deal Driven Browsers,0.005336190476190477
33456.0,1,1,58,7,3,10,8,1,7,2,1,0,3,7,0,0,0,0,0,0,3,11,0,55,2228,0,0,0,1,0,0,0,1,0,0,29,22,0,159,2,6,0.3333333333333333,1,Deal Driven Browsers,0.006296039886039886
28718.0,1,0,78,12,4,6,11,8,16,2,2,0,3,8,0,0,0,0,0,0,3,11,0,38,2510,0,1,0,0,0,0,0,1,0,0,41,25,0,160,1,7,0.2857142857142857,1,Deal Driven Browsers,0.008047865664194579
50447.0,2,0,4,85,7,24,2,3,27,1,3,1,3,6,0,0,0,0,0,0,3,11,0,50,2228,0,1,0,0,0,0,0,1,0,0,121,94,0,161,2,8,0.125,1,Deal Driven Browsers,0.107753392719798
53537.0,1,1,17,81,0,6,0,0,6,2,2,1,3,5,0,0,0,0,0,0,3,11,0,61,2309,0,0,0,1,0,0,0,0,0,1,87,81,0,162,2,8,0.25,1,Deal Driven Browsers,0.024119085844533407
52074.0,0,1,77,59,0,12,0,0,48,1,2,2,2,4,1,0,0,0,0,0,3,11,0,53,2245,0,0,1,0,0,0,0,1,0,0,71,23,1,163,1,7,0.1428571428571428,1,Deal Driven Browsers,0.08623754972673382
80427.0,0,1,56,1149,71,449,69,71,26,1,11,8,8,5,0,0,0,0,0,0,3,11,0,45,2814,0,1,0,0,0,0,0,0,0,1,1809,1783,0,164,1,28,0.0357142857142857,2,Quiet Value Regulars,0.2732677462255913
83837.0,0,0,79,847,66,119,86,89,111,1,9,10,5,4,0,1,0,1,0,0,3,11,1,72,2719,0,1,0,0,0,0,0,0,0,1,1207,1096,2,165,0,25,0.04,0,Premium Loyalists,0.642357347052854
38853.0,1,1,90,29,0,14,0,0,2,2,2,0,3,7,0,0,0,0,0,0,3,11,0,50,2196,0,1,0,0,0,0,0,0,0,1,43,41,0,166,2,7,0.2857142857142857,1,Deal Driven Browsers,0.010882081252081252
38285.0,2,1,96,2,0,5,2,0,1,1,0,0,3,2,0,0,0,0,0,0,3,11,0,61,2164,0,0,0,1,0,0,0,1,0,0,9,8,0,167,3,4,0.25,1,Deal Driven Browsers,0.010165166557580353
78497.0,0,0,44,207,26,447,75,0,223,1,5,7,12,2,0,0,0,1,0,0,3,11,0,69,2369,0,1,0,0,0,1,0,0,0,0,755,532,1,168,0,25,0.04,0,Premium Loyalists,0.07697888352955093
51650.0,0,1,81,152,3,22,2,5,7,1,4,1,4,5,0,0,0,0,0,0,3,11,0,44,2208,0,1,0,0,0,0,0,0,0,1,184,177,0,169,1,10,0.1,1,Deal Driven Browsers,0.008555696874504925
16248.0,1,0,77,12,11,10,3,12,9,3,2,1,3,6,0,0,0,0,0,0,3,11,0,32,2209,0,1,0,0,0,1,0,0,0,0,48,39,0,170,1,9,0.3333333333333333,1,Deal Driven Browsers,0.02889996665965656
66835.0,0,0,21,620,26,195,34,17,141,1,6,4,13,2,0,0,0,0,0,0,3,11,0,74,2433,0,1,0,0,0,0,0,0,1,0,892,751,0,171,0,24,0.0416666666666666,2,Quiet Value Regulars,0.05799498344279142
30477.0,1,0,16,47,1,6,0,0,12,1,1,1,3,6,0,0,0,0,0,0,3,11,0,36,2317,0,1,0,0,0,0,0,0,1,0,54,42,0,172,1,6,0.1666666666666666,1,Deal Driven Browsers,0.03535725347681029
28249.0,0,0,80,1,9,7,2,14,10,1,2,0,3,6,0,0,0,0,0,0,3,11,0,59,2173,0,1,0,0,0,0,1,0,0,0,33,23,0,173,0,6,0.1666666666666666,1,Deal Driven Browsers,0.006494563423997384
25271.0,1,0,45,10,1,18,10,4,7,1,1,1,2,9,0,0,0,0,0,0,3,11,0,37,2730,0,1,0,0,0,0,0,1,0,0,43,36,0,174,1,5,0.2,1,Deal Driven Browsers,0.09839725456014134
32303.0,0,1,63,35,0,2,0,0,2,2,1,0,4,5,0,0,0,0,0,0,3,11,0,50,2272,0,0,1,0,0,0,0,0,0,1,37,35,0,175,1,7,0.2857142857142857,1,Deal Driven Browsers,0.013503041609981618
61286.0,0,1,34,356,0,107,19,9,117,2,7,1,8,5,0,0,0,0,0,0,3,11,0,54,2490,0,1,0,0,0,0,0,1,0,0,491,374,0,176,1,18,0.1111111111111111,2,Quiet Value Regulars,0.010264423899439257
74068.0,0,0,14,783,30,537,140,76,15,1,4,10,9,2,0,0,0,0,0,0,3,11,0,44,2626,0,1,0,0,0,0,0,1,0,0,1566,1551,0,177,0,24,0.0416666666666666,2,Quiet Value Regulars,0.20079391495966886
45759.0,1,1,13,42,1,18,3,0,4,2,2,0,3,7,0,0,0,0,0,0,3,11,0,56,2650,0,1,0,0,0,0,0,0,0,1,64,60,0,178,2,7,0.2857142857142857,1,Deal Driven Browsers,0.0717262258218759
24882.0,1,0,52,1,4,10,29,0,36,1,1,1,2,6,1,0,0,0,0,0,3,11,0,42,2817,0,0,0,1,0,0,1,0,0,0,44,8,1,179,1,5,0.2,1,Deal Driven Browsers,0.36655677649826895
66973.0,0,0,98,466,22,432,147,113,102,1,8,7,12,3,0,0,0,0,0,0,3,11,0,31,2567,0,0,0,1,0,0,0,0,0,1,1180,1078,0,180,0,28,0.0357142857142857,2,Quiet Value Regulars,0.0995718908414792
38872.0,1,0,93,23,3,21,3,19,22,2,3,0,3,8,0,0,0,0,0,0,3,11,0,32,2554,0,1,0,0,0,0,0,1,0,0,69,47,0,181,1,8,0.25,1,Deal Driven Browsers,0.010315669025100312
51148.0,1,1,38,235,6,45,8,9,12,4,5,1,6,6,0,0,0,0,0,0,3,11,0,47,2655,0,1,0,0,0,0,0,1,0,0,303,291,0,182,2,16,0.25,1,Deal Driven Browsers,0.013980897286213602
31353.0,1,1,24,10,0,10,3,1,7,2,1,1,2,8,0,0,0,0,0,0,3,11,0,43,2341,0,1,0,0,0,0,0,1,0,0,24,17,0,183,2,6,0.3333333333333333,1,Deal Driven Browsers,0.18148177272262245
69661.0,0,0,80,656,16,106,32,16,8,1,7,3,12,3,0,0,0,0,0,0,3,11,0,40,2206,0,1,0,0,0,0,0,0,1,0,826,818,0,184,0,23,0.0434782608695652,2,Quiet Value Regulars,0.015759471047495668
80067.0,0,0,82,519,17,813,27,173,51,1,4,6,6,2,0,0,1,0,0,0,3,11,0,66,2442,0,1,0,0,0,0,0,1,0,0,1549,1498,1,185,0,17,0.0588235294117647,0,Premium Loyalists,0.23196682545882924
86718.0,0,0,20,344,189,482,50,33,172,1,5,6,5,2,0,0,0,0,0,0,3,11,0,66,2687,0,1,0,0,0,0,0,1,0,0,1098,926,0,186,0,17,0.0588235294117647,2,Quiet Value Regulars,0.2187479592509738
46854.0,1,1,81,96,1,79,7,1,79,6,5,1,3,8,1,0,0,0,0,0,3,11,1,47,2249,0,0,1,0,0,0,0,0,0,1,184,105,1,187,2,15,0.4,1,Deal Driven Browsers,0.1922047626266671
69142.0,0,1,50,448,4,34,6,4,39,3,8,1,7,5,0,1,0,0,0,0,3,11,0,68,2159,1,0,0,0,0,0,0,1,0,0,496,457,1,188,1,19,0.1578947368421052,2,Quiet Value Regulars,0.04745785955763519
75922.0,0,0,60,265,138,553,224,23,92,1,4,4,9,1,0,0,0,0,0,0,3,11,0,52,2361,0,0,1,0,0,0,0,1,0,0,1203,1111,0,189,0,18,0.0555555555555555,2,Quiet Value Regulars,0.0576070113801921
63693.0,0,1,63,587,43,337,42,87,54,3,11,6,9,6,0,0,0,0,0,0,3,11,0,42,2417,1,0,0,0,0,0,0,1,0,0,1096,1042,0,190,1,29,0.1034482758620689,2,Quiet Value Regulars,0.03804756292259353
102160.0,0,0,54,763,29,138,76,176,58,0,7,9,10,4,0,1,1,1,0,0,3,11,1,43,2763,0,0,0,1,0,0,0,0,0,1,1182,1124,3,191,0,26,0.0,0,Premium Loyalists,0.7730844485150211
40637.0,1,1,72,22,0,13,0,0,3,2,1,0,3,7,0,0,0,0,0,0,3,11,0,55,2506,0,0,1,0,0,0,0,0,0,1,35,32,0,192,2,6,0.3333333333333333,1,Deal Driven Browsers,0.02177088115008047
18890.0,0,0,5,6,4,1,7,2,15,1,0,1,2,6,1,0,0,0,0,0,3,11,1,36,2755,0,0,1,0,0,0,0,0,1,0,20,5,1,193,0,4,0.25,1,Deal Driven Browsers,0.6104015932389137
29604.0,1,0,88,7,6,13,7,6,14,1,1,0,3,9,1,0,0,0,0,0,3,11,0,32,2362,0,0,0,1,0,0,0,1,0,0,39,25,1,194,1,5,0.2,1,Deal Driven Browsers,0.14877087756821672
48721.0,1,1,50,81,18,113,47,13,21,6,4,2,5,6,0,0,0,0,0,0,3,11,0,57,2571,1,0,0,0,0,0,0,0,1,0,272,251,0,195,2,17,0.3529411764705882,1,Deal Driven Browsers,0.04365030340030338
44794.0,0,1,99,54,0,7,0,0,4,1,2,0,3,6,0,0,0,0,0,0,3,11,0,54,2180,0,1,0,0,0,0,0,1,0,0,61,57,0,196,1,6,0.1666666666666666,1,Deal Driven Browsers,0.009756879441313404
64497.0,0,1,17,1170,48,320,42,32,192,5,11,4,9,8,1,0,0,0,0,0,3,11,1,66,2816,1,0,0,0,0,0,0,1,0,0,1612,1420,1,197,1,29,0.1724137931034483,2,Quiet Value Regulars,0.4943649807448754
46097.0,0,1,11,72,24,68,65,4,8,5,3,1,6,4,0,0,0,0,0,0,3,11,0,64,2614,0,0,0,1,0,0,0,1,0,0,233,225,0,198,1,15,0.3333333333333333,1,Deal Driven Browsers,0.15944589212403323
77972.0,0,0,18,613,22,319,33,102,12,1,4,6,9,1,0,0,0,0,0,0,3,11,0,66,2262,0,0,0,1,0,0,0,1,0,0,1089,1077,0,199,0,20,0.05,2,Quiet Value Regulars,0.11152710727618548
44377.0,1,1,70,224,0,30,0,0,10,8,5,1,5,8,0,0,0,0,0,0,3,11,0,52,2791,0,1,0,0,0,0,0,0,0,1,254,244,0,200,2,19,0.4210526315789473,1,Deal Driven Browsers,0.24088904318369572
46014.0,1,1,21,410,0,59,19,9,44,10,7,1,8,7,0,0,0,0,0,0,3,11,0,46,2683,0,0,0,1,0,0,0,0,1,0,497,453,0,201,2,26,0.3846153846153846,1,Deal Driven Browsers,0.1793060951496438
70951.0,0,0,66,239,10,554,254,87,54,1,3,4,9,1,0,0,0,0,0,0,3,11,0,35,2580,0,1,0,0,0,0,0,1,0,0,1144,1090,0,202,0,17,0.0588235294117647,2,Quiet Value Regulars,0.02869332884788664
41443.0,1,0,79,171,7,171,25,19,89,6,8,1,5,8,0,0,0,0,0,0,3,11,0,43,2248,0,1,0,0,0,0,0,1,0,0,393,304,0,203,1,20,0.3,1,Deal Driven Browsers,0.047458889021751875
52195.0,2,1,2,12,0,4,0,0,1,1,1,0,2,8,0,0,0,0,0,0,3,11,0,42,2207,0,0,1,0,0,1,0,0,0,0,16,15,0,204,3,4,0.25,1,Deal Driven Browsers,0.13732650383345996
83790.0,0,0,81,1076,16,417,42,48,16,1,8,10,6,3,0,1,1,0,0,0,3,11,0,72,2385,0,1,0,0,0,0,0,0,1,0,1599,1583,2,205,0,25,0.04,0,Premium Loyalists,0.29790276821179856
44551.0,0,1,24,182,4,33,0,0,66,2,4,1,5,7,0,0,0,0,0,0,3,11,0,66,2461,0,0,0,0,1,0,0,0,1,0,219,153,0,206,1,12,0.1666666666666666,1,Deal Driven Browsers,0.01992417377943694
69508.0,1,0,48,824,32,162,42,32,43,2,11,4,11,6,0,0,0,0,0,0,3,11,0,40,2751,0,0,0,1,0,0,0,1,0,0,1092,1049,0,207,1,28,0.0714285714285714,2,Quiet Value Regulars,0.04715444277944277
45204.0,1,0,93,30,11,25,29,1,18,1,1,1,4,3,0,0,0,0,0,0,3,11,0,32,2238,0,0,0,1,0,1,0,0,0,0,96,78,0,208,1,7,0.1428571428571428,1,Deal Driven Browsers,0.014246891996891999
72460.0,0,0,56,377,10,540,80,30,10,1,3,5,7,1,0,0,0,0,0,0,3,11,0,51,2386,0,1,0,0,0,0,0,1,0,0,1037,1027,0,209,0,16,0.0625,2,Quiet Value Regulars,0.01685316047652632
77622.0,0,2,3,520,7,154,19,0,14,2,6,3,11,3,0,0,0,0,0,0,3,11,0,50,2235,0,0,0,1,0,0,0,0,0,1,700,686,0,210,2,22,0.0909090909090909,2,Quiet Value Regulars,0.12705499416849367
30732.0,1,0,44,155,1,25,0,1,3,4,4,1,4,8,0,0,0,0,0,0,3,11,0,40,2699,0,1,0,0,0,0,0,0,0,1,182,179,0,211,1,13,0.3076923076923077,1,Deal Driven Browsers,0.05932152972022275
63887.0,0,1,38,897,23,207,15,11,92,5,9,6,12,6,0,0,0,0,0,0,3,11,0,58,2818,1,0,0,0,0,0,0,1,0,0,1153,1061,0,212,1,32,0.15625,2,Quiet Value Regulars,0.11562614835546595
42011.0,1,0,46,131,0,16,2,1,39,4,3,1,4,8,0,0,0,0,0,0,3,11,0,42,2619,0,0,0,1,0,0,0,1,0,0,150,111,0,213,1,12,0.3333333333333333,1,Deal Driven Browsers,0.041320897554912195
51369.0,0,1,84,297,7,79,0,11,182,2,8,2,4,8,0,0,0,0,0,0,3,11,0,44,2771,0,0,0,1,0,0,0,1,0,0,394,212,0,214,1,16,0.125,1,Deal Driven Browsers,0.04501679402801443
51537.0,0,1,27,787,20,204,0,0,92,3,2,2,11,8,0,0,0,0,0,0,3,11,0,68,2726,1,0,0,0,0,0,0,1,0,0,1011,919,0,215,1,18,0.1666666666666666,2,Quiet Value Regulars,0.06106310610442184
79930.0,0,0,72,792,86,740,67,51,17,1,3,5,8,2,0,0,0,0,0,0,3,11,0,48,2849,0,1,0,0,0,0,0,0,0,1,1736,1719,0,216,0,17,0.0588235294117647,2,Quiet Value Regulars,0.2930955462948493
34320.0,1,0,66,4,1,9,3,0,0,1,1,0,2,8,0,0,0,0,0,0,3,11,0,34,2292,0,0,0,1,0,0,0,0,0,1,17,17,0,217,1,4,0.25,1,Deal Driven Browsers,0.016966504449222323
37070.0,1,1,30,231,7,137,4,15,39,9,5,1,8,7,0,0,0,0,0,0,3,11,1,54,2625,0,0,1,0,0,0,0,1,0,0,394,355,0,218,2,23,0.391304347826087,1,Deal Driven Browsers,0.2956657111593822
81975.0,0,1,2,983,76,184,180,138,27,1,6,3,4,7,0,0,1,0,0,0,3,11,0,58,2699,1,0,0,0,0,1,0,0,0,0,1561,1534,1,219,1,14,0.0714285714285714,0,Premium Loyalists,0.6668928855976511
38590.0,1,0,65,3,1,8,4,3,3,1,1,0,2,8,0,0,0,0,0,0,3,11,0,49,2569,0,0,0,1,0,0,0,1,0,0,19,16,0,220,1,4,0.25,1,Deal Driven Browsers,0.028319600845094293
15033.0,0,0,37,0,4,5,6,0,4,1,1,0,3,3,0,0,0,0,0,0,3,11,0,69,2233,0,0,1,0,0,0,0,1,0,0,15,11,0,221,0,5,0.2,1,Deal Driven Browsers,0.03199319038636208
62745.0,0,1,89,562,21,464,28,10,32,3,7,8,11,5,0,0,0,0,0,0,3,11,0,55,2622,0,1,0,0,0,0,0,0,0,1,1085,1053,0,222,1,29,0.1034482758620689,2,Quiet Value Regulars,0.1368953939214933
22212.0,1,0,49,5,9,20,6,8,21,2,2,0,4,6,0,0,0,0,0,0,3,11,0,45,2361,0,1,0,0,0,1,0,0,0,0,48,27,0,223,1,8,0.25,1,Deal Driven Browsers,0.014001235085669046
23661.0,1,0,46,18,0,4,0,0,1,1,1,0,3,7,0,0,0,0,0,0,3,11,0,38,2366,0,0,0,1,0,0,0,0,1,0,22,21,0,224,1,5,0.2,1,Deal Driven Browsers,0.0066038683538683545
79761.0,0,1,32,415,5,124,15,35,11,1,5,2,11,3,0,0,0,0,0,0,3,11,0,62,2427,0,0,1,0,0,0,0,0,0,1,594,583,0,225,1,19,0.0526315789473684,2,Quiet Value Regulars,0.06901171820542623
7500.0,1,0,54,5,3,10,12,7,20,4,3,1,3,7,0,0,0,0,0,0,3,11,0,47,2344,0,0,1,0,0,0,0,1,0,0,37,17,0,226,1,11,0.3636363636363636,1,Deal Driven Browsers,0.039181257411721855
73455.0,0,0,98,901,61,757,186,163,20,1,6,5,10,3,0,1,0,0,0,0,3,11,0,52,2403,0,0,0,0,1,0,0,1,0,0,2068,2048,1,227,0,22,0.0454545454545454,0,Premium Loyalists,0.2495614991299628
64961.0,0,1,97,382,114,276,75,124,38,2,6,4,4,3,0,0,0,0,0,0,3,11,0,62,2712,0,0,0,1,0,0,0,1,0,0,971,933,0,228,1,16,0.125,2,Quiet Value Regulars,0.03736763657268234
22804.0,1,0,75,14,1,7,2,1,1,1,2,0,2,9,0,0,0,0,0,0,3,11,0,49,2492,0,0,1,0,0,0,0,1,0,0,25,24,0,229,1,5,0.2,1,Deal Driven Browsers,0.05636780553928467
73687.0,0,0,8,559,153,503,218,13,181,1,3,9,9,2,0,0,0,1,0,0,3,11,1,30,2372,0,1,0,0,0,0,0,1,0,0,1446,1265,1,230,0,22,0.0454545454545454,0,Premium Loyalists,0.6380370679596252
61074.0,0,1,37,789,0,133,0,28,152,7,11,5,8,7,0,0,0,0,0,0,3,11,0,62,2840,0,1,0,0,0,0,0,1,0,0,950,798,0,231,1,31,0.2258064516129032,2,Quiet Value Regulars,0.10582044639400097
31686.0,1,1,31,11,0,5,0,0,1,2,1,0,3,6,0,0,0,0,0,0,3,11,0,56,2183,0,1,0,0,0,0,0,0,0,1,16,15,0,232,2,6,0.3333333333333333,1,Deal Driven Browsers,0.04371427764551495
80134.0,1,0,40,1218,16,272,104,0,80,2,5,3,6,6,0,1,1,1,0,0,3,11,1,48,2564,0,1,0,0,0,0,0,1,0,0,1610,1530,3,233,1,16,0.125,0,Premium Loyalists,0.6900865817800457
75027.0,0,1,74,925,64,179,133,12,77,2,9,4,6,5,0,0,0,0,0,0,3,11,0,67,2695,0,1,0,0,0,0,0,1,0,0,1313,1236,0,234,1,21,0.0952380952380952,2,Quiet Value Regulars,0.04670404964832207
67546.0,0,0,90,864,134,768,150,38,172,1,4,10,5,3,0,0,0,0,0,0,3,11,0,32,2826,0,1,0,0,0,0,0,0,0,1,1954,1782,0,235,0,20,0.05,2,Quiet Value Regulars,0.36199821593610537
65176.0,0,1,57,960,28,183,220,70,70,4,9,6,6,6,0,0,0,0,0,0,3,11,0,51,2767,0,0,0,1,0,0,0,0,1,0,1461,1391,0,236,1,25,0.16,2,Quiet Value Regulars,0.13786375904298118
31160.0,1,0,59,16,3,25,6,1,13,2,2,0,3,8,0,0,0,0,0,0,3,11,0,45,2445,0,0,1,0,0,0,0,0,1,0,51,38,0,237,1,7,0.2857142857142857,1,Deal Driven Browsers,0.03483684986293297
29938.0,1,0,52,3,3,7,0,2,11,2,1,0,3,6,0,0,0,0,0,0,3,11,0,35,2404,0,0,1,0,0,0,0,1,0,0,15,4,0,238,1,6,0.3333333333333333,1,Deal Driven Browsers,0.025440913983050047
102692.0,0,0,5,168,148,444,32,172,148,1,6,9,13,2,0,1,1,1,1,0,3,11,1,46,2609,1,0,0,0,0,0,0,1,0,0,964,816,4,239,0,29,0.0344827586206896,0,Premium Loyalists,0.7138149567536364
26490.0,0,0,92,45,47,52,21,20,25,2,3,1,5,6,0,0,0,0,0,0,3,11,0,62,2804,0,0,0,1,0,1,0,0,0,0,185,160,0,240,0,11,0.1818181818181818,1,Deal Driven Browsers,0.08371956712689824
75702.0,1,1,77,650,28,353,45,42,30,5,4,6,11,8,0,0,0,0,0,0,3,11,0,53,2828,0,0,0,1,0,0,0,1,0,0,1118,1088,0,241,2,26,0.1923076923076923,2,Quiet Value Regulars,0.09700343155741141
30899.0,1,0,35,24,0,8,0,0,1,2,1,0,3,6,0,0,0,0,0,0,3,11,0,46,2783,0,0,1,0,0,0,0,0,0,1,32,31,0,242,1,6,0.3333333333333333,1,Deal Driven Browsers,0.2570501282343812
63342.0,0,1,48,918,21,118,13,10,21,3,8,3,5,6,0,1,0,0,0,0,3,11,0,59,2780,0,0,0,1,0,0,0,0,0,1,1080,1059,1,243,1,19,0.1578947368421052,2,Quiet Value Regulars,0.44176173523995677
45989.0,0,1,97,138,33,87,28,24,12,4,3,2,7,3,0,0,0,0,0,0,3,11,0,56,2774,0,0,1,0,0,0,0,1,0,0,310,298,0,244,1,16,0.25,1,Deal Driven Browsers,0.10428135290064178
18701.0,1,1,95,12,4,2,10,6,10,4,2,0,4,5,0,0,0,0,0,0,3,11,0,56,2549,0,0,1,0,0,0,0,1,0,0,34,24,0,245,2,10,0.4,1,Deal Driven Browsers,0.026578755711568137
40737.0,2,1,24,11,0,4,0,0,2,1,1,0,2,8,0,0,0,0,0,0,3,11,0,63,2362,0,0,1,0,0,0,0,0,0,1,15,13,0,246,3,4,0.25,1,Deal Driven Browsers,0.06776620448415158
15287.0,1,0,60,1,2,8,4,3,13,2,1,1,2,7,1,0,0,0,0,0,3,11,1,41,2786,1,0,0,0,0,0,0,1,0,0,18,5,1,247,1,6,0.3333333333333333,1,Deal Driven Browsers,0.5884839890889485
69674.0,0,2,46,554,41,215,11,0,24,3,10,2,10,5,0,0,0,0,0,0,3,11,0,52,2562,1,0,0,0,0,0,0,0,0,1,821,797,0,248,2,25,0.12,2,Quiet Value Regulars,0.03560730955424418
44159.0,1,0,85,167,2,62,24,13,7,4,4,1,6,5,0,0,0,0,0,0,3,11,0,50,2171,0,1,0,0,0,0,0,0,1,0,268,261,0,249,1,15,0.2666666666666666,1,Deal Driven Browsers,0.008202147964213508
37717.0,1,0,31,9,0,6,4,1,5,1,1,0,2,9,0,0,0,0,0,0,3,11,0,42,2742,0,1,0,0,0,0,0,0,0,1,20,15,0,250,1,4,0.25,1,Deal Driven Browsers,0.08049369777646549
43776.0,1,1,9,177,2,71,3,2,20,6,5,2,4,8,0,0,0,0,0,0,3,11,1,68,2670,0,0,0,1,0,0,0,0,1,0,255,235,0,251,2,17,0.3529411764705882,1,Deal Driven Browsers,0.3422251375745727
38179.0,1,1,30,38,4,22,4,2,20,4,3,1,3,7,0,0,0,0,0,0,3,11,0,54,2631,0,1,0,0,0,0,0,0,1,0,70,50,0,252,2,11,0.3636363636363636,1,Deal Driven Browsers,0.0804512774237417
80124.0,0,0,47,483,84,398,205,84,241,1,3,7,8,1,1,0,0,0,0,0,3,11,0,57,2162,0,1,0,0,0,0,0,1,0,0,1254,1013,1,253,0,19,0.0526315789473684,0,Premium Loyalists,0.0529054021642721
38097.0,1,1,70,77,2,35,0,1,69,4,3,2,2,7,1,0,0,0,0,0,3,11,1,50,2781,0,1,0,0,0,0,0,0,0,1,115,46,1,254,2,11,0.3636363636363636,1,Deal Driven Browsers,0.48234744102723687
72940.0,0,0,13,182,74,298,162,149,116,1,3,3,6,1,0,0,0,0,0,0,3,11,0,50,2534,0,1,0,0,0,0,0,1,0,0,865,749,0,255,0,13,0.0769230769230769,2,Quiet Value Regulars,0.061263342800112794
22070.0,1,0,11,10,7,19,8,2,21,2,2,2,2,6,0,0,0,0,0,0,3,11,0,50,2427,0,0,0,1,0,0,0,1,0,0,46,25,0,256,1,8,0.25,1,Deal Driven Browsers,0.1193601917413623
69267.0,0,0,31,778,44,499,95,73,146,2,3,4,5,7,0,0,0,0,0,0,3,11,1,67,2804,0,0,1,0,0,0,0,1,0,0,1489,1343,0,257,0,14,0.1428571428571428,2,Quiet Value Regulars,0.43921400916981773
31788.0,1,0,15,16,7,23,0,8,6,3,3,0,4,5,0,0,0,0,0,1,3,11,0,37,2260,0,0,1,0,0,0,0,0,1,0,54,48,0,258,1,10,0.3,1,Deal Driven Browsers,0.11762536918429702
61905.0,0,1,2,167,0,43,6,2,13,2,4,2,4,5,0,0,0,0,0,0,3,11,0,45,2304,0,0,0,1,0,0,0,0,0,1,218,205,0,259,1,12,0.1666666666666666,1,Deal Driven Browsers,0.13923963163860872
29315.0,1,1,55,13,2,14,8,7,4,4,2,0,4,6,0,0,0,0,0,0,3,11,0,60,2243,0,1,0,0,0,0,0,1,0,0,44,40,0,260,2,10,0.4,1,Deal Driven Browsers,0.016630623538949493
33378.0,1,1,38,33,6,40,3,7,10,3,2,0,4,7,0,0,0,0,0,0,3,11,0,57,2667,1,0,0,0,0,0,0,1,0,0,89,79,0,261,2,9,0.3333333333333333,1,Deal Driven Browsers,0.03567209363907529
66313.0,0,1,86,625,7,99,10,22,7,2,6,3,12,4,0,0,0,0,0,0,3,11,0,57,2445,0,0,0,1,0,0,0,0,0,1,763,756,0,262,1,23,0.0869565217391304,2,Quiet Value Regulars,0.009354963924963926
60714.0,0,0,56,216,162,224,101,92,162,2,7,4,10,5,0,0,0,0,0,0,3,11,1,64,2687,0,0,1,0,0,0,0,1,0,0,795,633,0,263,0,23,0.0869565217391304,2,Quiet Value Regulars,0.0844026071231563
77882.0,0,0,29,68,129,396,188,22,15,1,3,3,5,1,0,0,0,0,0,0,3,11,0,39,2219,0,0,0,1,0,0,0,0,1,0,803,788,0,264,0,12,0.0833333333333333,2,Quiet Value Regulars,0.023774829388150454
69867.0,0,0,30,196,0,512,33,130,54,1,3,5,8,1,0,0,0,1,0,0,3,11,1,34,2612,0,0,1,0,0,0,0,0,0,1,871,817,1,265,0,17,0.0588235294117647,0,Premium Loyalists,0.3531970536460069
63841.0,0,1,64,635,15,100,20,7,131,1,9,3,9,6,0,0,0,0,0,0,3,11,0,52,2593,1,0,0,0,0,0,0,0,1,0,777,646,0,266,1,22,0.0454545454545454,2,Quiet Value Regulars,0.022393702075358422
24480.0,1,0,46,4,19,9,28,25,17,3,3,0,4,7,0,0,0,0,0,0,3,11,0,39,2662,0,1,0,0,0,0,1,0,0,0,85,68,0,267,1,10,0.3,1,Deal Driven Browsers,0.036865956706163244
51369.0,0,1,84,297,7,79,0,11,182,2,8,2,4,8,0,0,0,0,0,0,3,11,0,44,2771,0,0,0,1,0,0,0,1,0,0,394,212,0,268,1,16,0.125,1,Deal Driven Browsers,0.04501679402801443
37760.0,0,0,20,84,5,38,150,12,28,2,4,1,6,7,0,0,0,0,0,0,3,11,0,74,2826,0,0,0,1,0,0,0,1,0,0,289,261,0,269,0,13,0.1538461538461538,1,Deal Driven Browsers,0.14956216596269242
65640.0,0,1,74,204,7,149,20,15,66,1,5,1,8,2,0,0,0,0,0,0,3,11,0,46,2279,0,0,0,1,0,0,0,0,0,1,395,329,0,270,1,15,0.0666666666666666,2,Quiet Value Regulars,0.0032201956957770912
44319.0,1,1,18,26,0,8,0,0,3,2,2,0,3,5,0,0,0,0,0,0,3,11,0,45,2232,0,1,0,0,0,0,0,0,1,0,34,31,0,271,2,7,0.2857142857142857,1,Deal Driven Browsers,0.0325743434645659
30631.0,1,0,75,15,6,20,4,5,20,1,3,1,2,7,0,0,0,0,0,0,3,11,0,46,2511,0,1,0,0,0,0,0,1,0,0,50,30,0,272,1,7,0.1428571428571428,1,Deal Driven Browsers,0.021864573054889362
75278.0,0,0,17,304,98,230,150,74,74,1,6,3,13,3,0,0,0,0,0,0,3,11,0,68,2675,0,0,0,1,0,0,0,1,0,0,856,782,0,273,0,23,0.0434782608695652,2,Quiet Value Regulars,0.11719992453774063
50898.0,1,1,88,285,28,242,55,114,135,13,6,2,12,5,0,0,0,0,0,0,3,11,0,64,2696,0,0,0,1,0,0,0,0,1,0,724,589,0,274,2,33,0.3939393939393939,2,Quiet Value Regulars,0.07513678731429883
79946.0,0,0,19,395,183,565,166,141,28,1,5,11,5,3,0,0,0,0,0,0,3,11,0,54,2207,0,0,0,0,1,0,0,1,0,0,1450,1422,0,275,0,22,0.0454545454545454,2,Quiet Value Regulars,0.1903856613115128
35416.0,0,0,62,248,3,81,4,3,51,3,7,1,5,8,0,0,0,0,0,0,3,11,0,71,2540,1,0,0,0,0,0,0,0,1,0,339,288,0,276,0,16,0.1875,1,Deal Driven Browsers,0.05816725441225437
32414.0,0,0,11,20,6,5,0,9,12,1,1,0,3,7,1,0,0,0,0,0,3,11,0,36,2519,0,0,0,1,0,1,0,0,0,0,40,28,1,277,0,5,0.2,1,Deal Driven Browsers,0.4087716264169246
38361.0,1,0,74,39,0,56,20,8,14,3,3,1,3,7,0,0,0,0,0,0,3,11,0,51,2343,0,0,0,1,0,0,0,1,0,0,123,109,0,278,1,10,0.3,1,Deal Driven Browsers,0.02396810548987961
82497.0,0,0,32,777,129,573,216,21,203,1,2,7,9,4,0,0,1,0,0,0,3,11,0,40,2765,0,1,0,0,0,0,0,1,0,0,1716,1513,1,279,0,19,0.0526315789473684,0,Premium Loyalists,0.40978703540180617
16626.0,2,0,76,8,3,22,21,1,13,3,3,0,3,9,0,0,0,0,0,0,3,11,0,49,2324,0,0,0,1,0,0,0,1,0,0,55,42,0,280,2,9,0.3333333333333333,1,Deal Driven Browsers,0.0847301319282414
29672.0,1,1,6,9,1,3,0,4,8,1,0,0,3,6,0,0,0,0,0,0,3,11,0,55,2633,0,0,0,1,0,0,0,1,0,0,17,9,0,281,2,4,0.25,1,Deal Driven Browsers,0.059455707330518276
55951.0,0,1,62,1241,0,80,0,13,40,3,3,6,11,8,0,1,0,0,1,0,3,11,0,68,2834,0,0,0,1,0,0,0,0,1,0,1334,1294,2,282,1,23,0.1304347826086956,0,Premium Loyalists,0.41558351115576536
35388.0,1,0,20,6,4,7,4,3,8,1,1,0,3,7,0,0,0,0,0,0,3,11,0,32,2638,1,0,0,0,0,1,0,0,0,0,24,16,0,283,1,5,0.2,1,Deal Driven Browsers,0.0627669333017159
42386.0,1,0,43,65,4,16,0,4,11,1,3,0,3,8,0,0,0,0,0,0,3,11,0,34,2691,0,0,0,1,0,0,0,0,1,0,89,78,0,284,1,7,0.1428571428571428,1,Deal Driven Browsers,0.058106245890475756
68627.0,0,0,45,395,15,263,60,54,38,1,2,3,6,1,0,0,0,0,0,0,3,11,0,38,2692,0,0,1,0,0,0,0,1,0,0,787,749,0,285,0,12,0.0833333333333333,2,Quiet Value Regulars,0.06673700927861546
57912.0,0,1,34,801,0,80,0,0,35,5,8,3,12,5,0,1,0,0,0,0,3,11,0,55,2263,1,0,0,0,0,0,0,0,0,1,881,846,1,286,1,28,0.1785714285714285,2,Quiet Value Regulars,0.09275235106712477
35246.0,1,1,53,36,0,12,2,2,10,4,3,1,3,5,0,0,0,0,0,0,3,11,0,62,2233,1,0,0,0,0,0,0,1,0,0,52,42,0,287,2,11,0.3636363636363636,1,Deal Driven Browsers,0.020238939520965497
58821.0,0,1,44,513,14,154,19,0,28,1,9,2,9,6,0,0,0,0,0,0,3,11,0,64,2419,0,0,0,1,0,1,0,0,0,0,700,672,0,288,1,21,0.0476190476190476,2,Quiet Value Regulars,0.01564293484293484
46377.0,1,0,89,37,0,46,4,3,0,1,2,1,3,4,0,0,0,0,0,0,3,11,0,42,2279,0,1,0,0,0,0,0,0,0,1,90,90,0,289,1,7,0.1428571428571428,1,Deal Driven Browsers,0.0033165625224448755
39747.0,1,0,43,80,15,93,20,13,52,3,5,1,4,8,0,0,0,0,0,0,3,11,0,32,2236,0,0,1,0,0,0,0,1,0,0,221,169,0,290,1,13,0.2307692307692307,1,Deal Driven Browsers,0.03552427847736078
23976.0,1,0,68,14,1,21,2,3,25,3,3,1,3,7,0,0,0,0,0,0,3,11,0,36,2343,0,0,0,1,0,0,0,1,0,0,41,16,0,291,1,10,0.3,1,Deal Driven Browsers,0.03271577499895102
80950.0,0,0,44,525,147,112,219,147,63,1,6,7,9,2,0,0,0,1,0,0,3,11,0,59,2617,0,1,0,0,0,0,0,0,1,0,1150,1087,1,292,0,23,0.0434782608695652,0,Premium Loyalists,0.16276040161572145
27038.0,0,0,64,1,26,25,17,23,15,1,3,0,3,9,0,0,0,0,0,0,3,11,1,54,2808,0,0,0,0,1,0,0,1,0,0,92,77,0,293,0,7,0.1428571428571428,1,Deal Driven Browsers,0.3812198076025939
77457.0,0,0,85,675,11,400,15,45,11,1,2,5,10,1,0,0,1,0,0,0,3,11,0,73,2275,0,0,1,0,0,0,0,1,0,0,1146,1135,1,294,0,18,0.0555555555555555,0,Premium Loyalists,0.1328358553042565
64100.0,0,1,93,509,0,27,0,0,10,1,8,3,6,7,0,1,0,0,0,0,3,11,0,56,2451,0,1,0,0,0,0,0,0,1,0,536,526,1,295,1,18,0.0555555555555555,2,Quiet Value Regulars,0.06782457605035754
42670.0,0,0,12,154,2,46,20,4,15,1,4,2,4,4,0,0,0,0,0,0,3,11,0,28,2587,0,0,0,1,0,0,0,0,1,0,226,211,0,296,0,11,0.0909090909090909,2,Quiet Value Regulars,0.15707679594177062
12571.0,1,0,86,3,5,14,2,12,17,4,3,1,3,6,0,0,0,0,0,0,3,11,0,44,2321,1,0,0,0,0,0,0,1,0,0,36,19,0,297,1,11,0.3636363636363636,1,Deal Driven Browsers,0.0383111879930662
22574.0,2,1,28,25,0,8,2,0,2,2,2,0,3,7,0,0,0,0,0,0,3,11,0,53,2403,0,1,0,0,0,0,0,1,0,0,35,33,0,298,3,7,0.2857142857142857,1,Deal Driven Browsers,0.01623999211032965
70893.0,0,0,42,768,44,561,77,44,14,1,6,6,10,3,0,0,0,0,0,0,3,11,0,44,2667,0,0,1,0,0,0,0,0,1,0,1494,1480,0,299,0,23,0.0434782608695652,2,Quiet Value Regulars,0.1515263275302886
54198.0,1,1,13,185,0,28,3,2,17,6,3,1,6,4,0,0,0,0,0,0,3,11,0,54,2353,0,1,0,0,0,0,0,1,0,0,218,201,0,300,2,16,0.375,1,Deal Driven Browsers,0.12665855372633733
28839.0,1,1,86,24,0,7,0,0,1,2,2,0,3,5,0,0,0,0,0,0,3,11,0,64,2269,0,0,0,1,0,0,0,0,1,0,31,30,0,301,2,7,0.2857142857142857,1,Deal Driven Browsers,0.005833381433381433
40321.0,1,1,59,44,4,21,6,0,27,2,3,0,3,7,0,0,0,0,0,0,3,11,0,48,2494,0,1,0,0,0,0,0,1,0,0,75,48,0,302,2,8,0.25,1,Deal Driven Browsers,0.00330241602253865
66503.0,1,0,30,91,64,128,65,3,50,2,4,3,6,3,0,0,0,0,0,0,3,11,0,35,2843,0,0,1,0,0,0,0,1,0,0,351,301,0,303,1,15,0.1333333333333333,2,Quiet Value Regulars,0.13949605866819662
30833.0,1,1,33,11,0,7,3,1,6,2,1,0,3,5,0,0,0,0,0,0,3,11,0,69,2507,0,1,0,0,0,0,0,1,0,0,22,16,0,304,2,6,0.3333333333333333,1,Deal Driven Browsers,0.041600296525318714
64795.0,0,1,23,412,5,119,38,29,77,3,3,3,12,2,0,0,0,0,0,0,3,11,0,49,2687,0,1,0,0,0,0,0,1,0,0,603,526,0,305,1,21,0.1428571428571428,2,Quiet Value Regulars,0.04109340494421468
34421.0,1,0,81,3,3,7,6,2,9,1,1,0,2,7,0,0,0,0,0,0,3,11,0,46,2522,0,1,0,0,0,0,0,1,0,0,21,12,0,306,1,4,0.25,1,Deal Driven Browsers,0.013005933767936188
47025.0,1,1,6,16,0,3,0,0,1,1,1,0,2,7,0,0,0,0,0,0,3,11,0,55,2299,1,0,0,0,0,0,0,0,0,1,19,18,0,307,2,4,0.25,1,Deal Driven Browsers,0.055836224781822735
64325.0,0,1,41,731,60,353,78,12,73,5,10,3,5,7,0,0,0,0,0,0,3,11,0,59,2666,1,0,0,0,0,0,0,0,0,1,1234,1161,0,308,1,23,0.217391304347826,2,Quiet Value Regulars,0.17766974111992662
40464.0,0,1,78,424,17,118,7,23,41,6,8,2,8,8,0,0,0,0,0,0,3,11,0,67,2693,0,0,1,0,0,0,0,1,0,0,589,548,0,309,1,24,0.25,1,Deal Driven Browsers,0.08369009295027871
62187.0,0,0,49,792,0,275,45,45,126,1,4,8,5,3,0,0,0,0,0,0,3,11,0,63,2518,0,1,0,0,0,0,0,1,0,0,1157,1031,0,310,0,18,0.0555555555555555,2,Quiet Value Regulars,0.04256776821975501
14849.0,1,0,39,21,2,28,3,2,9,3,2,0,4,8,0,0,0,0,0,0,3,11,0,44,2521,1,0,0,0,0,0,0,0,0,1,56,47,0,311,1,9,0.3333333333333333,1,Deal Driven Browsers,0.06670616897919109
27255.0,1,0,3,22,1,11,0,1,2,1,1,0,3,7,0,0,0,0,0,0,3,11,0,36,2393,0,1,0,0,0,0,0,1,0,0,35,33,0,312,1,5,0.2,1,Deal Driven Browsers,0.0996225224592256
54432.0,2,1,37,33,0,5,0,0,0,1,1,0,3,4,0,0,0,0,0,0,3,11,0,70,2575,0,1,0,0,0,0,0,0,0,1,38,38,0,313,3,5,0.2,1,Deal Driven Browsers,0.01588227272727272
29999.0,1,0,22,68,7,59,10,5,11,4,3,1,4,8,0,0,0,0,0,0,3,11,0,34,2660,0,0,1,0,0,0,0,0,0,1,149,138,0,314,1,12,0.3333333333333333,1,Deal Driven Browsers,0.2492845136006019
24072.0,1,0,79,9,1,6,3,0,4,1,1,0,2,8,0,0,0,0,0,0,3,11,0,37,2598,0,0,1,0,0,0,0,1,0,0,19,15,0,315,1,4,0.25,1,Deal Driven Browsers,0.030488735611311595
33996.0,0,0,46,40,2,15,8,0,6,1,1,1,3,4,0,0,0,0,0,0,3,11,0,31,2450,0,0,1,0,0,0,0,0,0,1,65,59,0,316,0,6,0.1666666666666666,1,Deal Driven Browsers,0.04218361837083062
66334.0,0,1,82,909,11,218,0,0,23,2,9,3,5,5,0,0,0,0,0,0,3,11,1,64,2611,0,1,0,0,0,0,0,0,0,1,1138,1115,0,317,1,19,0.1052631578947368,2,Quiet Value Regulars,0.22492207639171669
35178.0,1,0,10,23,1,13,2,2,18,1,1,1,2,7,1,0,0,0,0,0,3,11,1,49,2694,0,1,0,0,0,0,0,0,1,0,41,23,1,318,1,5,0.2,1,Deal Driven Browsers,0.586416355516739
22010.0,1,0,51,11,2,9,3,0,8,2,2,0,3,8,0,0,0,0,0,0,3,11,0,37,2523,0,0,0,1,0,0,0,1,0,0,25,17,0,319,1,7,0.2857142857142857,1,Deal Driven Browsers,0.020050656491273463
62204.0,0,2,38,317,46,247,151,46,139,1,4,5,12,3,0,0,0,0,0,0,3,11,0,60,2814,1,0,0,0,0,0,0,1,0,0,807,668,0,320,2,22,0.0454545454545454,2,Quiet Value Regulars,0.10612618433300894
75693.0,0,0,10,797,153,293,72,97,30,1,11,4,6,4,0,1,1,1,0,0,3,11,1,52,2729,1,0,0,0,0,0,0,1,0,0,1412,1382,3,321,0,22,0.0454545454545454,0,Premium Loyalists,0.8432549960697712
30675.0,1,0,14,10,2,16,11,2,21,1,1,0,3,8,0,0,0,0,0,0,3,11,0,48,2753,0,1,0,0,0,0,0,1,0,0,41,20,0,322,1,5,0.2,1,Deal Driven Browsers,0.13243414298366107
83003.0,0,0,18,856,61,570,40,25,122,1,7,6,8,3,0,0,1,0,0,0,3,11,1,55,2642,0,0,0,1,0,0,0,1,0,0,1552,1430,1,323,0,22,0.0454545454545454,0,Premium Loyalists,0.6560102643338637
68655.0,0,0,95,456,19,832,75,118,38,1,4,5,11,3,0,0,0,0,0,0,3,11,0,32,2847,0,0,1,0,0,0,0,1,0,0,1500,1462,0,324,0,21,0.0476190476190476,2,Quiet Value Regulars,0.18128555852396563
41411.0,0,0,11,37,32,38,11,3,18,1,2,1,4,6,0,0,0,0,0,0,3,11,0,34,2363,1,0,0,0,0,0,0,1,0,0,121,103,0,325,0,8,0.125,1,Deal Driven Browsers,0.13405432197878556
55212.0,0,1,65,1103,0,45,0,0,34,3,4,2,11,8,0,1,0,0,1,0,3,11,0,51,2742,0,1,0,0,0,0,0,0,0,1,1148,1114,2,326,1,20,0.15,0,Premium Loyalists,0.515797339743296
59292.0,0,1,71,378,14,68,19,14,14,2,3,5,8,3,0,0,0,0,0,0,3,11,0,70,2540,0,0,0,1,0,0,0,0,0,1,493,479,0,327,1,18,0.1111111111111111,2,Quiet Value Regulars,0.005558875568875569
27190.0,1,0,13,1,6,7,0,1,3,1,1,0,2,8,1,0,0,0,0,0,3,11,1,47,2477,0,0,0,1,0,0,1,0,0,0,15,12,1,328,1,4,0.25,1,Deal Driven Browsers,0.5203368890304381
82623.0,0,0,58,204,34,204,172,153,173,1,2,9,4,1,0,0,0,0,0,0,3,11,0,68,2390,1,0,0,0,0,0,0,1,0,0,767,594,0,329,0,16,0.0625,2,Quiet Value Regulars,0.09296992494073833
44300.0,1,1,65,30,0,9,0,0,3,2,1,0,3,6,0,0,0,0,0,0,3,11,0,55,2530,0,1,0,0,0,0,0,1,0,0,39,36,0,330,2,6,0.3333333333333333,1,Deal Driven Browsers,0.00914534800568951
84835.0,0,0,0,189,104,379,111,189,218,1,4,4,6,1,0,0,0,0,0,0,3,11,1,50,2172,1,0,0,0,0,0,0,1,0,0,972,754,0,331,0,15,0.0666666666666666,2,Quiet Value Regulars,0.37834072994437584
30372.0,1,1,33,15,0,12,7,3,7,3,2,0,3,7,0,0,0,0,0,0,3,11,0,49,2710,0,0,0,0,1,0,0,1,0,0,37,30,0,332,2,8,0.375,1,Deal Driven Browsers,0.08185217150733
33181.0,1,0,90,9,0,3,0,0,4,1,1,0,2,6,1,0,0,0,0,0,3,11,0,44,2336,0,1,0,0,0,0,0,0,1,0,12,8,1,333,1,4,0.25,1,Deal Driven Browsers,0.1510284394807687
71113.0,0,1,95,495,33,255,11,33,8,4,6,7,9,4,0,0,0,0,0,0,3,11,0,63,2353,0,1,0,0,0,0,0,1,0,0,827,819,0,334,1,26,0.1538461538461538,2,Quiet Value Regulars,0.003103668763102725
71952.0,1,0,93,656,80,455,52,107,93,2,8,4,8,4,1,0,1,0,0,0,3,11,0,34,2694,0,1,0,0,0,0,0,1,0,0,1350,1257,2,335,1,22,0.0909090909090909,0,Premium Loyalists,0.25545390181909955
69759.0,0,0,38,452,20,514,13,30,0,3,4,6,5,3,0,0,0,0,0,0,3,11,1,54,2403,0,0,1,0,0,0,0,0,0,1,1029,1029,0,336,0,18,0.1666666666666666,2,Quiet Value Regulars,0.06478107540264787
72099.0,0,0,18,546,91,410,119,0,22,1,3,4,10,1,0,0,0,0,0,0,3,11,0,46,2769,0,1,0,0,0,0,0,1,0,0,1166,1144,0,337,0,18,0.0555555555555555,2,Quiet Value Regulars,0.10778380890623883
60000.0,0,1,57,1048,0,217,0,0,12,5,11,3,5,6,0,0,0,0,0,0,3,11,0,44,2713,0,0,1,0,0,0,0,0,0,1,1265,1253,0,338,1,24,0.2083333333333333,2,Quiet Value Regulars,0.20541738413165003
38643.0,1,1,45,22,2,14,0,1,10,2,2,0,3,7,0,0,0,0,0,1,3,11,0,42,2371,0,0,1,0,0,0,0,1,0,0,39,29,0,339,2,7,0.2857142857142857,1,Deal Driven Browsers,0.016837313289957447
50737.0,0,1,61,78,0,11,0,0,10,1,2,0,4,6,0,1,0,0,0,0,3,11,0,65,2573,0,1,0,0,0,0,0,1,0,0,89,79,1,340,1,7,0.1428571428571428,1,Deal Driven Browsers,0.07797789147408826
68462.0,0,0,6,561,64,785,84,128,48,1,3,3,8,1,0,0,0,0,0,0,3,11,0,51,2723,0,1,0,0,0,0,0,0,0,1,1622,1574,0,341,0,15,0.0666666666666666,2,Quiet Value Regulars,0.23522542551125597
65073.0,0,0,65,629,17,177,69,0,8,1,5,3,5,2,0,0,0,0,0,1,3,11,0,77,2472,0,1,0,0,0,0,0,0,1,0,892,884,0,342,0,14,0.0714285714285714,2,Quiet Value Regulars,0.016091202485419058
46681.0,0,2,52,269,15,69,15,19,38,2,4,6,4,5,0,0,0,0,0,0,3,11,0,72,2423,0,0,0,1,0,0,0,0,0,1,387,349,0,343,2,16,0.125,1,Deal Driven Browsers,0.018560449519520725
78618.0,0,0,87,736,163,818,212,163,61,1,4,7,10,2,0,1,0,0,0,0,3,11,0,63,2798,0,1,0,0,0,0,0,1,0,0,2092,2031,1,344,0,22,0.0454545454545454,0,Premium Loyalists,0.26700154462070097
62187.0,0,1,38,512,0,83,0,0,41,3,6,2,10,4,0,0,0,0,0,0,3,11,0,51,2258,0,0,0,0,1,0,0,0,0,1,595,554,0,345,1,21,0.1428571428571428,2,Quiet Value Regulars,0.022796268878475724
28442.0,2,0,53,19,3,10,11,8,6,3,2,1,4,4,0,0,0,0,0,0,3,11,0,42,2284,0,1,0,0,0,0,0,1,0,0,51,45,0,346,2,10,0.3,1,Deal Driven Browsers,0.012022384152229965
37717.0,1,0,31,9,0,6,4,1,5,1,1,0,2,9,0,0,0,0,0,0,3,11,0,42,2742,0,1,0,0,0,0,0,0,0,1,20,15,0,347,1,4,0.25,1,Deal Driven Browsers,0.08049369777646549
51479.0,1,1,67,247,8,160,6,8,65,7,6,3,6,7,0,0,0,0,0,0,3,11,0,53,2707,0,1,0,0,0,0,0,1,0,0,429,364,0,348,2,22,0.3181818181818182,1,Deal Driven Browsers,0.04829835670181073
54803.0,0,1,65,404,0,92,28,27,142,2,6,2,9,4,0,0,0,0,0,0,3,11,0,51,2836,0,0,1,0,0,0,0,1,0,0,551,409,0,349,1,19,0.1052631578947368,2,Quiet Value Regulars,0.08769124037894677
79530.0,0,0,64,333,0,815,129,42,29,1,4,10,11,2,0,0,0,0,0,0,3,11,0,60,2567,0,1,0,0,0,0,0,1,0,0,1319,1290,0,350,0,26,0.0384615384615384,2,Quiet Value Regulars,0.045308403842459564
31615.0,1,0,82,2,3,20,6,11,9,2,2,0,3,7,0,0,0,0,0,0,3,11,0,44,2629,1,0,0,0,0,0,0,1,0,0,42,33,0,351,1,7,0.2857142857142857,1,Deal Driven Browsers,0.016048275460034688
72025.0,0,0,27,833,33,549,151,133,233,1,4,3,8,3,0,0,0,0,0,0,3,11,0,58,2748,0,0,0,1,0,0,0,1,0,0,1699,1466,0,352,0,16,0.0625,2,Quiet Value Regulars,0.239724538008732
52614.0,0,1,63,789,0,142,12,9,38,2,2,4,8,8,0,0,0,0,0,0,3,11,0,45,2734,0,0,1,0,0,0,0,0,0,1,952,914,0,353,1,16,0.125,2,Quiet Value Regulars,0.11260112245214053
35684.0,1,0,66,10,4,7,0,6,3,1,1,0,3,6,0,0,0,0,0,0,3,11,0,36,2227,0,1,0,0,0,1,0,0,0,0,27,24,0,354,1,5,0.2,1,Deal Driven Browsers,0.013109018968452929
48178.0,1,1,69,159,4,45,6,2,38,6,5,1,4,8,0,0,0,0,0,0,3,11,0,45,2768,0,1,0,0,0,0,0,1,0,0,216,178,0,355,2,16,0.375,1,Deal Driven Browsers,0.1056467767814369
29548.0,1,0,52,7,1,6,3,1,11,1,1,1,2,4,1,0,0,0,0,0,3,11,0,50,2463,0,0,1,0,0,0,0,0,1,0,18,7,1,356,1,5,0.2,1,Deal Driven Browsers,0.1912481671966392
63810.0,0,1,45,977,12,253,16,12,101,4,4,3,12,8,0,1,0,0,0,0,3,11,0,54,2754,0,0,1,0,0,0,0,1,0,0,1270,1169,1,357,1,23,0.1739130434782608,2,Quiet Value Regulars,0.24259156267977605
38578.0,1,1,2,38,4,22,3,3,3,3,3,0,3,8,0,0,0,0,0,0,3,11,1,48,2531,0,0,1,0,0,0,0,0,0,1,70,67,0,358,2,9,0.3333333333333333,1,Deal Driven Browsers,0.3121454984623037
46098.0,1,1,86,57,0,27,0,0,36,4,3,2,2,8,0,0,0,0,0,0,3,11,0,45,2839,0,0,1,0,0,0,0,0,1,0,84,48,0,359,2,11,0.3636363636363636,1,Deal Driven Browsers,0.26554788294275095
22585.0,0,0,23,3,9,15,13,2,39,1,1,1,2,9,1,0,0,0,0,0,3,11,1,50,2627,0,0,1,0,0,0,0,1,0,0,42,3,1,360,0,5,0.2,1,Deal Driven Browsers,0.5109089584157982
30279.0,1,0,13,10,4,14,4,4,1,1,1,0,3,8,0,0,0,0,0,0,3,11,0,31,2705,0,0,1,0,0,0,0,1,0,0,36,35,0,361,1,5,0.2,1,Deal Driven Browsers,0.11252983792562792
66426.0,0,1,14,1043,24,97,32,24,157,2,3,5,10,6,0,0,0,0,0,0,3,11,0,59,2429,0,0,0,1,0,0,0,0,0,1,1220,1063,0,362,1,20,0.1,2,Quiet Value Regulars,0.10817082926484027
30822.0,1,0,92,3,9,13,2,12,12,1,1,0,3,7,0,0,0,0,0,0,3,11,0,51,2539,0,0,1,0,0,0,0,1,0,0,39,27,0,363,1,5,0.2,1,Deal Driven Browsers,0.017861912251496425
33581.0,2,0,38,11,0,5,0,0,1,1,1,0,2,8,0,0,0,0,0,0,3,11,0,51,2696,0,1,0,0,0,0,0,0,0,1,16,15,0,364,2,4,0.25,1,Deal Driven Browsers,0.03066924460161811
19986.0,1,0,74,3,6,5,0,2,6,1,0,0,3,7,0,0,0,0,0,0,3,11,0,35,2386,0,1,0,0,0,0,0,1,0,0,16,10,0,365,1,4,0.25,1,Deal Driven Browsers,0.02534105364528309
27421.0,0,0,14,43,12,96,78,40,55,3,4,1,6,7,0,0,0,0,0,0,3,11,0,66,2723,0,0,0,0,1,0,0,1,0,0,269,214,0,366,0,14,0.2142857142857142,1,Deal Driven Browsers,0.12416052823661439
35688.0,2,1,94,73,3,90,12,1,32,7,4,1,4,8,0,0,0,0,0,0,3,11,0,47,2835,0,1,0,0,0,1,0,0,0,0,179,147,0,367,3,16,0.4375,1,Deal Driven Browsers,0.14813110243003724
36143.0,1,0,33,12,0,1,0,0,6,1,0,1,2,3,0,0,0,0,0,0,3,11,0,39,2250,0,0,1,0,0,0,0,0,1,0,13,7,0,368,1,4,0.25,1,Deal Driven Browsers,0.02289729228588254
10245.0,1,0,32,4,7,7,6,4,13,3,1,2,2,5,0,0,0,0,0,0,3,11,0,49,2569,0,0,1,0,0,0,0,1,0,0,28,15,0,369,1,8,0.375,1,Deal Driven Browsers,0.08863841775890707
43795.0,0,1,11,314,11,53,4,3,107,3,7,3,4,7,0,1,0,0,0,0,3,11,1,52,2415,0,0,0,1,0,0,0,0,1,0,385,278,1,370,1,17,0.1764705882352941,1,Deal Driven Browsers,0.5192484088779716
63381.0,0,1,78,571,50,142,33,50,159,4,4,5,13,2,0,0,0,0,0,0,3,11,0,60,2791,0,0,0,1,0,0,0,1,0,0,846,687,0,371,1,26,0.1538461538461538,2,Quiet Value Regulars,0.023259182753128767
38823.0,0,1,56,70,0,11,2,8,23,1,2,1,3,6,0,0,0,0,0,0,3,11,0,71,2827,0,0,0,1,0,0,0,1,0,0,91,68,0,372,1,7,0.1428571428571428,1,Deal Driven Browsers,0.13157614841507928
83664.0,1,1,57,866,21,151,28,21,86,3,2,2,12,5,0,0,0,0,0,0,3,11,0,52,2576,1,0,0,0,0,0,0,0,0,1,1087,1001,0,373,2,19,0.1578947368421052,2,Quiet Value Regulars,0.2033146578502446
90300.0,0,0,7,594,134,786,33,134,57,0,5,6,8,1,0,0,1,0,0,0,3,11,0,41,2336,0,0,0,1,0,0,0,1,0,0,1681,1624,1,374,0,19,0.0,0,Premium Loyalists,0.4061716981588414
62499.0,1,0,0,140,4,61,0,13,4,2,3,1,6,4,0,0,0,0,0,0,3,11,0,41,2361,0,0,0,1,0,0,0,0,1,0,218,214,0,375,1,12,0.1666666666666666,2,Quiet Value Regulars,0.1166500773163921
74293.0,0,0,66,375,152,335,93,91,81,1,5,4,6,2,0,0,0,0,0,0,3,11,0,27,2215,0,0,1,0,0,0,0,1,0,0,1046,965,0,376,0,16,0.0625,2,Quiet Value Regulars,0.03935986034831691
51012.0,0,0,86,102,9,63,2,9,24,1,4,1,4,6,0,0,0,0,0,0,3,11,0,74,2596,0,1,0,0,0,0,0,0,0,1,185,161,0,377,0,10,0.1,1,Deal Driven Browsers,0.043750825563447907
70777.0,0,1,80,554,35,113,0,7,78,3,5,3,12,3,0,0,0,0,0,0,3,11,0,52,2283,0,1,0,0,0,0,0,0,1,0,709,631,0,378,1,23,0.1304347826086956,2,Quiet Value Regulars,0.003289647599081562
68682.0,0,0,56,919,0,505,99,30,45,1,4,9,10,2,0,0,0,0,0,0,3,11,0,29,2425,0,0,0,1,0,0,0,0,0,1,1553,1508,0,379,0,24,0.0416666666666666,2,Quiet Value Regulars,0.08959096969994804
43824.0,1,1,18,96,1,42,12,3,32,4,3,1,4,8,0,0,0,0,0,0,3,11,0,49,2811,0,1,0,0,0,0,0,1,0,0,154,122,0,380,2,12,0.3333333333333333,1,Deal Driven Browsers,0.23754262568023024
15345.0,1,0,51,5,2,16,3,2,19,2,1,1,2,8,0,0,0,0,0,0,3,11,1,36,2826,0,0,0,1,0,0,0,1,0,0,28,9,0,381,1,6,0.3333333333333333,1,Deal Driven Browsers,0.3439949305550579
23442.0,1,0,71,2,0,6,8,6,5,1,1,0,3,7,0,0,0,0,0,0,3,11,0,33,2711,0,0,1,0,0,0,0,1,0,0,22,17,0,382,1,5,0.2,1,Deal Driven Browsers,0.026996013896318505
14515.0,1,0,71,6,4,9,6,36,35,4,2,2,3,7,0,0,0,0,0,0,3,11,1,40,2756,0,0,0,1,0,1,0,0,0,0,61,26,0,383,1,11,0.3636363636363636,1,Deal Driven Browsers,0.34778152332200196
31395.0,1,1,80,23,1,25,0,8,7,4,2,1,3,6,0,0,0,0,0,0,3,11,0,64,2622,1,0,0,0,0,1,0,0,0,0,57,50,0,384,2,10,0.4,1,Deal Driven Browsers,0.04096098892937127
75276.0,0,0,2,610,105,125,137,42,21,1,9,4,9,5,0,0,0,0,0,0,3,11,0,55,2799,0,0,0,1,0,0,0,1,0,0,1019,998,0,385,0,23,0.0434782608695652,2,Quiet Value Regulars,0.2751486195232156
42373.0,1,1,83,67,5,61,3,8,19,5,2,1,5,5,0,0,0,0,0,0,3,11,0,46,2477,0,0,1,0,0,0,0,1,0,0,144,125,0,386,2,13,0.3846153846153846,1,Deal Driven Browsers,0.05060029393285951
30507.0,0,0,29,65,36,74,38,20,110,1,5,1,4,7,0,0,0,0,0,0,3,11,0,60,2634,0,0,0,1,0,0,0,1,0,0,233,123,0,387,0,11,0.0909090909090909,1,Deal Driven Browsers,0.040311178549035966
55521.0,1,2,11,416,0,26,0,0,4,9,6,3,6,7,0,1,0,0,0,0,3,11,1,65,2409,0,0,1,0,0,0,0,0,0,1,442,438,1,388,3,24,0.375,1,Deal Driven Browsers,0.5351014451924673
48006.0,1,1,55,23,0,11,3,2,2,1,1,0,3,6,0,0,0,0,0,0,3,11,0,55,2179,0,1,0,0,0,0,0,1,0,0,39,37,0,389,2,5,0.2,1,Deal Driven Browsers,0.0033458044052383676
27213.0,1,0,19,19,3,26,10,9,3,3,2,0,4,8,0,0,0,0,0,0,3,11,1,48,2827,0,0,1,0,0,0,0,0,0,1,67,64,0,390,1,9,0.3333333333333333,1,Deal Driven Browsers,0.3912934549502515
65808.0,1,1,1,155,7,80,13,7,10,3,5,1,5,6,0,0,0,0,0,0,3,11,0,49,2189,1,0,0,0,0,0,0,0,0,1,262,252,0,391,2,14,0.2142857142857142,1,Deal Driven Browsers,0.18751561023517554
30351.0,1,0,19,14,0,24,3,3,2,1,3,0,2,9,0,0,0,0,0,0,3,11,0,46,2547,0,0,0,1,0,0,0,0,0,1,44,42,0,392,1,6,0.1666666666666666,1,Deal Driven Browsers,0.11039869875089592
50437.0,0,2,28,370,9,92,6,9,4,3,7,1,8,7,0,0,0,0,0,0,3,11,0,57,2779,0,1,0,0,0,0,0,1,0,0,486,482,0,393,2,19,0.1578947368421052,1,Deal Driven Browsers,0.06722052649437844
23616.0,1,0,76,4,22,11,3,7,32,2,3,0,3,8,0,0,0,0,0,0,3,11,1,38,2748,0,0,1,0,0,1,0,0,0,0,47,15,0,394,1,8,0.25,1,Deal Driven Browsers,0.2788902698097839
53858.0,0,1,50,407,53,221,58,150,26,4,4,3,6,4,0,0,0,0,0,0,3,11,0,44,2756,0,1,0,0,0,0,0,1,0,0,889,863,0,395,1,17,0.2352941176470588,2,Quiet Value Regulars,0.08374273846989082
66465.0,0,1,1,1200,0,204,38,29,14,3,11,9,12,6,0,0,0,1,0,0,3,11,0,65,2615,0,1,0,0,0,0,0,0,0,1,1471,1457,1,396,1,35,0.0857142857142857,2,Quiet Value Regulars,0.29574501668176345
46923.0,1,0,90,85,44,54,102,78,6,3,5,1,7,7,0,0,0,0,0,0,3,11,0,33,2835,0,0,1,0,0,0,0,1,0,0,363,357,0,397,1,16,0.1875,1,Deal Driven Browsers,0.0926233573171062
75072.0,0,1,83,583,34,309,0,22,125,2,5,4,8,3,0,0,0,0,0,0,3,11,0,58,2681,0,0,0,1,0,0,0,1,0,0,948,823,0,398,1,19,0.1052631578947368,2,Quiet Value Regulars,0.020363602330517167
75865.0,0,0,73,483,0,591,156,0,12,1,3,5,10,1,0,0,0,0,0,0,3,11,0,77,2249,0,1,0,0,0,0,0,0,0,1,1230,1218,0,399,0,19,0.0526315789473684,2,Quiet Value Regulars,0.05288369358248989
19789.0,1,0,24,2,5,9,28,6,28,3,2,1,3,5,1,0,0,0,0,0,3,11,0,45,2380,0,0,0,1,0,1,0,0,0,0,50,22,1,400,1,9,0.3333333333333333,1,Deal Driven Browsers,0.2853399514184006
80134.0,0,0,11,966,26,282,52,26,26,1,2,7,11,5,0,1,1,1,1,0,3,11,0,26,2294,0,0,0,1,0,0,0,1,0,0,1352,1326,4,401,0,21,0.0476190476190476,0,Premium Loyalists,0.6359605958390883
91065.0,0,0,33,822,114,108,179,137,114,1,7,9,9,3,0,0,1,1,0,0,3,11,1,39,2651,0,0,1,0,0,0,0,1,0,0,1360,1246,2,402,0,26,0.0384615384615384,0,Premium Loyalists,0.7671780973935474
49505.0,1,1,4,604,0,100,19,0,28,9,10,2,8,8,0,0,0,0,0,0,3,11,0,49,2640,0,1,0,0,0,0,0,0,1,0,723,695,0,403,2,29,0.3103448275862069,1,Deal Driven Browsers,0.2693247979844936
37401.0,1,0,14,19,3,19,3,1,3,2,2,0,3,7,0,0,0,0,0,0,3,11,0,47,2213,0,1,0,0,0,0,0,0,0,1,45,42,0,404,1,7,0.2857142857142857,1,Deal Driven Browsers,0.057586499294593425
30096.0,1,0,30,5,3,11,12,5,9,1,2,0,3,6,0,0,0,0,0,0,3,11,0,37,2197,0,1,0,0,0,0,0,1,0,0,36,27,0,405,1,6,0.1666666666666666,1,Deal Driven Browsers,0.011570486479920443
18492.0,1,0,75,2,2,2,2,1,1,1,1,0,2,8,0,0,0,0,0,0,3,11,0,38,2183,0,0,0,1,0,0,0,0,1,0,9,8,0,406,1,4,0.25,1,Deal Driven Browsers,0.02387055130350245
82584.0,0,0,26,1076,68,103,29,91,68,1,3,4,8,1,0,1,1,0,0,0,3,11,1,46,2549,0,1,0,0,0,0,0,0,1,0,1367,1299,2,407,0,16,0.0625,0,Premium Loyalists,0.4817084639132849
93027.0,0,0,77,1285,42,716,55,0,21,0,7,10,5,2,0,0,1,0,0,0,3,11,0,79,2601,0,1,0,0,0,0,0,0,0,1,2098,2077,1,408,0,22,0.0,0,Premium Loyalists,0.31466482310945365
48686.0,1,2,8,10,0,7,2,0,1,1,1,0,2,8,0,0,0,0,0,0,3,11,0,67,2366,0,1,0,0,0,0,0,1,0,0,19,18,0,409,3,4,0.25,1,Deal Driven Browsers,0.08579260121667924
92910.0,0,0,42,551,137,792,179,103,33,1,6,7,13,1,0,1,1,1,0,0,3,11,0,34,2225,0,1,0,0,0,0,0,1,0,0,1762,1729,3,410,0,27,0.037037037037037,0,Premium Loyalists,0.42453032409996183
75433.0,1,0,28,800,0,297,0,34,57,2,2,5,10,6,0,1,0,1,0,0,3,11,0,31,2244,0,1,0,0,0,0,0,1,0,0,1131,1074,2,411,1,19,0.1052631578947368,0,Premium Loyalists,0.23175191418113295
10404.0,1,0,52,2,2,11,10,6,12,2,1,0,4,5,0,0,0,0,0,0,3,11,0,31,2215,0,0,0,1,0,1,0,0,0,0,31,19,0,412,1,7,0.2857142857142857,1,Deal Driven Browsers,0.02748522684745594
61314.0,0,1,1,378,0,189,97,172,172,2,5,5,12,3,0,0,0,0,0,0,3,11,0,52,2589,0,1,0,0,0,0,0,1,0,0,836,664,0,413,1,24,0.0833333333333333,2,Quiet Value Regulars,0.060080979775473956
84865.0,0,0,1,1248,16,349,43,16,16,1,2,4,9,4,0,1,1,1,1,0,3,11,1,59,2575,0,0,1,0,0,0,0,0,0,1,1672,1656,4,414,0,16,0.0625,0,Premium Loyalists,0.8507899224434672
42387.0,1,0,42,235,0,235,19,4,191,5,8,1,7,8,0,0,0,0,0,0,3,11,0,31,2767,0,1,0,0,0,0,0,1,0,0,493,302,0,415,1,21,0.238095238095238,1,Deal Driven Browsers,0.07691052722148303
67309.0,1,1,76,515,47,181,149,95,95,15,9,6,9,7,0,0,0,0,0,0,3,11,0,53,2681,0,0,0,1,0,1,0,0,0,0,987,892,0,416,2,39,0.3846153846153846,2,Quiet Value Regulars,0.06620752289628615
75236.0,0,1,27,438,66,400,12,38,114,1,8,3,13,4,0,0,0,0,0,0,3,11,0,56,2375,0,1,0,0,0,0,0,1,0,0,954,840,0,417,1,25,0.04,2,Quiet Value Regulars,0.03907422924836909
30015.0,1,0,28,25,0,22,2,3,5,2,1,0,4,5,0,0,0,0,0,0,3,11,0,50,2306,0,0,1,0,0,0,0,1,0,0,52,47,0,418,1,7,0.2857142857142857,1,Deal Driven Browsers,0.0325885869118104
50943.0,0,1,49,31,0,7,2,0,6,1,1,0,3,5,0,0,0,0,0,0,3,11,0,64,2532,0,0,0,1,0,0,0,0,1,0,40,34,0,419,1,5,0.2,1,Deal Driven Browsers,0.003197907647907648
67272.0,0,1,12,357,35,271,28,28,14,3,6,2,12,5,0,0,0,0,0,0,3,11,0,54,2349,1,0,0,0,0,0,0,1,0,0,719,705,0,420,1,23,0.1304347826086956,2,Quiet Value Regulars,0.06013382966031478
51529.0,0,1,14,400,4,35,6,0,22,2,9,1,5,8,0,0,0,0,0,0,3,11,0,71,2454,0,0,0,0,1,0,0,0,1,0,445,423,0,421,1,17,0.1176470588235294,1,Deal Driven Browsers,0.12545604799916577
32011.0,1,0,89,99,0,15,2,1,5,3,2,1,4,7,0,0,0,0,0,0,3,11,0,49,2470,0,1,0,0,0,0,0,0,0,1,117,112,0,422,1,10,0.3,1,Deal Driven Browsers,0.0158778273156073
7500.0,1,0,96,1,11,5,4,6,9,2,2,0,3,8,0,0,0,0,0,0,3,11,0,34,2666,0,1,0,0,0,1,0,0,0,0,27,18,0,423,1,7,0.2857142857142857,1,Deal Driven Browsers,0.03199642154888414
28691.0,1,0,56,5,4,13,8,0,4,1,1,0,3,8,0,0,0,0,0,0,3,11,0,31,2519,0,1,0,0,0,0,0,1,0,0,30,26,0,424,1,5,0.2,1,Deal Driven Browsers,0.014232666319802365
56223.0,0,1,72,77,28,31,16,0,4,2,2,1,5,4,0,0,0,0,0,0,3,11,0,72,2350,0,1,0,0,0,0,0,0,0,1,152,148,0,425,1,10,0.2,1,Deal Driven Browsers,0.01857649151673919
18100.0,0,0,14,3,1,2,4,3,1,1,0,0,3,5,0,0,0,0,0,0,3,11,0,74,2486,0,1,0,0,0,0,0,1,0,0,13,12,0,426,0,4,0.25,1,Deal Driven Browsers,0.08076046092480105
30279.0,1,0,13,10,4,14,4,4,1,1,1,0,3,8,0,0,0,0,0,0,3,11,0,31,2705,0,0,1,0,0,0,0,1,0,0,36,35,0,427,1,5,0.2,1,Deal Driven Browsers,0.11252983792562792
20130.0,0,0,99,0,6,3,7,6,12,1,1,0,3,8,0,0,0,0,0,0,3,11,0,46,2263,0,1,0,0,0,1,0,0,0,0,22,10,0,428,0,5,0.2,1,Deal Driven Browsers,0.015270446411066813
23295.0,0,0,72,0,0,1,2,12,5,1,1,0,2,8,0,0,0,0,0,0,3,11,0,61,2510,1,0,0,0,0,0,0,1,0,0,15,10,0,429,0,4,0.25,1,Deal Driven Browsers,0.023091835560828684
42618.0,1,0,92,76,14,74,13,5,10,2,5,0,4,8,0,0,0,0,0,0,3,11,0,48,2422,1,0,0,0,0,0,0,0,1,0,182,172,0,430,1,11,0.1818181818181818,1,Deal Driven Browsers,0.02098562738074933
81246.0,0,0,87,398,190,537,61,156,37,1,4,5,7,1,1,0,0,1,0,0,3,11,0,56,2341,0,0,1,0,0,0,0,1,0,0,1342,1305,2,431,0,17,0.0588235294117647,0,Premium Loyalists,0.2609061497120462
24027.0,1,0,7,14,7,11,11,0,5,2,2,0,3,8,0,0,0,0,0,0,3,11,0,44,2544,0,1,0,0,0,0,0,1,0,0,43,38,0,432,1,7,0.2857142857142857,1,Deal Driven Browsers,0.13845814144615687
55707.0,0,1,91,208,7,82,30,66,35,2,3,2,9,3,0,0,0,0,0,0,3,11,0,67,2348,0,1,0,0,0,0,0,0,0,1,393,358,0,433,1,16,0.125,2,Quiet Value Regulars,0.008177373410902822
57959.0,0,1,71,430,16,322,43,24,33,5,4,7,11,3,0,0,0,0,0,0,3,11,0,65,2582,0,0,1,0,0,0,0,1,0,0,835,802,0,434,1,27,0.1851851851851851,2,Quiet Value Regulars,0.009933141827008133
56796.0,0,1,24,656,38,161,62,47,37,3,8,9,7,7,0,0,0,0,0,0,3,11,0,51,2657,0,1,0,0,0,0,0,1,0,0,964,927,0,435,1,27,0.1111111111111111,2,Quiet Value Regulars,0.01577664749146071
36230.0,1,0,17,14,2,30,8,2,3,1,2,0,4,5,0,0,0,0,0,0,3,11,0,49,2414,0,0,1,0,0,0,0,0,1,0,56,53,0,436,1,7,0.1428571428571428,1,Deal Driven Browsers,0.058606717659220924
70829.0,1,1,87,141,70,106,72,19,23,2,4,2,8,3,0,0,0,0,0,0,3,11,0,40,2369,0,1,0,0,0,1,0,0,0,0,408,385,0,437,2,16,0.125,2,Quiet Value Regulars,0.007521964506979866
65991.0,0,1,21,507,19,364,25,47,9,3,9,5,10,7,0,0,0,0,0,0,3,11,0,44,2819,0,1,0,0,0,0,0,1,0,0,962,953,0,438,1,27,0.1111111111111111,2,Quiet Value Regulars,0.05142796338113427
38988.0,1,2,90,164,24,103,12,3,42,7,5,1,6,8,0,0,0,0,0,0,3,11,0,48,2837,0,1,0,0,0,0,0,1,0,0,306,264,0,439,3,19,0.3684210526315789,1,Deal Driven Browsers,0.19145756378940226
89572.0,0,0,44,606,24,974,197,194,64,1,7,7,9,4,0,1,0,1,0,0,3,11,1,54,2811,0,0,1,0,0,1,0,0,0,0,1995,1931,2,440,0,24,0.0416666666666666,0,Premium Loyalists,0.8142148359282465
42207.0,1,0,71,116,11,72,3,17,46,4,4,1,5,6,1,0,0,0,0,0,3,11,1,36,2613,0,1,0,0,0,0,0,0,1,0,219,173,1,441,1,14,0.2857142857142857,1,Deal Driven Browsers,0.3126935058295815
50300.0,0,1,52,143,15,60,24,23,5,2,2,1,8,2,0,0,0,0,0,0,3,11,0,68,2194,0,1,0,0,0,0,0,1,0,0,265,260,0,442,1,13,0.1538461538461538,2,Quiet Value Regulars,0.002227979540045081
66664.0,0,0,78,398,96,447,220,96,32,1,5,7,6,3,0,0,0,0,0,0,3,11,0,38,2801,0,0,0,1,0,1,0,0,0,0,1257,1225,0,443,0,19,0.0526315789473684,2,Quiet Value Regulars,0.06476775724832486
60597.0,0,1,2,522,0,257,32,16,66,4,2,2,8,7,0,0,0,1,0,0,3,11,1,56,2338,0,1,0,0,0,0,0,1,0,0,827,761,1,444,1,16,0.25,1,Deal Driven Browsers,0.4964637273914937
70165.0,0,0,60,161,0,253,199,191,122,1,3,7,11,1,0,0,0,0,0,0,3,11,0,71,2439,0,0,0,0,1,0,0,1,0,0,804,682,0,445,0,22,0.0454545454545454,2,Quiet Value Regulars,0.036174512451737084
50520.0,0,1,25,112,0,6,2,1,14,2,3,1,3,6,0,0,0,0,0,0,3,11,0,62,2311,0,0,0,0,1,0,0,0,0,1,121,107,0,446,1,9,0.2222222222222222,1,Deal Driven Browsers,0.017296662487838954
80124.0,0,0,47,483,84,398,205,84,241,1,3,7,8,1,1,0,0,0,0,0,3,11,0,57,2162,0,1,0,0,0,0,0,1,0,0,1254,1013,1,447,0,19,0.0526315789473684,0,Premium Loyalists,0.0529054021642721
33183.0,1,0,46,7,5,39,17,15,37,2,4,0,3,7,0,0,0,0,0,0,3,11,0,45,2284,0,1,0,0,0,0,0,1,0,0,83,46,0,448,1,9,0.2222222222222222,1,Deal Driven Browsers,0.008031638760584919
66582.0,0,0,83,789,25,420,16,38,0,1,2,8,9,1,0,0,0,0,0,0,3,11,0,51,2277,0,0,1,0,0,0,0,0,0,1,1288,1288,0,449,0,20,0.05,2,Quiet Value Regulars,0.11405579780843847
75261.0,0,0,17,1239,17,413,23,34,17,1,5,6,5,2,0,1,1,0,0,0,3,11,1,65,2591,0,0,0,1,0,0,0,0,0,1,1726,1709,2,450,0,17,0.0588235294117647,0,Premium Loyalists,0.6493920549110584
31880.0,1,0,13,4,1,5,2,0,3,1,1,0,2,8,0,0,0,0,0,0,3,11,0,50,2765,0,0,0,0,1,0,0,1,0,0,12,9,0,451,1,4,0.25,1,Deal Driven Browsers,0.15929929170070511
53790.0,0,2,86,335,42,127,28,5,5,3,7,2,8,6,0,0,0,0,0,0,3,11,0,69,2274,0,1,0,0,0,0,0,1,0,0,537,532,0,452,2,20,0.15,2,Quiet Value Regulars,0.010861201752988655
49269.0,1,0,92,639,8,166,11,8,58,3,7,3,12,7,0,0,0,0,0,0,3,11,0,49,2842,0,0,0,1,0,0,0,0,0,1,832,774,0,453,1,25,0.12,2,Quiet Value Regulars,0.24722563056829963
61456.0,0,1,47,563,76,384,84,192,89,4,6,10,13,4,0,0,0,0,0,0,3,11,0,45,2618,0,1,0,0,0,0,0,1,0,0,1299,1210,0,454,1,33,0.1212121212121212,2,Quiet Value Regulars,0.046828165063799054
37406.0,1,0,18,2,0,8,2,2,3,1,1,0,2,8,0,0,0,0,0,0,3,11,1,40,2421,0,1,0,0,0,0,0,1,0,0,14,11,0,455,1,4,0.25,1,Deal Driven Browsers,0.16631709612661427
56937.0,1,0,81,746,8,125,11,8,8,7,8,6,9,6,0,1,0,0,0,0,3,11,1,39,2853,0,0,0,1,0,0,0,0,0,1,898,890,1,456,1,30,0.2333333333333333,2,Quiet Value Regulars,0.3406194833364333
38415.0,1,1,91,22,1,13,4,0,4,2,1,0,3,7,0,0,0,0,0,0,3,11,0,42,2702,0,1,0,0,0,0,0,1,0,0,40,36,0,457,2,6,0.3333333333333333,1,Deal Driven Browsers,0.02503918686666375
20518.0,1,0,58,4,1,6,4,1,9,1,1,1,2,5,0,0,0,0,0,0,3,11,0,32,2201,0,0,1,0,0,0,0,1,0,0,16,7,0,458,1,5,0.2,1,Deal Driven Browsers,0.012300710188851616
62503.0,0,1,40,478,0,193,110,75,117,4,8,3,11,5,0,0,0,0,0,0,3,11,0,64,2655,0,1,0,0,0,0,0,1,0,0,856,739,0,459,1,26,0.1538461538461538,2,Quiet Value Regulars,0.015301311804990864
41644.0,1,1,67,20,3,4,2,0,2,2,1,0,3,3,0,0,0,0,0,0,3,11,0,48,2210,0,0,1,0,0,0,0,0,0,1,29,27,0,460,2,6,0.3333333333333333,1,Deal Driven Browsers,0.02396824026850342
55842.0,0,1,19,451,0,39,0,4,24,1,7,1,8,5,0,0,0,0,0,0,3,11,0,43,2196,0,1,0,0,0,0,0,0,1,0,494,470,0,461,1,17,0.0588235294117647,2,Quiet Value Regulars,0.02941627947161832
62010.0,0,1,93,371,22,39,6,0,92,4,6,2,7,5,0,0,0,0,0,0,3,11,0,48,2773,0,1,0,0,0,0,0,0,0,1,438,346,0,462,1,19,0.2105263157894736,2,Quiet Value Regulars,0.20065129984292904
41124.0,1,0,41,281,7,84,15,0,119,7,7,3,4,8,0,0,0,0,0,0,3,11,0,43,2765,0,1,0,0,0,0,0,1,0,0,387,268,0,463,1,21,0.3333333333333333,1,Deal Driven Browsers,0.14806351285084918
38961.0,1,0,60,19,7,19,0,1,24,1,2,1,2,7,0,0,0,0,0,0,3,11,0,47,2340,0,1,0,0,0,0,0,0,1,0,46,22,0,464,1,6,0.1666666666666666,1,Deal Driven Browsers,0.009112986895950272
37760.0,1,0,54,26,3,13,2,10,0,1,2,0,3,6,0,0,0,0,0,0,3,11,0,48,2481,1,0,0,0,0,0,0,0,1,0,54,54,0,465,1,6,0.1666666666666666,1,Deal Driven Browsers,0.010962252581178408
32233.0,1,0,26,138,15,35,25,11,72,2,6,2,2,9,1,0,0,0,0,0,3,11,1,46,2838,0,0,1,0,0,0,0,1,0,0,224,152,1,466,1,12,0.1666666666666666,1,Deal Driven Browsers,0.6680531007982143
43057.0,0,1,30,213,2,44,0,2,5,4,4,2,5,5,0,0,0,0,0,0,3,11,0,45,2401,0,1,0,0,0,0,0,1,0,0,261,256,0,467,1,15,0.2666666666666666,1,Deal Driven Browsers,0.015080389264823227
83151.0,0,0,93,407,28,100,120,74,18,1,5,9,4,3,0,0,0,0,0,0,3,11,0,60,2786,0,0,0,1,0,0,0,0,1,0,729,711,0,468,0,19,0.0526315789473684,2,Quiet Value Regulars,0.18072875359464816
78825.0,0,0,35,483,74,114,169,37,18,1,5,10,13,3,0,0,0,0,0,0,3,11,1,56,2812,1,0,0,0,0,0,0,0,0,1,877,859,0,469,0,29,0.0344827586206896,2,Quiet Value Regulars,0.4006411869726794
65104.0,0,1,4,738,0,232,13,20,50,2,3,5,7,7,0,0,0,0,0,0,3,11,0,44,2386,0,0,0,1,0,0,0,0,1,0,1003,953,0,470,1,17,0.1176470588235294,2,Quiet Value Regulars,0.12475407747277492
60093.0,0,1,92,502,12,109,16,6,90,2,7,2,10,6,0,0,0,0,0,0,3,11,0,46,2527,0,1,0,0,0,0,0,1,0,0,645,555,0,471,1,21,0.0952380952380952,2,Quiet Value Regulars,0.006828222166688388
14045.0,1,0,24,11,0,5,2,1,1,1,1,0,3,7,0,0,0,0,0,0,3,11,0,51,2313,0,1,0,0,0,0,0,1,0,0,19,18,0,472,1,5,0.2,1,Deal Driven Browsers,0.05938984024923081
28457.0,0,0,96,24,1,108,29,29,14,1,4,1,4,8,0,0,0,0,0,0,3,11,0,68,2768,0,0,0,0,1,1,0,0,0,0,191,177,0,473,0,10,0.1,1,Deal Driven Browsers,0.14411005438489968
78952.0,0,1,11,1170,19,594,99,76,134,2,2,5,12,6,0,0,0,0,0,0,3,11,0,62,2802,0,0,0,1,0,0,0,0,0,1,1958,1824,0,474,1,21,0.0952380952380952,2,Quiet Value Regulars,0.29035107245265895
46310.0,1,0,99,185,2,88,15,5,14,2,6,1,5,8,0,0,0,0,0,0,3,11,0,44,2732,1,0,0,0,0,0,0,1,0,0,295,281,0,475,1,14,0.1428571428571428,1,Deal Driven Browsers,0.07912419617870511
76005.0,0,0,72,983,20,389,240,50,40,1,3,5,13,6,0,0,0,1,0,0,3,11,0,65,2651,0,0,0,1,0,0,0,1,0,0,1682,1642,1,476,0,22,0.0454545454545454,0,Premium Loyalists,0.2786145293153137
58308.0,0,1,77,691,0,69,10,0,130,4,2,6,3,8,0,0,0,0,0,0,3,11,0,56,2692,0,0,1,0,0,0,0,0,1,0,770,640,0,477,1,15,0.2666666666666666,1,Deal Driven Browsers,0.045103097917614014
55614.0,0,0,85,504,13,131,8,0,26,1,9,4,6,7,0,1,0,0,0,0,3,11,0,76,2373,1,0,0,0,0,0,0,0,0,1,656,630,1,478,0,20,0.05,2,Quiet Value Regulars,0.14557622242051044
59432.0,0,1,88,317,25,265,25,19,12,3,5,3,11,5,0,0,0,0,0,0,3,11,0,58,2601,1,0,0,0,0,0,0,0,1,0,651,639,0,479,1,22,0.1363636363636363,2,Quiet Value Regulars,0.0065373328722129545
55563.0,0,1,22,29,1,9,2,0,2,1,2,0,3,3,0,0,0,0,0,0,3,11,0,42,2244,1,0,0,0,0,0,0,1,0,0,41,39,0,480,1,6,0.1666666666666666,1,Deal Driven Browsers,0.03197343740710613
78642.0,0,1,83,1396,0,322,46,35,17,1,4,9,4,6,0,0,0,0,0,0,3,11,0,49,2593,0,0,0,1,0,0,0,0,0,1,1799,1782,0,481,1,18,0.0555555555555555,2,Quiet Value Regulars,0.19383663924593408
67911.0,0,1,63,529,0,356,63,28,0,3,6,7,11,3,0,0,0,0,0,0,3,11,0,71,2197,0,0,0,1,0,0,0,0,0,1,976,976,0,482,1,27,0.1111111111111111,2,Quiet Value Regulars,0.023538330908857222
65275.0,0,0,9,388,14,218,91,14,21,1,4,3,13,2,0,0,0,0,0,0,3,11,0,76,2611,0,1,0,0,0,0,0,1,0,0,725,704,0,483,0,21,0.0476190476190476,2,Quiet Value Regulars,0.09843299670527186
27203.0,1,1,92,13,2,21,4,0,24,2,1,1,2,8,0,0,0,0,0,0,3,11,0,70,2851,0,0,0,1,0,0,0,1,0,0,40,16,0,484,2,6,0.3333333333333333,1,Deal Driven Browsers,0.12879204432808697
48330.0,0,1,2,28,0,4,0,0,0,1,1,0,3,5,0,0,0,0,0,0,3,11,0,59,2385,0,0,0,1,0,0,0,0,1,0,32,32,0,485,1,5,0.2,1,Deal Driven Browsers,0.06444632835301196
24279.0,0,0,6,16,36,21,20,62,108,1,4,1,3,8,0,0,0,0,0,0,3,11,0,30,2706,0,1,0,0,0,0,1,0,0,0,155,47,0,486,0,9,0.1111111111111111,1,Deal Driven Browsers,0.16079811568432584
64355.0,1,0,66,1047,0,140,67,38,153,2,4,3,12,8,0,0,0,0,0,0,3,11,0,35,2833,0,1,0,0,0,0,0,0,0,1,1292,1139,0,487,1,21,0.0952380952380952,2,Quiet Value Regulars,0.27503150134478827
50943.0,0,1,49,31,0,7,2,0,6,1,1,0,3,5,0,0,0,0,0,0,3,11,0,64,2532,0,0,0,1,0,0,0,0,1,0,40,34,0,488,1,5,0.2,1,Deal Driven Browsers,0.003197907647907648
53653.0,0,0,29,815,10,239,28,10,108,2,10,4,12,6,0,0,0,0,0,0,3,11,0,67,2758,0,0,0,0,1,0,0,1,0,0,1102,994,0,489,0,28,0.0714285714285714,2,Quiet Value Regulars,0.1547000946129541
65665.0,0,1,77,225,162,387,106,36,29,1,5,10,8,3,0,0,0,0,0,0,3,11,0,44,2368,0,1,0,0,0,0,0,1,0,0,916,887,0,490,1,24,0.0416666666666666,2,Quiet Value Regulars,0.0022994734486132934
81217.0,0,0,77,493,70,324,146,40,84,1,3,7,11,1,0,0,0,0,0,0,3,11,0,31,2504,0,0,1,0,0,0,0,1,0,0,1073,989,0,491,0,22,0.0454545454545454,2,Quiet Value Regulars,0.04761972938557165
34935.0,0,0,71,34,4,66,3,10,20,1,2,1,4,7,0,0,0,0,0,0,3,11,0,28,2532,0,1,0,0,0,0,0,1,0,0,117,97,0,492,0,8,0.125,1,Deal Driven Browsers,0.011575331486304435
61250.0,0,1,49,382,138,65,60,26,59,6,5,2,12,5,0,0,0,0,0,0,3,11,0,61,2719,1,0,0,0,0,0,0,1,0,0,671,612,0,493,1,25,0.24,2,Quiet Value Regulars,0.045334292120363814
39665.0,1,0,97,127,1,56,0,1,31,3,4,2,3,7,1,0,0,0,0,0,3,11,0,39,2559,0,0,0,1,0,0,0,0,0,1,185,154,1,494,1,12,0.25,1,Deal Driven Browsers,0.1794045752194788
60152.0,0,1,6,325,83,300,86,58,91,1,6,4,12,3,0,0,0,0,0,0,3,11,0,41,2617,0,0,1,0,0,0,0,1,0,0,852,761,0,495,1,23,0.0434782608695652,2,Quiet Value Regulars,0.06471312464585384
48920.0,0,2,93,238,17,68,8,10,6,3,6,2,5,7,0,1,0,0,0,0,3,11,0,56,2411,0,1,0,0,0,0,0,1,0,0,341,335,1,496,2,16,0.1875,1,Deal Driven Browsers,0.05096327558290624
89120.0,0,0,78,1168,92,408,72,129,55,1,5,6,7,1,0,0,1,0,0,0,3,11,0,61,2263,0,0,0,1,0,0,0,0,1,0,1869,1814,1,497,0,19,0.0526315789473684,0,Premium Loyalists,0.14740068356905536
44124.0,0,1,62,284,0,55,0,6,52,4,6,2,5,8,0,0,0,0,0,0,3,11,0,74,2573,0,0,0,1,0,0,0,0,0,1,345,293,0,498,1,17,0.2352941176470588,1,Deal Driven Browsers,0.04402263912729856
81169.0,0,0,47,1288,20,613,80,61,27,1,5,7,9,2,0,0,0,0,0,0,3,11,0,45,2600,0,0,1,0,0,0,0,0,1,0,2062,2035,0,499,0,22,0.0454545454545454,2,Quiet Value Regulars,0.25030191184532613
36443.0,1,1,9,65,0,46,4,3,20,4,3,1,3,8,0,0,0,0,0,0,3,11,0,59,2670,0,1,0,0,0,0,0,1,0,0,118,98,0,500,2,11,0.3636363636363636,1,Deal Driven Browsers,0.2011413521852156
26095.0,1,0,77,11,7,9,3,1,11,1,1,0,3,7,0,0,0,0,0,0,3,11,0,30,2523,0,0,1,0,0,0,0,1,0,0,31,20,0,501,1,5,0.2,1,Deal Driven Browsers,0.008812052000287297
71367.0,0,0,24,227,23,389,42,21,75,1,4,5,7,2,0,0,0,0,0,0,3,11,0,61,2469,0,0,0,1,0,0,0,1,0,0,702,627,0,502,0,17,0.0588235294117647,2,Quiet Value Regulars,0.018735431145689253
80184.0,0,0,19,1035,134,670,25,38,0,1,6,3,10,3,0,0,1,1,0,0,3,11,0,76,2279,0,1,0,0,0,0,0,0,1,0,1902,1902,2,503,0,20,0.05,0,Premium Loyalists,0.4716792556993565
30630.0,1,1,67,27,1,12,2,0,10,2,2,0,3,7,0,0,0,0,0,0,3,11,0,55,2312,1,0,0,0,0,0,0,1,0,0,42,32,0,504,2,7,0.2857142857142857,1,Deal Driven Browsers,0.007684870640698625
73454.0,0,0,95,982,73,351,56,14,175,1,2,4,6,5,1,0,0,0,0,0,3,11,0,33,2279,0,0,1,0,0,0,0,0,1,0,1476,1301,1,505,0,13,0.0769230769230769,0,Premium Loyalists,0.26687149614695044
42691.0,0,0,48,179,2,64,38,17,58,1,5,1,6,5,0,0,0,0,0,0,3,11,0,29,2476,0,1,0,0,0,0,0,1,0,0,300,242,0,506,0,13,0.0769230769230769,2,Quiet Value Regulars,0.024743167130232665
70503.0,0,0,73,1379,33,216,0,33,66,1,2,4,9,6,0,1,1,0,0,0,3,11,0,67,2796,0,1,0,0,0,0,0,1,0,0,1661,1595,2,507,0,16,0.0625,0,Premium Loyalists,0.40432622635048243
25545.0,1,0,35,32,1,64,16,12,85,3,2,2,3,6,0,0,0,0,0,0,3,11,1,33,2818,0,1,0,0,0,0,0,1,0,0,125,40,0,508,1,10,0.3,1,Deal Driven Browsers,0.3449835684800375
32880.0,1,0,76,8,4,15,7,6,2,1,1,0,3,8,0,0,0,0,0,0,3,11,0,34,2731,0,1,0,0,0,0,0,1,0,0,40,38,0,509,1,5,0.2,1,Deal Driven Browsers,0.03286928508842085
77863.0,0,0,20,881,38,319,16,25,12,1,4,5,10,2,0,0,0,0,0,0,3,11,0,62,2373,0,0,0,1,0,0,0,0,0,1,1279,1267,0,510,0,20,0.05,2,Quiet Value Regulars,0.11532705202336528
50353.0,0,0,72,141,15,153,67,31,35,1,4,4,6,3,0,0,0,0,0,0,3,11,0,43,2180,0,1,0,0,0,0,0,0,1,0,407,372,0,511,0,15,0.0666666666666666,2,Quiet Value Regulars,0.011259173416385573
61839.0,0,0,20,1000,155,379,224,17,120,1,4,8,4,8,0,0,0,0,0,0,3,11,0,56,2845,0,0,1,0,0,0,0,1,0,0,1775,1655,0,512,0,17,0.0588235294117647,2,Quiet Value Regulars,0.3976162242671046
49154.0,1,1,69,206,10,67,30,27,71,6,4,1,8,6,0,0,0,0,0,0,3,11,0,60,2397,0,1,0,0,0,0,0,0,0,1,340,269,0,513,2,19,0.3157894736842105,1,Deal Driven Browsers,0.03820544591709187
47682.0,0,1,80,162,61,83,97,57,61,4,4,3,8,5,0,0,0,0,0,0,3,11,0,45,2658,0,0,0,0,1,1,0,0,0,0,460,399,0,514,1,19,0.2105263157894736,2,Quiet Value Regulars,0.024104414366683063
72679.0,0,1,65,619,54,260,127,54,54,1,4,7,5,1,0,0,0,0,0,0,3,11,0,51,2443,0,0,1,0,0,0,0,1,0,0,1114,1060,0,515,1,17,0.0588235294117647,2,Quiet Value Regulars,0.02769685076512883
57954.0,1,1,52,456,4,24,0,0,9,7,8,2,6,7,0,1,0,0,0,0,3,11,0,43,2170,0,0,0,1,0,0,0,0,1,0,484,475,1,516,2,23,0.3043478260869565,1,Deal Driven Browsers,0.10616569203421779
65316.0,1,1,65,112,6,92,3,9,38,2,3,2,5,4,0,0,0,0,0,0,3,11,0,58,2590,0,1,0,0,0,0,0,1,0,0,222,184,0,517,2,12,0.1666666666666666,1,Deal Driven Browsers,0.006450551276163196
28567.0,1,0,57,11,3,22,2,2,6,2,2,0,3,6,0,0,0,0,0,0,3,11,0,38,2536,0,0,1,0,0,0,0,1,0,0,40,34,0,518,1,7,0.2857142857142857,1,Deal Driven Browsers,0.021407840690710417
47352.0,0,1,70,172,12,112,8,0,15,4,6,1,5,7,0,0,0,0,0,0,3,11,0,69,2603,0,0,0,1,0,0,0,0,1,0,304,289,0,519,1,16,0.25,1,Deal Driven Browsers,0.011729762829762834
44931.0,0,1,0,78,0,11,0,0,7,1,2,1,3,5,0,0,0,0,0,0,3,11,0,53,2321,0,0,0,1,0,0,0,1,0,0,89,82,0,520,1,7,0.1428571428571428,1,Deal Driven Browsers,0.10112016204803875
76982.0,0,0,19,464,151,292,65,60,30,1,8,3,4,4,0,0,1,0,0,0,3,11,1,53,2293,1,0,0,0,0,0,0,1,0,0,1032,1002,1,521,0,16,0.0625,0,Premium Loyalists,0.5811170123395061
57247.0,0,1,50,99,4,32,37,54,6,2,2,1,7,2,0,0,0,0,0,0,3,11,0,68,2484,0,0,0,1,0,1,0,0,0,0,226,220,0,522,1,12,0.1666666666666666,2,Quiet Value Regulars,0.001401098901098901
22944.0,1,0,67,19,3,19,4,5,26,3,3,0,3,7,0,0,0,0,0,0,3,11,0,39,2347,0,0,1,0,0,0,0,0,1,0,50,24,0,523,1,9,0.3333333333333333,1,Deal Driven Browsers,0.04220586948860779
25315.0,1,0,46,1,9,8,11,3,22,3,3,0,3,8,0,0,0,0,0,0,3,11,0,43,2393,0,0,0,1,0,1,0,0,0,0,32,10,0,524,1,9,0.3333333333333333,1,Deal Driven Browsers,0.02824359459621528
43638.0,0,1,37,63,10,83,7,19,19,2,4,1,4,7,0,0,0,0,0,0,3,11,0,51,2851,0,0,0,0,1,0,0,1,0,0,182,163,0,525,1,11,0.1818181818181818,1,Deal Driven Browsers,0.18569116683244666
42710.0,1,0,38,252,3,42,4,3,102,2,4,5,3,6,0,0,0,0,0,0,3,11,0,36,2737,0,0,1,0,0,0,0,0,0,1,304,202,0,526,1,14,0.1428571428571428,1,Deal Driven Browsers,0.17794302578368323
84169.0,0,0,9,1478,19,403,0,19,0,1,7,6,6,3,0,1,1,0,0,0,3,11,1,38,2485,0,1,0,0,0,0,0,0,0,1,1919,1919,2,527,0,20,0.05,0,Premium Loyalists,0.8260103894306815
54058.0,0,1,56,198,18,252,32,108,54,2,4,6,8,3,0,0,0,0,0,0,3,11,0,44,2549,0,0,0,1,0,0,0,1,0,0,608,554,0,528,1,20,0.1,2,Quiet Value Regulars,0.008462114552114553
24683.0,1,0,98,8,4,10,6,7,6,2,2,0,4,5,0,0,0,0,0,0,3,11,0,30,2272,0,1,0,0,0,1,0,0,0,0,35,29,0,529,1,8,0.25,1,Deal Driven Browsers,0.0070559498153837785
85620.0,0,0,68,416,46,925,60,107,46,1,3,6,4,1,0,0,0,0,0,0,3,11,1,56,2332,0,0,0,0,1,0,0,1,0,0,1554,1508,0,530,0,14,0.0714285714285714,2,Quiet Value Regulars,0.3452207943477692
47850.0,1,0,72,42,7,43,20,12,10,1,3,0,4,6,0,0,0,0,0,0,3,11,0,40,2367,0,1,0,0,0,0,0,1,0,0,124,114,0,531,1,8,0.125,1,Deal Driven Browsers,0.010963051047485014
19514.0,1,1,47,14,3,21,2,1,28,4,3,1,2,8,1,0,0,0,0,0,3,11,1,52,2313,0,1,0,0,0,0,0,1,0,0,41,13,1,532,2,10,0.4,1,Deal Driven Browsers,0.2990288316710001
27159.0,1,1,33,17,0,3,0,0,1,2,1,0,3,6,0,0,0,0,0,0,3,11,0,47,2251,0,1,0,0,0,0,0,0,1,0,20,19,0,533,2,6,0.3333333333333333,1,Deal Driven Browsers,0.048318707194672565
39548.0,1,1,87,15,4,10,3,4,18,2,1,1,3,3,0,0,0,0,0,0,3,11,0,57,2249,0,0,1,0,0,1,0,0,0,0,36,18,0,534,2,7,0.2857142857142857,1,Deal Driven Browsers,0.010543858011408528
21474.0,1,0,0,6,16,24,11,0,34,2,3,1,2,7,1,0,0,0,0,0,3,11,1,31,2241,0,0,1,0,0,0,0,1,0,0,57,23,1,535,1,8,0.25,1,Deal Driven Browsers,0.6136508935066032
60504.0,0,1,73,458,0,24,6,4,34,2,6,2,8,6,0,0,0,0,0,0,3,11,0,49,2301,0,0,1,0,0,0,0,0,0,1,492,458,0,536,1,18,0.1111111111111111,2,Quiet Value Regulars,0.02585325401746672
22419.0,0,0,74,30,3,47,19,21,42,1,3,2,2,8,0,0,0,0,0,0,3,11,0,57,2596,0,1,0,0,0,0,0,1,0,0,120,78,0,537,0,8,0.125,1,Deal Driven Browsers,0.039110863692356466
81698.0,0,0,4,179,28,520,111,123,47,1,3,8,13,1,0,0,0,0,0,0,3,11,1,71,2394,0,1,0,0,0,0,0,0,1,0,961,914,0,538,0,25,0.04,2,Quiet Value Regulars,0.2295303352519129
43462.0,1,1,50,90,17,97,15,6,15,6,4,1,5,8,0,0,0,0,0,0,3,11,0,68,2814,0,0,0,1,0,0,0,1,0,0,225,210,0,539,2,16,0.375,1,Deal Driven Browsers,0.2619682878597086
54880.0,1,0,57,308,85,137,102,45,118,2,6,2,11,5,0,0,0,0,0,0,3,11,0,42,2644,0,0,1,0,0,0,0,0,0,1,677,559,0,540,1,21,0.0952380952380952,2,Quiet Value Regulars,0.06138783115628096
79908.0,0,0,30,557,129,761,29,185,111,1,5,6,7,2,0,0,1,0,0,0,3,11,0,38,2609,0,1,0,0,0,0,0,1,0,0,1661,1550,1,541,0,19,0.0526315789473684,0,Premium Loyalists,0.3032451206523705
15315.0,0,0,27,7,4,13,15,8,17,2,2,0,4,5,0,0,0,0,0,0,3,11,0,50,2489,0,1,0,0,0,1,0,0,0,0,47,30,0,542,0,8,0.25,1,Deal Driven Browsers,0.03567103770307226
87771.0,0,1,61,1492,38,287,50,57,33,1,5,10,4,6,0,1,1,1,1,0,3,11,1,61,2562,0,0,0,1,0,0,0,1,0,0,1924,1891,4,543,1,20,0.05,0,Premium Loyalists,0.7715413154589583
33039.0,1,0,4,30,8,12,8,8,12,1,2,0,4,5,0,0,0,0,0,0,3,11,0,42,2452,0,1,0,0,0,0,0,1,0,0,66,54,0,544,1,7,0.1428571428571428,1,Deal Driven Browsers,0.043714358319257046
81741.0,0,0,75,249,153,940,58,134,38,0,6,6,7,2,0,0,0,0,0,0,3,11,0,40,2537,0,0,1,0,0,0,0,1,0,0,1534,1496,0,545,0,19,0.0,2,Quiet Value Regulars,0.14957430689554274
71499.0,0,1,12,465,25,132,136,0,37,2,8,3,13,4,0,0,0,0,0,0,3,11,0,49,2528,0,0,0,1,0,0,0,0,1,0,758,721,0,546,1,26,0.0769230769230769,2,Quiet Value Regulars,0.0688820556634179
62466.0,0,1,13,129,129,259,168,121,83,5,6,3,12,4,0,0,0,0,0,0,3,11,0,50,2324,0,1,0,0,0,1,0,0,0,0,806,723,0,547,1,26,0.1923076923076923,2,Quiet Value Regulars,0.04315851786572439
48799.0,0,1,9,174,18,81,28,6,24,3,3,2,7,3,0,0,0,0,0,0,3,11,0,57,2395,1,0,0,0,0,0,0,0,0,1,307,283,0,548,1,15,0.2,1,Deal Driven Browsers,0.07683756634064552
52157.0,0,1,48,189,2,29,3,2,40,2,3,2,5,4,0,0,0,0,0,0,3,11,0,70,2181,0,0,0,1,0,0,0,0,0,1,225,185,0,549,1,12,0.1666666666666666,1,Deal Driven Browsers,0.011768686868686868
66565.0,0,1,80,747,10,161,65,40,42,4,4,2,9,8,0,0,0,0,0,0,3,11,0,58,2730,0,0,1,0,0,0,0,1,0,0,1023,981,0,550,1,19,0.2105263157894736,2,Quiet Value Regulars,0.05414593909244063
29298.0,1,1,60,6,0,2,2,0,1,1,1,0,2,5,0,0,0,0,0,0,3,11,0,69,2454,0,0,0,1,0,0,0,0,1,0,10,9,0,551,2,4,0.25,1,Deal Driven Browsers,0.005042731585145379
47691.0,0,1,43,14,0,3,0,0,4,1,1,0,2,6,0,0,0,0,0,0,3,11,0,41,2518,0,0,1,0,0,0,0,1,0,0,17,13,0,552,1,4,0.25,1,Deal Driven Browsers,0.009704674012421501
38200.0,1,1,19,12,0,4,0,0,1,1,1,0,2,7,0,0,0,0,0,0,3,11,0,50,2728,0,0,0,1,0,0,0,1,0,0,16,15,0,553,2,4,0.25,1,Deal Driven Browsers,0.05490239105170882
44989.0,0,1,26,98,0,106,49,10,106,5,5,1,5,6,0,0,0,0,0,0,3,11,0,46,2814,0,1,0,0,0,0,0,1,0,0,263,157,0,554,1,16,0.3125,1,Deal Driven Browsers,0.13596736083278996
38443.0,1,1,58,32,0,5,0,0,1,2,1,0,3,7,0,0,0,0,0,0,3,11,0,52,2312,0,1,0,0,0,0,0,0,0,1,37,36,0,555,2,6,0.3333333333333333,1,Deal Driven Browsers,0.014967129569303479
38593.0,1,0,42,51,12,49,17,24,24,3,4,1,3,8,0,0,0,0,0,0,3,11,0,42,2448,0,0,1,0,0,1,0,0,0,0,153,129,0,556,1,11,0.2727272727272727,1,Deal Driven Browsers,0.047039983687314504
64413.0,0,1,27,200,5,44,0,10,20,1,5,1,5,5,0,0,0,0,0,0,3,11,0,50,2491,0,0,0,1,0,0,0,0,0,1,259,239,0,557,1,12,0.0833333333333333,2,Quiet Value Regulars,0.014133166548453828
36959.0,1,0,56,25,6,25,6,0,0,2,2,0,3,8,0,0,0,0,0,0,3,11,0,39,2429,0,1,0,0,0,0,0,0,1,0,62,62,0,558,1,7,0.2857142857142857,1,Deal Driven Browsers,0.014001539651703549
61996.0,0,1,27,1050,12,144,0,0,24,3,6,4,8,5,0,1,0,1,1,0,3,11,1,43,2673,0,1,0,0,0,0,0,0,0,1,1206,1182,3,559,1,21,0.1428571428571428,0,Premium Loyalists,0.6191771864378872
51287.0,1,1,10,117,0,22,13,0,30,3,4,1,3,7,0,0,0,0,0,0,3,11,0,52,2248,0,1,0,0,0,0,0,1,0,0,152,122,0,560,2,11,0.2727272727272727,1,Deal Driven Browsers,0.07516730103554309
13260.0,1,1,48,9,4,17,10,2,7,4,3,0,3,8,0,0,0,0,0,0,3,11,0,50,2469,0,1,0,0,0,0,0,1,0,0,42,35,0,561,2,10,0.4,1,Deal Driven Browsers,0.0519747276663027
47472.0,1,1,39,56,0,11,0,0,8,2,2,0,4,5,0,0,0,0,0,0,3,11,0,54,2445,0,0,0,1,0,0,0,0,0,1,67,59,0,562,2,8,0.25,1,Deal Driven Browsers,0.00438044733044733
54603.0,1,1,85,145,13,46,17,2,4,6,4,2,4,7,0,0,0,0,0,0,3,11,0,64,2514,0,0,0,1,0,0,0,0,1,0,223,219,0,563,2,16,0.375,1,Deal Driven Browsers,0.030754291848215976
45207.0,1,1,64,203,0,10,0,0,2,5,3,1,6,6,0,1,0,0,0,0,3,11,0,46,2755,0,1,0,0,0,0,0,0,0,1,213,211,1,564,2,15,0.3333333333333333,1,Deal Driven Browsers,0.3117545202246794
40689.0,0,1,69,270,3,27,39,6,99,7,7,1,5,8,0,0,0,0,0,0,3,11,0,69,2627,0,0,0,1,0,0,0,1,0,0,345,246,0,565,1,20,0.35,1,Deal Driven Browsers,0.0876296535518957
47821.0,1,1,54,9,0,16,6,6,10,1,1,0,3,8,0,0,0,0,0,0,3,11,0,53,2411,0,0,0,1,0,1,0,0,0,0,37,27,0,566,2,5,0.2,1,Deal Driven Browsers,0.007222892793481028
27450.0,0,0,57,37,12,23,8,11,52,1,2,1,3,7,0,0,0,0,0,0,3,11,0,69,2599,0,1,0,0,0,0,0,0,1,0,91,39,0,567,0,7,0.1428571428571428,1,Deal Driven Browsers,0.036175678507744044
39453.0,1,0,64,46,0,7,0,0,2,2,2,0,3,6,0,0,0,0,0,0,3,11,0,37,2246,0,0,0,1,0,0,0,1,0,0,53,51,0,568,1,7,0.2857142857142857,1,Deal Driven Browsers,0.010802298495155634
26850.0,1,1,10,31,1,13,7,2,9,4,2,1,4,4,0,0,0,0,0,0,3,11,0,49,2231,0,0,0,1,0,1,0,0,0,0,54,45,0,569,2,11,0.3636363636363636,1,Deal Driven Browsers,0.1153857241523307
79800.0,0,0,65,1060,21,530,32,0,224,1,5,11,5,3,1,0,1,1,0,0,3,11,1,65,2803,0,0,0,0,1,0,0,1,0,0,1643,1419,3,570,0,22,0.0454545454545454,0,Premium Loyalists,0.6876356909985268
61794.0,0,1,74,264,47,188,54,47,11,2,4,4,10,2,0,0,0,0,0,0,3,11,0,59,2447,0,1,0,0,0,0,0,0,1,0,600,589,0,571,1,20,0.1,2,Quiet Value Regulars,0.005468170927604889
53863.0,0,1,4,399,4,30,6,4,30,3,7,1,7,7,0,1,0,0,0,0,3,11,0,65,2202,0,0,0,1,0,0,0,1,0,0,443,413,1,572,1,18,0.1666666666666666,1,Deal Driven Browsers,0.38036071438470176
24221.0,0,0,94,8,9,9,2,5,22,1,1,1,3,4,0,0,0,0,0,0,3,11,0,61,2472,0,0,0,1,0,0,0,1,0,0,33,11,0,573,0,6,0.1666666666666666,1,Deal Driven Browsers,0.007239184183514082
39684.0,1,0,41,19,0,35,6,4,17,2,2,1,2,7,0,0,0,0,0,1,3,11,1,36,2784,0,0,1,0,0,0,0,0,0,1,64,47,0,574,1,7,0.2857142857142857,1,Deal Driven Browsers,0.39525250721325633
92163.0,0,0,25,817,183,797,106,163,20,0,5,11,5,2,0,0,1,1,0,0,3,11,1,45,2723,0,1,0,0,0,0,0,0,1,0,2066,2046,2,575,0,21,0.0,0,Premium Loyalists,0.6260287068714727
69882.0,0,0,94,292,127,635,132,127,165,1,3,7,9,1,0,0,0,0,0,0,3,11,0,55,2390,0,0,1,0,0,0,0,0,1,0,1313,1148,0,576,0,20,0.05,2,Quiet Value Regulars,0.07402368341644619
33178.0,1,0,9,12,6,2,11,2,16,1,1,0,3,4,0,0,0,0,0,0,3,11,0,43,2309,0,0,0,1,0,0,0,1,0,0,33,17,0,577,1,5,0.2,1,Deal Driven Browsers,0.06765256340141529
59973.0,0,0,47,130,30,168,20,34,0,1,3,4,7,1,0,0,0,0,0,0,3,11,0,48,2450,0,1,0,0,0,0,0,0,0,1,382,382,0,578,0,15,0.0666666666666666,2,Quiet Value Regulars,0.015729773845401005
17459.0,1,0,12,6,4,16,3,10,30,3,3,1,2,7,0,0,0,0,0,0,3,11,1,45,2442,0,0,0,1,0,0,0,0,1,0,39,9,0,579,1,9,0.3333333333333333,1,Deal Driven Browsers,0.33244017846393265
23910.0,1,0,80,16,12,18,7,1,13,1,2,0,3,7,0,0,0,0,0,0,3,11,0,51,2770,1,0,0,0,0,0,0,1,0,0,54,41,0,580,1,6,0.1666666666666666,1,Deal Driven Browsers,0.15113496413324162
42169.0,1,1,20,19,0,9,0,0,2,2,1,0,3,8,0,0,0,0,0,0,3,11,0,51,2412,0,1,0,0,0,0,0,0,1,0,28,26,0,581,2,6,0.3333333333333333,1,Deal Driven Browsers,0.1267094931774955
26224.0,1,0,39,4,7,15,13,9,15,3,2,1,3,6,0,0,0,0,0,0,3,11,0,42,2549,0,1,0,0,0,1,0,0,0,0,48,33,0,582,1,9,0.3333333333333333,1,Deal Driven Browsers,0.012731938430426292
31089.0,1,0,57,31,3,31,2,8,4,3,3,0,4,8,0,0,0,0,0,0,3,11,0,39,2840,0,0,0,1,0,0,0,1,0,0,75,71,0,583,1,10,0.3,1,Deal Driven Browsers,0.20659830803602572
30081.0,0,1,27,36,0,2,0,0,4,1,1,0,3,7,0,0,0,0,0,0,3,11,0,59,2652,0,0,1,0,0,0,0,1,0,0,38,34,0,584,1,5,0.2,1,Deal Driven Browsers,0.04532313397270357
62807.0,0,1,83,526,28,135,10,21,99,3,5,3,12,5,0,0,0,0,0,0,3,11,0,60,2826,0,0,0,1,0,0,0,1,0,0,720,621,0,585,1,23,0.1304347826086956,2,Quiet Value Regulars,0.02083234074618201
72906.0,0,0,79,400,32,519,71,75,54,1,3,4,9,1,0,0,0,0,0,0,3,11,0,65,2444,0,0,1,0,0,0,0,1,0,0,1097,1043,0,586,0,17,0.0588235294117647,2,Quiet Value Regulars,0.0334496975502312
61467.0,0,2,69,410,16,114,0,5,49,3,5,2,10,5,0,0,0,0,0,0,3,11,0,72,2726,0,1,0,0,0,0,0,0,0,1,545,496,0,587,2,20,0.15,2,Quiet Value Regulars,0.11259471641814155
49618.0,1,1,77,80,3,26,4,2,14,4,3,1,3,7,0,0,0,0,0,0,3,11,0,54,2678,0,0,0,1,0,0,0,0,1,0,115,101,0,588,2,11,0.3636363636363636,1,Deal Driven Browsers,0.05932342985645057
21888.0,1,0,15,88,10,46,2,3,64,4,5,1,2,10,0,0,0,0,0,0,3,11,1,34,2706,0,0,1,0,0,0,0,0,1,0,149,85,0,589,1,12,0.3333333333333333,1,Deal Driven Browsers,0.5260347353363681
42429.0,0,1,99,55,0,6,2,0,4,2,1,1,3,5,0,0,0,0,0,0,3,11,0,47,2297,0,0,0,0,1,0,0,1,0,0,63,59,0,590,1,7,0.2857142857142857,1,Deal Driven Browsers,0.016685970649814457
26150.0,2,1,61,5,1,13,3,5,1,1,1,0,3,7,0,0,0,0,0,0,3,11,0,64,2634,1,0,0,0,0,0,0,1,0,0,27,26,0,591,3,5,0.2,1,Deal Driven Browsers,0.016267759784075575
30801.0,0,1,23,8,4,5,15,2,11,2,1,0,3,7,0,0,0,0,0,0,3,11,0,45,2770,0,1,0,0,0,0,1,0,0,0,34,23,0,592,1,6,0.3333333333333333,1,Deal Driven Browsers,0.1502877107766419
81168.0,0,0,84,410,0,592,147,22,22,1,6,4,7,3,0,0,0,1,0,0,3,11,0,55,2212,0,1,0,0,0,0,0,1,0,0,1171,1149,1,593,0,18,0.0555555555555555,0,Premium Loyalists,0.13227833993896354
26877.0,0,0,74,101,13,76,20,18,40,2,3,1,6,6,0,0,0,0,0,0,3,11,0,51,2473,0,0,1,0,0,0,0,0,1,0,228,188,0,594,0,12,0.1666666666666666,1,Deal Driven Browsers,0.05406138018552606
45006.0,0,0,90,162,25,53,16,0,10,1,3,1,7,3,0,0,0,0,0,0,3,11,0,76,2505,0,0,0,0,1,0,0,0,1,0,256,246,0,595,0,12,0.0833333333333333,2,Quiet Value Regulars,0.03564357309357309
18978.0,1,0,41,2,8,1,4,7,15,1,1,0,3,8,0,0,0,0,0,0,3,11,0,47,2724,0,1,0,0,0,0,1,0,0,0,22,7,0,596,1,5,0.2,1,Deal Driven Browsers,0.03369021252258602
22574.0,2,1,28,25,0,8,2,0,2,2,2,0,3,7,0,0,0,0,0,0,3,11,0,53,2403,0,1,0,0,0,0,0,1,0,0,35,33,0,597,3,7,0.2857142857142857,1,Deal Driven Browsers,0.01623999211032965
48240.0,0,0,73,389,91,248,64,49,41,3,6,3,13,5,0,0,0,0,0,0,3,11,1,51,2756,0,0,1,0,0,0,0,0,0,1,841,800,0,598,0,25,0.12,2,Quiet Value Regulars,0.40314836899867346
45837.0,1,1,88,215,13,87,17,17,24,5,6,2,5,7,0,0,0,0,0,0,3,11,0,46,2497,0,1,0,0,0,0,0,1,0,0,349,325,0,599,2,18,0.2777777777777778,1,Deal Driven Browsers,0.015675867115632597
35791.0,2,1,94,27,0,5,0,0,3,2,1,0,3,8,0,0,0,0,0,0,3,11,0,55,2578,0,0,1,0,0,0,0,0,1,0,32,29,0,600,3,6,0.3333333333333333,1,Deal Driven Browsers,0.03394996079194044
54162.0,1,1,31,5,6,10,6,5,10,1,1,0,3,4,0,0,0,0,0,0,3,11,0,42,2627,0,0,0,0,1,0,0,1,0,0,32,22,0,601,2,5,0.2,1,Deal Driven Browsers,0.02200318272387532
30522.0,0,1,6,179,8,83,19,11,26,5,1,2,9,2,0,0,0,0,0,0,3,11,0,60,2840,0,1,0,0,0,0,0,0,1,0,300,274,0,602,1,17,0.2941176470588235,1,Deal Driven Browsers,0.2628125149646821
54456.0,0,1,23,352,0,27,10,0,15,3,6,1,7,6,0,0,0,0,0,0,3,11,0,59,2512,0,1,0,0,0,0,0,0,0,1,389,374,0,603,1,17,0.1764705882352941,1,Deal Driven Browsers,0.029263722646462584
31632.0,0,0,92,17,8,12,11,15,32,1,2,1,2,7,0,0,0,0,0,0,3,11,0,49,2509,0,0,1,0,0,0,0,1,0,0,63,31,0,604,0,6,0.1666666666666666,1,Deal Driven Browsers,0.026555535507665907
72298.0,0,0,52,625,35,169,58,17,35,1,4,3,6,1,0,1,1,0,0,0,3,11,0,71,2270,0,0,0,0,1,0,0,1,0,0,904,869,2,605,0,14,0.0714285714285714,0,Premium Loyalists,0.18685360913519744
36975.0,1,0,50,10,6,11,0,4,2,1,1,0,3,7,0,0,0,0,0,0,3,11,0,42,2342,0,0,1,0,0,1,0,0,0,0,31,29,0,606,1,5,0.2,1,Deal Driven Browsers,0.00686721415839063
72635.0,0,0,54,390,22,323,104,35,107,1,6,8,6,3,0,0,0,1,0,0,3,11,0,65,2550,0,1,0,0,0,1,0,0,0,0,874,767,1,607,0,21,0.0476190476190476,0,Premium Loyalists,0.10544976440978984
13624.0,1,0,93,10,2,15,2,1,6,2,2,0,3,6,0,0,0,0,0,0,3,11,0,44,2684,0,1,0,0,0,0,0,1,0,0,30,24,0,608,1,7,0.2857142857142857,1,Deal Driven Browsers,0.040337607143815485
84196.0,0,1,56,215,63,507,231,31,190,1,8,4,7,3,0,0,0,0,0,0,3,11,0,45,2550,0,0,1,0,0,0,0,1,0,0,1047,857,0,609,1,20,0.05,2,Quiet Value Regulars,0.1526587672529949
70971.0,0,1,28,1001,17,572,93,125,17,7,11,11,5,7,0,0,0,0,0,0,3,11,1,60,2805,0,0,0,1,0,0,0,1,0,0,1808,1791,0,610,1,34,0.2058823529411764,2,Quiet Value Regulars,0.19417979912633088
34487.0,1,1,94,19,18,33,24,1,8,3,3,0,3,9,0,0,0,0,0,0,3,11,0,43,2820,1,0,0,0,0,0,0,0,0,1,95,87,0,611,2,9,0.3333333333333333,1,Deal Driven Browsers,0.30497586170997765
28769.0,1,0,76,41,5,129,10,3,3,3,4,1,4,9,0,0,0,0,0,0,3,11,0,43,2717,0,0,1,0,0,0,0,1,0,0,188,185,0,612,1,12,0.25,1,Deal Driven Browsers,0.10067310011166372
69084.0,1,0,43,1181,107,199,39,30,30,2,7,3,13,8,0,0,0,0,0,0,3,11,0,50,2381,0,1,0,0,0,0,0,0,0,1,1556,1526,0,613,1,25,0.08,2,Quiet Value Regulars,0.08741811107325828
65488.0,0,0,46,603,45,207,36,18,54,1,3,4,6,1,0,0,0,0,0,0,3,11,0,62,2175,0,0,0,1,0,0,0,0,0,1,909,855,0,614,0,14,0.0714285714285714,2,Quiet Value Regulars,0.014558377733377731
62466.0,0,1,13,129,129,259,168,121,83,5,6,3,12,4,0,0,0,0,0,0,3,11,0,50,2324,0,1,0,0,0,1,0,0,0,0,806,723,0,615,1,26,0.1923076923076923,2,Quiet Value Regulars,0.04315851786572439
32218.0,0,0,27,10,24,15,13,1,30,1,2,1,3,7,1,0,0,0,0,0,3,11,1,60,2293,0,0,1,0,0,1,0,0,0,0,63,33,1,616,0,7,0.1428571428571428,1,Deal Driven Browsers,0.39045383539325196
83917.0,0,0,12,514,22,732,42,198,79,1,6,7,7,3,0,0,0,0,0,0,3,11,1,47,2596,0,0,1,0,0,0,0,1,0,0,1508,1429,0,617,0,21,0.0476190476190476,2,Quiet Value Regulars,0.48053594120651183
46102.0,2,1,3,14,0,1,0,0,1,1,1,0,2,7,0,0,0,0,0,0,3,11,0,58,2270,1,0,0,0,0,0,0,1,0,0,15,14,0,618,3,4,0.25,1,Deal Driven Browsers,0.0767268802493495
84574.0,0,0,72,387,20,713,38,54,163,1,9,11,11,5,0,0,0,0,0,0,3,11,0,68,2549,0,0,1,0,0,0,0,1,0,0,1212,1049,0,619,0,32,0.03125,2,Quiet Value Regulars,0.1852207065521084
56181.0,0,1,6,121,103,69,8,44,48,1,4,2,7,4,0,0,0,0,0,0,3,11,0,58,2696,0,1,0,0,0,0,0,1,0,0,345,297,0,620,1,14,0.0714285714285714,2,Quiet Value Regulars,0.06599308498876201
63120.0,0,1,53,965,69,279,54,41,69,5,8,4,9,7,0,0,0,0,0,0,3,11,1,70,2798,1,0,0,0,0,0,0,0,1,0,1408,1339,0,621,1,26,0.1923076923076923,2,Quiet Value Regulars,0.20089424580407567
73691.0,0,1,58,707,21,250,85,43,73,2,6,2,8,2,1,0,0,0,0,0,3,11,0,49,2394,0,1,0,0,0,0,0,1,0,0,1106,1033,1,622,1,18,0.1111111111111111,2,Quiet Value Regulars,0.0403009772242823
63381.0,0,1,78,571,50,142,33,50,159,4,4,5,13,2,0,0,0,0,0,0,3,11,0,60,2791,0,0,0,1,0,0,0,1,0,0,846,687,0,623,1,26,0.1538461538461538,2,Quiet Value Regulars,0.023259182753128767
76140.0,0,0,57,586,66,653,17,0,26,1,5,9,6,2,0,0,0,0,0,0,3,11,0,72,2206,0,0,0,1,0,0,0,0,0,1,1322,1296,0,624,0,21,0.0476190476190476,2,Quiet Value Regulars,0.05811335557173015
62859.0,0,1,37,1063,89,102,16,12,25,4,9,4,6,6,0,0,0,0,0,0,3,11,0,61,2705,1,0,0,0,0,0,0,0,0,1,1282,1257,0,625,1,23,0.1739130434782608,2,Quiet Value Regulars,0.21756724048798365
45906.0,0,1,20,305,3,27,4,3,144,2,5,4,4,5,1,0,0,0,0,0,3,11,0,56,2577,0,0,1,0,0,0,0,1,0,0,342,198,1,626,1,15,0.1333333333333333,1,Deal Driven Browsers,0.23298149930521406
77632.0,0,0,73,1200,105,758,0,42,147,1,4,2,6,2,0,1,1,0,0,0,3,11,1,73,2635,0,0,0,1,0,0,0,0,1,0,2105,1958,2,627,0,13,0.0769230769230769,0,Premium Loyalists,0.5033823465634882
46463.0,1,1,56,163,2,40,8,11,11,7,3,1,6,6,0,0,0,0,0,0,3,11,0,49,2474,0,1,0,0,0,0,0,0,0,1,224,213,0,628,2,17,0.4117647058823529,1,Deal Driven Browsers,0.04235335223293543
105471.0,0,0,36,1009,181,104,202,21,207,0,9,8,13,3,0,0,1,1,0,0,3,11,1,50,2683,0,0,0,1,0,0,0,1,0,0,1517,1310,2,629,0,30,0.0,0,Premium Loyalists,0.6863493872804406
55282.0,1,0,9,125,6,73,8,4,19,1,3,1,6,4,0,0,0,0,0,0,3,11,0,50,2357,1,0,0,0,0,0,0,0,1,0,216,197,0,630,1,11,0.0909090909090909,2,Quiet Value Regulars,0.12258203350207376
78710.0,0,1,42,721,0,152,119,50,50,3,7,6,12,4,0,0,0,0,0,0,3,11,0,43,2196,0,1,0,0,0,0,0,0,1,0,1042,992,0,631,1,28,0.1071428571428571,2,Quiet Value Regulars,0.025663851903549022
66886.0,0,1,28,315,4,62,41,31,146,2,7,1,7,5,0,0,0,0,0,0,3,11,0,62,2445,0,0,0,1,0,0,0,1,0,0,453,307,0,632,1,17,0.1176470588235294,2,Quiet Value Regulars,0.004014063714063714
98777.0,0,0,23,1000,19,711,125,115,38,0,4,6,9,1,0,1,0,0,0,0,3,11,0,60,2291,0,0,1,0,0,0,0,0,1,0,1970,1932,1,633,0,19,0.0,0,Premium Loyalists,0.24597477015075117
29103.0,1,0,38,16,0,17,6,3,6,2,1,0,3,9,0,0,0,0,0,0,3,11,0,35,2830,0,0,0,1,0,0,0,1,0,0,42,36,0,634,1,6,0.3333333333333333,1,Deal Driven Browsers,0.2649261787537227
67445.0,0,1,63,757,80,217,29,80,11,5,9,6,12,6,0,0,0,0,0,0,3,11,0,46,2845,0,1,0,0,0,0,0,1,0,0,1163,1152,0,635,1,32,0.15625,2,Quiet Value Regulars,0.05564014984634941
50616.0,0,1,71,30,2,25,0,1,9,1,1,1,4,2,0,0,0,0,0,0,3,11,0,70,2236,0,0,0,1,0,0,0,0,0,1,58,49,0,636,1,7,0.1428571428571428,1,Deal Driven Browsers,0.010897697563874032
49431.0,0,1,9,219,3,100,26,0,17,2,7,1,5,8,0,0,0,0,0,0,3,11,0,65,2854,1,0,0,0,0,0,0,1,0,0,348,331,0,637,1,15,0.1333333333333333,1,Deal Driven Browsers,0.21476943824142106
61278.0,0,1,87,111,3,28,2,6,15,2,3,1,4,6,0,0,0,0,0,0,3,11,0,67,2335,0,0,0,1,0,0,0,1,0,0,150,135,0,638,1,10,0.2,1,Deal Driven Browsers,0.006667460317460318
26490.0,0,0,92,45,47,52,21,20,25,2,3,1,5,6,0,0,0,0,0,0,3,11,0,62,2804,0,0,0,1,0,1,0,0,0,0,185,160,0,639,0,11,0.1818181818181818,1,Deal Driven Browsers,0.08371956712689824
73059.0,0,1,36,410,112,420,0,82,71,1,9,3,13,4,0,0,0,0,0,0,3,11,0,73,2461,0,0,0,1,0,0,0,0,0,1,1024,953,0,640,1,26,0.0384615384615384,2,Quiet Value Regulars,0.05827584878313977
46734.0,1,2,86,100,1,39,6,1,76,4,3,2,3,6,1,0,0,0,0,0,3,11,0,54,2410,0,0,1,0,0,0,0,0,0,1,147,71,1,641,3,12,0.3333333333333333,1,Deal Driven Browsers,0.1246293858508428
56253.0,0,1,83,509,0,65,7,11,5,4,7,2,9,6,0,0,0,0,0,0,3,11,0,57,2728,0,0,0,1,0,0,0,1,0,0,592,587,0,642,1,22,0.1818181818181818,2,Quiet Value Regulars,0.02229818286288873
19986.0,1,0,74,3,6,5,0,2,6,1,0,0,3,7,0,0,0,0,0,0,3,11,0,35,2386,0,1,0,0,0,0,0,1,0,0,16,10,0,643,1,4,0.25,1,Deal Driven Browsers,0.02534105364528309
58330.0,0,1,87,445,53,213,104,98,151,1,6,4,13,4,0,0,0,0,0,0,3,11,0,45,2345,0,0,0,0,1,0,0,1,0,0,913,762,0,644,1,24,0.0416666666666666,2,Quiet Value Regulars,0.010172240042306243
25965.0,0,0,29,2,2,11,41,7,11,1,2,0,3,8,0,0,0,0,0,0,3,11,0,40,2819,0,1,0,0,0,0,1,0,0,0,63,52,0,645,0,6,0.1666666666666666,1,Deal Driven Browsers,0.1415832030883721
14661.0,0,0,88,4,1,11,6,2,2,1,1,0,3,6,0,0,0,0,0,0,3,11,0,64,2703,0,0,0,1,0,0,0,0,1,0,24,22,0,646,0,5,0.2,1,Deal Driven Browsers,0.04400353288950364
18690.0,0,0,77,6,1,7,23,4,19,1,1,1,2,8,0,0,0,0,0,0,3,11,0,61,2707,0,1,0,0,0,0,0,1,0,0,41,22,0,647,0,5,0.2,1,Deal Driven Browsers,0.023333993987197637
45068.0,0,1,25,14,0,3,0,0,3,1,1,0,2,7,0,0,0,0,0,0,3,11,0,46,2568,0,0,0,1,0,0,0,0,0,1,17,14,0,648,1,4,0.25,1,Deal Driven Browsers,0.018744341620300694
21063.0,1,0,34,1,10,11,19,3,15,2,2,0,3,6,0,0,0,0,0,0,3,11,0,33,2436,0,0,1,0,0,0,1,0,0,0,44,29,0,649,1,7,0.2857142857142857,1,Deal Driven Browsers,0.027251917445758847
29187.0,1,0,43,26,0,6,0,0,2,1,1,0,3,8,0,0,0,0,0,0,3,11,0,52,2575,0,1,0,0,0,0,0,0,0,1,32,30,0,650,1,5,0.2,1,Deal Driven Browsers,0.01597125424441479
54690.0,1,1,76,111,16,37,7,9,18,3,3,1,5,3,0,0,0,0,0,0,3,11,0,49,2393,0,1,0,0,0,1,0,0,0,0,180,162,0,651,2,12,0.25,1,Deal Driven Browsers,0.004862901003730316
59304.0,0,1,81,418,61,428,80,51,10,3,7,8,10,5,0,0,0,0,0,0,3,11,0,56,2494,0,1,0,0,0,0,0,0,0,1,1038,1028,0,652,1,28,0.1071428571428571,2,Quiet Value Regulars,0.039817660965920425
59247.0,0,2,87,327,9,122,19,14,83,5,5,2,9,6,0,0,0,0,0,0,3,11,0,58,2392,0,0,1,0,0,0,0,0,1,0,491,408,0,653,2,21,0.238095238095238,1,Deal Driven Browsers,0.017667942042845504
66731.0,0,1,33,371,159,194,58,106,141,4,4,3,6,3,0,0,0,0,0,0,3,11,0,50,2814,0,0,0,0,1,0,0,1,0,0,888,747,0,654,1,17,0.2352941176470588,2,Quiet Value Regulars,0.10449240542813382
77353.0,0,1,38,275,59,107,69,101,59,2,6,4,8,4,0,0,0,0,0,0,3,11,0,40,2354,0,1,0,0,0,0,0,1,0,0,611,552,0,655,1,20,0.1,2,Quiet Value Regulars,0.010634371393805358
52614.0,0,1,63,789,0,142,12,9,38,2,2,4,8,8,0,0,0,0,0,0,3,11,0,45,2734,0,0,1,0,0,0,0,0,0,1,952,914,0,656,1,16,0.125,2,Quiet Value Regulars,0.11260112245214053
26751.0,2,0,26,1,1,5,0,3,1,1,1,0,2,8,0,0,0,0,0,0,3,11,0,46,2197,0,1,0,0,0,0,0,1,0,0,10,9,0,657,2,4,0.25,1,Deal Driven Browsers,0.04701069907693864
81300.0,0,1,17,1004,12,145,32,12,36,3,10,3,5,5,0,0,0,1,0,0,3,11,1,57,2766,0,1,0,0,0,0,0,0,0,1,1205,1169,1,658,1,21,0.1428571428571428,2,Quiet Value Regulars,0.5094284266816779
70337.0,0,0,75,187,81,149,25,43,91,1,2,2,12,1,0,0,0,0,0,0,3,11,0,41,2337,0,0,1,0,0,0,0,1,0,0,485,394,0,659,0,17,0.0588235294117647,2,Quiet Value Regulars,0.009516022477041862
36145.0,1,0,13,56,4,76,17,1,18,4,4,1,3,9,1,0,0,0,0,0,3,11,1,35,2537,0,1,0,0,0,1,0,0,0,0,154,136,1,660,1,12,0.3333333333333333,1,Deal Driven Browsers,0.6436935617850944
65295.0,0,0,19,365,32,117,34,110,6,1,3,3,13,2,0,0,0,0,0,0,3,11,0,40,2347,0,0,1,0,0,0,0,0,0,1,658,652,0,661,0,20,0.05,2,Quiet Value Regulars,0.13709439025049777
68118.0,0,1,51,595,23,123,10,23,154,2,8,9,4,6,0,0,0,0,0,0,3,11,0,57,2413,1,0,0,0,0,0,0,1,0,0,774,620,0,662,1,23,0.0869565217391304,2,Quiet Value Regulars,0.007047839692607135
68743.0,0,0,81,1132,134,384,175,134,115,1,11,5,13,7,0,0,0,0,0,0,3,11,0,53,2827,1,0,0,0,0,0,0,1,0,0,1959,1844,0,663,0,30,0.0333333333333333,2,Quiet Value Regulars,0.22899076737376967
41039.0,0,0,32,34,11,137,179,61,45,1,8,1,5,8,0,0,0,0,0,0,3,11,0,38,2498,0,0,0,1,0,1,0,0,0,0,422,377,0,664,0,15,0.0666666666666666,2,Quiet Value Regulars,0.0624124298123106
38946.0,0,1,84,116,6,82,6,6,41,2,3,1,6,5,0,0,0,0,0,0,3,11,0,65,2407,0,0,0,1,0,0,0,1,0,0,216,175,0,665,1,12,0.1666666666666666,1,Deal Driven Browsers,0.005869371414493366
65777.0,0,0,87,565,32,435,28,32,54,1,2,8,6,1,0,0,0,0,0,0,3,11,0,53,2351,0,0,0,1,0,0,0,1,0,0,1092,1038,0,666,0,17,0.0588235294117647,2,Quiet Value Regulars,0.021512155656485555
66476.0,0,1,99,372,18,126,47,48,78,2,5,2,11,4,0,0,0,0,0,0,3,11,0,44,2638,1,0,0,0,0,0,0,0,0,1,611,533,0,667,1,20,0.1,2,Quiet Value Regulars,0.06657637606618137
86857.0,0,0,96,899,102,838,133,102,40,1,5,6,10,2,0,0,0,0,0,0,3,11,1,48,2814,0,0,1,0,0,0,0,0,0,1,2074,2034,0,668,0,22,0.0454545454545454,2,Quiet Value Regulars,0.5961344021007681
77845.0,0,0,40,760,40,480,0,40,26,1,3,5,12,1,0,0,1,1,0,0,3,11,0,31,2203,0,0,0,1,0,0,0,0,0,1,1320,1294,2,669,0,21,0.0476190476190476,0,Premium Loyalists,0.2398959115896783
69476.0,0,0,3,260,86,559,63,9,67,1,4,6,4,2,0,0,0,0,0,0,3,11,0,51,2431,0,0,0,1,0,0,0,0,0,1,977,910,0,670,0,15,0.0666666666666666,2,Quiet Value Regulars,0.16935436192317072
50611.0,0,1,98,459,0,24,6,0,4,6,4,5,7,6,0,1,0,0,0,0,3,11,1,60,2792,1,0,0,0,0,0,0,0,0,1,489,485,1,671,1,22,0.2727272727272727,1,Deal Driven Browsers,0.34659751873075106
61209.0,0,0,73,466,0,224,119,49,99,1,5,3,4,2,0,0,0,0,0,0,3,11,0,50,2467,0,0,1,0,0,0,0,1,0,0,858,759,0,672,0,13,0.0769230769230769,2,Quiet Value Regulars,0.012588333047377174
42315.0,0,1,90,67,15,80,17,11,80,3,1,4,4,3,0,0,0,0,0,0,3,11,0,62,2511,0,0,0,1,0,0,0,0,1,0,190,110,0,673,1,12,0.25,1,Deal Driven Browsers,0.005419860739982691
13084.0,0,0,29,2,0,7,3,7,10,1,1,0,3,6,0,0,0,0,0,0,3,11,0,68,2398,0,0,0,1,0,0,1,0,0,0,19,9,0,674,0,5,0.2,1,Deal Driven Browsers,0.02632212346645336
47570.0,1,1,3,67,1,20,0,2,31,3,2,2,2,7,0,0,0,0,0,0,3,11,1,71,2555,0,0,0,0,1,0,0,0,1,0,90,59,0,675,2,9,0.3333333333333333,1,Deal Driven Browsers,0.3371482938214483
61923.0,0,2,94,92,4,18,3,3,6,1,2,1,4,3,0,0,0,0,0,0,3,11,0,59,2497,0,1,0,0,0,0,0,0,1,0,120,114,0,676,2,8,0.125,1,Deal Driven Browsers,0.004986469295903257
34824.0,0,0,65,4,2,11,2,0,4,1,1,0,2,6,0,0,0,0,0,0,3,11,0,25,2254,0,0,1,0,0,0,0,1,0,0,19,15,0,677,0,4,0.25,1,Deal Driven Browsers,0.014829686942560665
26518.0,1,1,33,20,1,28,3,3,2,3,2,0,3,8,0,0,0,0,0,0,3,11,1,71,2606,0,0,1,0,0,0,0,0,0,1,55,53,0,678,2,8,0.375,1,Deal Driven Browsers,0.2635394184802363
45938.0,0,0,46,273,11,178,62,83,29,2,8,4,6,6,0,0,0,0,0,0,3,11,0,59,2397,0,0,1,0,0,0,0,1,0,0,607,578,0,679,0,20,0.1,2,Quiet Value Regulars,0.05883281921528784
78468.0,0,0,29,434,22,388,104,22,34,1,10,7,10,4,0,0,0,1,0,0,3,11,0,60,2240,0,0,0,1,0,0,0,1,0,0,970,936,1,680,0,28,0.0357142857142857,0,Premium Loyalists,0.15072861183347333
78901.0,0,1,99,321,11,309,33,26,34,3,9,3,5,4,0,0,0,0,0,0,3,11,0,47,2444,1,0,0,0,0,0,0,1,0,0,700,666,0,681,1,20,0.15,2,Quiet Value Regulars,0.03686595540042872
71427.0,2,0,26,212,123,177,15,64,23,2,8,2,8,4,0,0,0,0,0,0,3,11,0,42,2268,0,1,0,0,0,0,0,1,0,0,591,568,0,682,2,20,0.1,2,Quiet Value Regulars,0.022686938881357366
71022.0,0,1,30,909,12,278,0,12,242,3,5,2,11,8,1,0,0,0,0,0,3,11,0,42,2297,1,0,0,0,0,0,0,1,0,0,1211,969,1,683,1,21,0.1428571428571428,2,Quiet Value Regulars,0.12793131502817215
90247.0,0,0,27,1184,32,352,21,16,16,1,3,4,7,1,0,1,1,1,0,0,3,11,1,32,2220,0,0,1,0,0,0,0,0,1,0,1605,1589,3,684,0,15,0.0666666666666666,0,Premium Loyalists,0.5058463309163119
41335.0,1,0,24,112,19,21,16,14,5,3,4,1,4,7,0,0,0,0,0,0,3,11,0,52,2344,1,0,0,0,0,0,0,0,1,0,182,177,0,685,1,12,0.25,1,Deal Driven Browsers,0.03841459919733724
71952.0,1,0,93,656,80,455,52,107,93,2,8,4,8,4,1,0,1,0,0,0,3,11,0,34,2694,0,1,0,0,0,0,0,1,0,0,1350,1257,2,686,1,22,0.0909090909090909,0,Premium Loyalists,0.25545390181909955
35682.0,1,0,34,23,0,8,6,2,18,1,1,1,3,2,0,0,0,0,0,0,3,11,0,50,2161,1,0,0,0,0,0,0,0,0,1,39,21,0,687,1,6,0.1666666666666666,1,Deal Driven Browsers,0.016985598551775023
43185.0,0,1,88,537,6,42,16,6,30,2,9,3,6,8,0,0,0,0,0,0,3,11,0,69,2604,1,0,0,0,0,0,0,1,0,0,607,577,0,688,1,20,0.1,2,Quiet Value Regulars,0.035913222976781095
66375.0,0,1,96,712,0,45,0,0,191,3,2,4,5,7,1,0,0,0,0,0,3,11,0,72,2379,0,0,0,1,0,0,0,0,0,1,757,566,1,689,1,14,0.2142857142857142,2,Quiet Value Regulars,0.08211350426319468
35178.0,1,0,10,23,1,13,2,2,18,1,1,1,2,7,1,0,0,0,0,0,3,11,1,49,2694,0,1,0,0,0,0,0,0,1,0,41,23,1,690,1,5,0.2,1,Deal Driven Browsers,0.586416355516739
25252.0,1,0,26,1,3,4,2,2,6,1,1,0,2,8,0,0,0,0,0,0,3,11,0,34,2511,0,1,0,0,0,0,0,1,0,0,12,6,0,691,1,4,0.25,1,Deal Driven Browsers,0.05245762207063389
55250.0,0,1,49,664,58,83,32,0,66,4,7,5,10,5,0,0,0,0,0,0,3,11,0,55,2775,0,0,1,0,0,0,0,0,1,0,837,771,0,692,1,26,0.1538461538461538,2,Quiet Value Regulars,0.11553738463438448
33249.0,1,0,11,6,10,21,19,14,42,2,2,1,3,6,0,0,0,0,0,0,3,11,0,45,2653,0,0,1,0,0,0,0,1,0,0,70,28,0,693,1,8,0.25,1,Deal Driven Browsers,0.08603923439387634
58398.0,0,0,44,299,5,201,21,21,49,3,5,4,8,4,0,0,0,0,0,0,3,11,0,67,2570,0,0,0,1,0,0,0,1,0,0,547,498,0,694,0,20,0.15,2,Quiet Value Regulars,0.017397548041877937
50272.0,1,0,75,99,13,66,43,8,4,3,4,1,5,7,0,0,0,0,0,0,3,11,0,38,2485,0,0,0,1,0,0,0,1,0,0,229,225,0,695,1,13,0.2307692307692307,1,Deal Driven Browsers,0.012763112618375776
76618.0,0,0,64,749,40,294,121,160,147,1,3,2,5,1,0,0,0,0,0,0,3,11,0,45,2728,0,1,0,0,0,0,0,0,0,1,1364,1217,0,696,0,11,0.0909090909090909,2,Quiet Value Regulars,0.11074690719408539
87305.0,0,0,19,345,25,501,63,138,80,1,5,3,8,2,0,0,1,0,0,0,3,11,1,60,2803,1,0,0,0,0,1,0,0,0,0,1072,992,1,697,0,17,0.0588235294117647,0,Premium Loyalists,0.6922998278348719
25851.0,1,0,45,9,4,18,7,5,5,2,2,0,3,7,0,0,0,0,0,0,3,11,0,42,2662,0,0,0,1,0,0,0,1,0,0,43,38,0,698,1,7,0.2857142857142857,1,Deal Driven Browsers,0.014014990908950992
58710.0,0,1,77,440,81,368,0,122,174,6,11,5,9,6,0,0,0,0,0,0,3,11,0,50,2614,1,0,0,0,0,0,0,1,0,0,1011,837,0,699,1,31,0.1935483870967742,2,Quiet Value Regulars,0.02239388350448287
45160.0,1,1,9,8,2,5,3,0,3,1,1,0,2,7,0,0,0,0,0,0,3,11,0,62,2251,0,0,1,0,0,0,0,1,0,0,18,15,0,700,2,4,0.25,1,Deal Driven Browsers,0.043329305248210694
74806.0,0,1,1,670,9,249,0,28,9,2,5,4,5,4,0,0,0,0,0,0,3,11,0,55,2716,0,1,0,0,0,0,0,0,1,0,956,947,0,701,1,16,0.125,2,Quiet Value Regulars,0.09435321001807624
59111.0,0,0,90,524,0,134,28,28,155,1,11,1,8,7,0,0,0,0,0,0,3,11,0,66,2582,0,1,0,0,0,0,0,1,0,0,714,559,0,702,0,21,0.0476190476190476,2,Quiet Value Regulars,0.037153895527144355
18988.0,1,0,43,6,0,6,2,1,1,2,1,0,3,7,0,0,0,0,0,0,3,11,0,36,2196,0,1,0,0,0,0,0,0,0,1,15,14,0,703,1,6,0.3333333333333333,1,Deal Driven Browsers,0.05058874502163782
72190.0,0,0,79,597,166,597,172,166,249,1,5,6,4,3,0,0,0,0,0,0,3,11,0,55,2660,0,1,0,0,0,0,0,1,0,0,1698,1449,0,704,0,16,0.0625,2,Quiet Value Regulars,0.1466751997800289
7500.0,1,0,19,7,0,12,13,7,32,5,4,1,2,9,1,0,0,0,0,0,3,11,1,44,2856,0,1,0,0,0,0,0,1,0,0,39,7,1,705,1,12,0.4166666666666667,1,Deal Driven Browsers,0.7066507054706254
44794.0,0,1,99,54,0,7,0,0,4,1,2,0,3,6,0,0,0,0,0,0,3,11,0,54,2180,0,1,0,0,0,0,0,1,0,0,61,57,0,706,1,6,0.1666666666666666,1,Deal Driven Browsers,0.009756879441313404
80395.0,0,0,62,445,25,706,80,76,48,1,6,5,12,2,0,0,0,1,0,0,3,11,0,65,2377,0,1,0,0,0,0,0,1,0,0,1332,1284,1,707,0,24,0.0416666666666666,0,Premium Loyalists,0.057082869412850436
75012.0,0,0,41,294,142,218,164,58,151,1,3,8,11,1,0,0,0,0,0,0,3,11,0,44,2314,1,0,0,0,0,0,0,0,1,0,876,725,0,708,0,23,0.0434782608695652,2,Quiet Value Regulars,0.06921975554258834
56962.0,2,1,60,292,3,77,10,3,26,7,6,3,5,7,0,0,0,0,0,0,3,11,0,55,2420,0,1,0,0,0,0,0,0,1,0,385,359,0,709,3,21,0.3333333333333333,1,Deal Driven Browsers,0.03405457807922944
89891.0,0,0,17,412,22,132,59,28,183,1,11,6,8,4,0,0,1,0,0,0,3,11,0,29,2599,0,0,0,1,0,0,0,1,0,0,653,470,1,710,0,26,0.0384615384615384,0,Premium Loyalists,0.45514617510870387
35946.0,1,1,24,8,0,3,0,0,0,1,0,0,3,5,0,0,0,0,0,0,3,11,0,71,2434,1,0,0,0,0,0,0,0,0,1,11,11,0,711,2,4,0.25,1,Deal Driven Browsers,0.04057527445793592
53593.0,1,1,60,349,4,78,6,0,43,8,7,2,6,8,0,0,0,0,0,0,3,11,0,67,2850,0,0,0,1,0,0,0,0,0,1,437,394,0,712,2,23,0.3478260869565217,1,Deal Driven Browsers,0.3578130170128554
66373.0,1,1,57,328,9,124,12,24,109,7,4,2,10,3,0,0,0,0,0,0,3,11,0,42,2541,0,1,0,0,0,0,0,1,0,0,497,388,0,713,2,23,0.3043478260869565,2,Quiet Value Regulars,0.034502485393701585
45072.0,1,2,74,144,2,99,7,2,30,5,6,1,4,8,0,0,0,0,0,0,3,11,0,72,2415,1,0,0,0,0,0,0,0,0,1,254,224,0,714,3,16,0.3125,1,Deal Driven Browsers,0.07565534455112802
89694.0,1,1,22,1126,28,211,37,28,42,3,4,3,4,5,0,1,1,1,0,0,3,11,0,47,2422,1,0,0,0,0,0,0,1,0,0,1430,1388,3,715,2,14,0.2142857142857142,0,Premium Loyalists,0.48714446561002045
72025.0,0,0,46,967,0,617,43,50,0,1,4,8,13,2,0,1,1,1,0,0,3,11,1,71,2220,0,1,0,0,0,0,0,1,0,0,1677,1677,3,716,0,26,0.0384615384615384,0,Premium Loyalists,0.39965272414122527
67432.0,0,1,69,432,79,341,177,136,170,2,8,5,4,4,0,0,0,0,0,0,3,11,0,47,2616,0,1,0,0,0,0,0,1,0,0,1165,995,0,717,1,19,0.1052631578947368,2,Quiet Value Regulars,0.04083596415305996
70545.0,0,1,29,138,39,63,55,18,21,1,4,1,7,2,0,0,0,0,0,0,3,11,0,68,2185,0,0,0,1,0,0,0,0,1,0,313,292,0,718,1,13,0.0769230769230769,2,Quiet Value Regulars,0.007601479892656362
17487.0,1,0,37,0,0,1,7,4,6,1,1,0,2,7,0,0,0,0,0,0,3,11,0,31,2627,0,1,0,0,0,0,1,0,0,0,12,6,0,719,1,4,0.25,1,Deal Driven Browsers,0.022666859913830287
62882.0,0,1,26,509,133,497,78,24,97,2,7,5,6,4,0,0,0,0,0,0,3,11,0,51,2848,0,0,0,1,0,0,0,1,0,0,1241,1144,0,720,1,20,0.1,2,Quiet Value Regulars,0.10184676377221225
64108.0,0,1,8,948,10,86,13,21,21,4,6,9,11,5,0,0,0,0,0,0,3,11,0,67,2622,0,0,1,0,0,0,0,0,0,1,1078,1057,0,721,1,30,0.1333333333333333,2,Quiet Value Regulars,0.13350941713189354
34941.0,1,1,26,39,2,25,4,3,24,2,3,0,3,8,0,0,0,0,0,0,3,11,0,64,2639,0,0,0,1,0,0,0,0,1,0,73,49,0,722,2,8,0.25,1,Deal Driven Browsers,0.043433215306156486
48767.0,1,2,79,28,1,21,3,0,10,3,2,1,3,5,0,0,0,0,0,0,3,11,0,70,2338,0,0,1,0,0,0,0,0,0,1,53,43,0,723,3,9,0.3333333333333333,1,Deal Driven Browsers,0.03272144335083318
38702.0,1,0,71,13,11,24,13,8,40,2,3,0,4,6,0,0,0,0,0,0,3,11,0,42,2491,0,0,0,1,0,1,0,0,0,0,69,29,0,724,1,9,0.2222222222222222,1,Deal Driven Browsers,0.013750703055114817
82224.0,0,0,83,307,26,360,138,31,40,1,6,9,5,3,0,0,0,1,0,0,3,11,0,56,2314,0,1,0,0,0,0,0,1,0,0,862,822,1,725,0,21,0.0476190476190476,0,Premium Loyalists,0.09019295465497551
83844.0,0,0,57,901,31,345,75,31,191,1,4,4,11,1,0,0,1,0,0,0,3,11,0,68,2572,0,0,0,1,0,0,0,1,0,0,1383,1192,1,726,0,20,0.05,0,Premium Loyalists,0.1549062687819034
17003.0,1,0,37,2,5,12,4,8,7,3,2,0,4,5,0,0,0,0,0,0,3,11,0,45,2361,0,1,0,0,0,1,0,0,0,0,31,24,0,727,1,9,0.3333333333333333,1,Deal Driven Browsers,0.023567451861906098
71163.0,0,0,30,283,17,372,138,106,44,1,3,8,12,1,0,0,0,0,0,0,3,11,0,25,2271,0,0,1,0,0,0,0,1,0,0,916,872,0,728,0,24,0.0416666666666666,2,Quiet Value Regulars,0.08128591724635524
33697.0,1,0,34,4,3,7,0,3,11,1,1,0,2,7,1,0,0,0,0,0,3,11,0,50,2446,0,0,1,0,0,0,0,1,0,0,17,6,1,729,1,4,0.25,1,Deal Driven Browsers,0.2319856856814865
63564.0,0,0,0,769,80,252,15,34,65,1,10,10,7,6,1,0,0,0,0,0,3,11,1,66,2310,0,1,0,0,0,1,0,0,0,0,1150,1085,1,730,0,28,0.0357142857142857,2,Quiet Value Regulars,0.43626777579418335
83443.0,0,0,89,518,42,742,55,56,84,1,6,10,5,2,0,0,0,0,0,0,3,11,0,48,2339,0,0,0,1,0,0,0,0,0,1,1413,1329,0,731,0,22,0.0454545454545454,2,Quiet Value Regulars,0.14523410885984256
51518.0,0,1,92,350,8,66,17,4,4,2,3,2,10,3,0,0,0,0,0,0,3,11,0,62,2428,0,0,0,1,0,0,0,0,0,1,445,441,0,732,1,17,0.1176470588235294,2,Quiet Value Regulars,0.005480974580974582
58330.0,0,1,87,445,53,213,104,98,151,1,6,4,13,4,0,0,0,0,0,0,3,11,0,45,2345,0,0,0,0,1,0,0,1,0,0,913,762,0,733,1,24,0.0416666666666666,2,Quiet Value Regulars,0.010172240042306243
80952.0,0,0,20,778,178,689,41,27,44,1,8,5,11,8,0,1,1,1,0,0,3,11,1,51,2645,0,1,0,0,0,0,0,1,0,0,1713,1669,3,734,0,25,0.04,0,Premium Loyalists,0.7781272842565335
75507.0,0,0,56,709,93,374,104,80,80,1,8,6,6,3,0,0,0,0,0,0,3,11,0,41,2217,0,0,0,1,0,0,0,1,0,0,1360,1280,0,735,0,21,0.0476190476190476,2,Quiet Value Regulars,0.05065892221682727
63855.0,0,0,28,359,35,314,93,116,89,1,7,3,13,4,0,0,0,0,0,0,3,11,0,42,2664,0,0,0,1,0,1,0,0,0,0,917,828,0,736,0,24,0.0416666666666666,2,Quiet Value Regulars,0.05474183565940848
62220.0,0,1,55,799,12,375,16,12,12,5,7,6,5,6,0,0,0,0,0,0,3,11,1,48,2846,0,0,0,1,0,0,0,0,0,1,1214,1202,0,737,1,23,0.217391304347826,2,Quiet Value Regulars,0.40672857357211056
58512.0,0,1,25,895,10,101,13,0,152,5,3,4,8,8,0,0,0,0,0,0,3,11,0,56,2442,0,1,0,0,0,0,0,1,0,0,1019,867,0,738,1,20,0.25,2,Quiet Value Regulars,0.020263209401675624
40662.0,1,0,0,40,2,23,0,4,23,2,2,1,3,4,0,0,0,0,0,0,3,11,0,41,2630,0,1,0,0,0,0,0,0,1,0,69,46,0,739,1,8,0.25,1,Deal Driven Browsers,0.09587733816358972
38829.0,0,1,86,76,0,7,0,0,16,1,3,2,2,5,0,0,0,0,0,0,3,11,0,61,2243,0,1,0,0,0,0,0,0,0,1,83,67,0,740,1,8,0.125,1,Deal Driven Browsers,0.006231838684191624
35523.0,1,0,8,11,5,22,12,5,11,2,3,0,3,7,0,0,0,0,0,0,3,11,0,39,2428,0,1,0,0,0,1,0,0,0,0,55,44,0,741,1,8,0.25,1,Deal Driven Browsers,0.055931762270902095
79146.0,1,1,33,245,16,223,21,43,16,2,8,1,8,6,0,0,0,0,0,0,3,11,0,53,2225,0,0,1,0,0,0,0,1,0,0,548,532,0,742,2,19,0.1052631578947368,2,Quiet Value Regulars,0.05367532493051565
78285.0,0,0,13,647,107,391,175,67,40,1,6,4,10,3,0,0,0,0,0,0,3,11,0,32,2403,0,1,0,0,0,0,0,0,1,0,1387,1347,0,743,0,21,0.0476190476190476,2,Quiet Value Regulars,0.17158866463397238
31626.0,1,0,12,39,1,9,2,1,34,1,2,1,2,7,1,0,0,0,0,0,3,11,1,42,2574,0,0,1,0,0,0,0,0,0,1,52,18,1,744,1,6,0.1666666666666666,1,Deal Driven Browsers,0.6227288822222593
75127.0,0,0,92,203,35,305,46,17,227,1,2,11,5,1,0,0,0,0,0,0,3,11,0,68,2197,0,0,1,0,0,0,0,1,0,0,606,379,0,745,0,19,0.0526315789473684,2,Quiet Value Regulars,0.03370197728803726
48726.0,0,1,90,138,3,38,4,0,59,3,3,2,4,6,0,0,0,0,0,0,3,11,0,65,2587,0,1,0,0,0,0,0,1,0,0,183,124,0,746,1,12,0.25,1,Deal Driven Browsers,0.009071561980995943
74985.0,0,0,8,587,51,898,247,0,86,1,3,6,7,2,0,0,0,0,0,0,3,11,0,43,2815,0,1,0,0,0,0,0,1,0,0,1783,1697,0,747,0,17,0.0588235294117647,2,Quiet Value Regulars,0.3034541515308922
67430.0,0,0,6,595,97,291,127,133,121,1,11,5,12,6,0,0,0,0,0,0,3,11,0,33,2821,0,0,0,1,0,0,0,1,0,0,1243,1122,0,748,0,29,0.0344827586206896,2,Quiet Value Regulars,0.2669663870379283
46891.0,0,1,91,43,12,23,29,15,61,1,2,1,4,4,0,0,0,0,0,0,3,11,0,55,2460,0,1,0,0,0,1,0,0,0,0,122,61,0,749,1,8,0.125,1,Deal Driven Browsers,0.003023315782749745
62058.0,0,1,52,301,7,74,10,0,58,4,6,1,7,6,0,0,0,0,0,0,3,11,0,64,2558,0,1,0,0,0,0,0,0,1,0,392,334,0,750,1,18,0.2222222222222222,2,Quiet Value Regulars,0.00975314261660884
72063.0,0,1,3,180,32,348,76,32,90,2,5,2,12,2,0,0,0,0,0,0,3,11,0,41,2520,0,1,0,0,0,0,0,1,0,0,668,578,0,751,1,21,0.0952380952380952,2,Quiet Value Regulars,0.06240182028166827
78939.0,0,0,57,794,115,243,150,0,205,1,8,5,6,3,0,0,0,0,0,0,3,11,0,69,2358,0,1,0,0,0,0,0,0,0,1,1302,1097,0,752,0,20,0.05,2,Quiet Value Regulars,0.0882799403347705
42720.0,1,1,9,392,5,91,28,26,112,8,7,3,7,8,0,0,0,0,0,0,3,11,1,55,2590,0,0,1,0,0,0,0,1,0,0,542,430,0,753,2,25,0.32,1,Deal Driven Browsers,0.32049876461111165
33622.0,1,1,22,39,1,22,3,4,12,3,2,0,4,7,0,0,0,0,0,0,3,11,0,48,2601,0,1,0,0,0,0,0,1,0,0,69,57,0,754,2,9,0.3333333333333333,1,Deal Driven Browsers,0.09014215935789402
6835.0,0,1,76,107,2,12,2,2,12,0,0,0,1,20,0,0,0,0,0,0,3,11,0,63,2727,0,0,0,1,0,0,0,0,0,1,125,113,0,755,1,1,0.0,1,Deal Driven Browsers,0.08593211213269382
41452.0,1,1,86,13,0,3,0,0,0,1,1,0,2,7,0,0,0,0,0,0,3,11,0,67,2639,0,0,0,1,0,0,0,1,0,0,16,16,0,756,2,4,0.25,1,Deal Driven Browsers,0.015795436045436043
40760.0,0,1,64,70,0,17,0,0,6,2,2,1,3,6,0,0,0,0,0,0,3,11,0,55,2462,0,0,1,0,0,0,0,0,0,1,87,81,0,757,1,8,0.25,1,Deal Driven Browsers,0.017713350043415645
74250.0,0,0,90,680,11,392,75,0,0,1,2,11,4,1,0,0,0,0,0,0,3,11,0,62,2313,0,0,0,1,0,0,0,0,0,1,1158,1158,0,758,0,18,0.0555555555555555,2,Quiet Value Regulars,0.048937521302227165
51124.0,1,1,79,26,1,11,0,1,4,2,1,0,3,3,0,0,0,0,0,0,3,11,0,65,2352,0,0,1,0,0,0,0,0,1,0,39,35,0,759,2,6,0.3333333333333333,1,Deal Driven Browsers,0.015867369517093676
72258.0,0,1,28,522,0,522,227,120,134,2,6,9,5,2,0,0,0,0,0,0,3,11,0,49,2449,0,0,1,0,0,0,0,1,0,0,1391,1257,0,760,1,22,0.0909090909090909,2,Quiet Value Regulars,0.08415785856730132
71466.0,0,0,86,412,12,546,78,182,0,1,4,4,10,1,0,0,0,0,0,0,3,11,0,46,2244,0,0,1,0,0,0,0,0,0,1,1230,1230,0,761,0,19,0.0526315789473684,2,Quiet Value Regulars,0.08059374231707886
36283.0,1,1,42,6,5,5,8,0,5,2,1,0,3,4,0,0,0,0,0,0,3,11,0,44,2235,0,0,0,1,0,0,0,1,0,0,24,19,0,762,2,6,0.3333333333333333,1,Deal Driven Browsers,0.021173943543122044
20587.0,1,0,39,2,3,6,4,1,9,1,1,1,2,7,0,0,0,0,0,0,3,11,0,50,2208,0,0,1,0,0,0,0,1,0,0,16,7,0,763,1,5,0.2,1,Deal Driven Browsers,0.024643727316651345
30467.0,1,0,8,1,3,8,2,5,5,1,1,0,2,7,0,0,0,0,0,0,3,11,0,48,2261,0,1,0,0,0,0,0,1,0,0,19,14,0,764,1,4,0.25,1,Deal Driven Browsers,0.055867801465546256
31590.0,1,0,40,6,2,15,6,6,3,1,1,0,3,8,0,0,0,0,0,0,3,11,0,48,2535,0,0,0,1,0,0,0,1,0,0,35,32,0,765,1,5,0.2,1,Deal Driven Browsers,0.01558180627251712
20425.0,1,0,5,4,12,5,3,16,17,2,2,0,3,7,0,0,0,0,0,0,3,11,0,34,2767,0,1,0,0,0,0,1,0,0,0,40,23,0,766,1,7,0.2857142857142857,1,Deal Driven Browsers,0.1853597998199576
17144.0,1,1,96,18,2,19,0,2,6,5,3,0,4,7,0,0,0,0,0,0,3,11,0,60,2293,0,0,0,1,0,0,0,0,1,0,41,35,0,767,2,12,0.4166666666666667,1,Deal Driven Browsers,0.03556051623618373
42564.0,0,1,28,324,48,186,39,18,198,6,6,8,4,7,1,0,0,0,0,0,3,11,1,52,2702,1,0,0,0,0,0,0,0,0,1,615,417,1,768,1,24,0.25,1,Deal Driven Browsers,0.4788638882698082
43783.0,1,0,22,327,9,125,25,4,139,6,7,1,8,7,1,0,0,0,0,0,3,11,0,42,2190,0,1,0,0,0,0,0,0,1,0,490,351,1,769,1,22,0.2727272727272727,1,Deal Driven Browsers,0.2547900558872872
40780.0,0,1,30,229,27,71,13,3,34,4,7,1,5,9,0,0,0,0,0,0,3,11,0,44,2818,1,0,0,0,0,0,0,1,0,0,343,309,0,770,1,17,0.2352941176470588,1,Deal Driven Browsers,0.31033551074578153
62847.0,0,0,45,521,168,706,80,76,61,1,3,6,4,2,0,0,0,0,0,0,3,11,0,75,2689,0,0,0,1,0,0,0,0,1,0,1551,1490,0,771,0,14,0.0714285714285714,2,Quiet Value Regulars,0.13669069866023364
82017.0,0,0,58,184,23,446,30,23,23,1,5,4,7,2,0,1,1,1,0,0,3,11,1,63,2758,0,1,0,0,0,0,0,0,0,1,706,683,3,772,0,17,0.0588235294117647,0,Premium Loyalists,0.5997666434277852
16813.0,0,0,49,4,8,11,12,2,13,1,2,0,3,7,1,0,0,0,0,0,3,11,0,70,2504,0,0,1,0,0,0,0,1,0,0,37,24,1,773,0,6,0.1666666666666666,1,Deal Driven Browsers,0.24807011998585193
51267.0,1,1,37,183,2,64,7,2,12,4,3,3,5,4,0,0,0,0,0,0,3,11,0,42,2402,0,1,0,0,0,0,0,1,0,0,258,246,0,774,2,15,0.2666666666666666,1,Deal Driven Browsers,0.009359859794293756
46524.0,0,1,70,31,19,35,26,14,52,2,1,1,5,3,0,0,0,0,0,0,3,11,0,59,2609,0,0,1,0,0,0,0,1,0,0,125,73,0,775,1,9,0.2222222222222222,1,Deal Driven Browsers,0.013169228184095341
45183.0,0,0,33,219,3,60,12,9,12,1,4,1,7,7,0,1,0,0,0,0,3,11,0,58,2684,0,0,1,0,0,0,0,0,1,0,303,291,1,776,0,13,0.0769230769230769,2,Quiet Value Regulars,0.2535506677331163
70421.0,0,1,98,479,28,136,75,14,35,3,10,3,7,6,0,0,0,0,0,0,3,11,0,66,2160,0,1,0,0,0,0,0,0,0,1,732,697,0,777,1,23,0.1304347826086956,2,Quiet Value Regulars,0.033030249215710045
60161.0,0,1,17,584,44,212,46,8,177,3,11,4,8,8,0,0,0,0,0,0,3,11,0,55,2773,1,0,0,0,0,1,0,0,0,0,894,717,0,778,1,26,0.1153846153846153,2,Quiet Value Regulars,0.11086593549268788
73926.0,0,0,54,627,91,597,159,91,15,1,6,5,12,3,0,0,0,0,0,0,3,11,0,47,2643,0,0,0,1,0,0,0,1,0,0,1565,1550,0,779,0,24,0.0416666666666666,2,Quiet Value Regulars,0.08016344050915894
19329.0,1,0,39,24,1,16,12,2,5,3,4,0,3,8,0,0,0,0,0,0,3,11,0,52,2356,0,1,0,0,0,0,0,1,0,0,55,50,0,780,1,10,0.3,1,Deal Driven Browsers,0.03643379334069241
61872.0,0,1,81,330,5,159,36,27,16,4,4,4,9,4,0,0,0,0,0,0,3,11,0,50,2357,0,1,0,0,0,0,0,0,1,0,557,541,0,781,1,21,0.1904761904761904,2,Quiet Value Regulars,0.007455962214332347
46984.0,1,1,71,19,1,10,2,1,8,1,1,0,3,5,0,0,0,0,0,0,3,11,0,64,2619,0,0,0,0,1,0,0,1,0,0,33,25,0,782,2,5,0.2,1,Deal Driven Browsers,0.011417532177311465
34838.0,1,1,62,28,23,29,29,14,47,3,2,1,4,6,0,0,0,0,0,0,3,11,0,69,2685,0,1,0,0,0,0,0,1,0,0,123,76,0,783,2,10,0.3,1,Deal Driven Browsers,0.05547253753913854
82716.0,0,0,8,606,148,228,15,148,22,1,6,8,13,2,0,0,0,0,0,0,3,11,0,76,2395,0,0,1,0,0,0,0,0,0,1,1145,1123,0,784,0,28,0.0357142857142857,2,Quiet Value Regulars,0.27111399988937346
48192.0,0,0,76,1039,43,204,153,58,29,3,2,8,12,8,0,1,0,1,1,0,3,11,1,62,2608,0,1,0,0,0,0,0,1,0,0,1497,1468,3,785,0,25,0.12,0,Premium Loyalists,0.5991647767527591
49681.0,0,2,66,411,0,26,0,0,21,6,7,1,7,7,0,0,0,0,0,0,3,11,0,44,2396,0,1,0,0,0,0,0,0,1,0,437,416,0,786,2,21,0.2857142857142857,1,Deal Driven Browsers,0.021797243915247143
56850.0,0,1,83,34,1,19,2,7,0,1,1,1,3,2,0,0,0,0,0,0,3,11,0,49,2257,0,1,0,0,0,0,0,0,1,0,63,63,0,787,1,6,0.1666666666666666,1,Deal Driven Browsers,0.004096403805837767
55267.0,0,1,28,161,28,136,32,3,45,4,3,4,6,3,0,0,0,0,0,0,3,11,0,63,2410,0,1,0,0,0,0,0,1,0,0,360,315,0,788,1,17,0.2352941176470588,2,Quiet Value Regulars,0.004669308352271725
59666.0,1,1,87,623,53,178,23,17,133,7,3,2,8,8,0,1,0,0,0,0,3,11,0,48,2623,0,1,0,0,0,0,0,1,0,0,894,761,1,789,2,20,0.35,1,Deal Driven Browsers,0.12084645774625913
72504.0,0,1,43,604,26,470,123,161,94,2,5,9,6,2,0,0,0,0,0,0,3,11,0,48,2608,0,0,1,0,0,0,0,1,0,0,1384,1290,0,790,1,22,0.0909090909090909,2,Quiet Value Regulars,0.07328053691234807
26872.0,0,0,0,3,10,8,3,16,32,1,1,1,2,6,0,0,0,0,0,0,3,11,0,39,2415,0,1,0,0,0,0,0,1,0,0,40,8,0,791,0,5,0.2,1,Deal Driven Browsers,0.09688013095733725
21359.0,1,0,1,12,2,17,6,1,10,2,2,0,3,8,0,0,0,0,0,0,3,11,1,48,2594,0,0,1,0,0,0,0,1,0,0,38,28,0,792,1,7,0.2857142857142857,1,Deal Driven Browsers,0.3810816120296921
73170.0,0,0,1,184,174,256,50,30,32,1,5,4,6,2,0,0,0,0,0,0,3,11,0,45,2188,0,0,1,0,0,0,0,1,0,0,694,662,0,793,0,16,0.0625,2,Quiet Value Regulars,0.19073812774465315
52750.0,0,1,72,393,0,239,90,69,69,6,5,7,9,4,0,0,0,0,0,0,3,11,0,65,2669,0,1,0,0,0,0,0,0,1,0,791,722,0,794,1,27,0.2222222222222222,2,Quiet Value Regulars,0.019870217120646072
91820.0,0,0,72,410,73,747,76,161,30,0,5,5,12,1,0,0,0,0,0,0,3,11,0,34,2377,0,0,0,1,0,0,0,0,0,1,1467,1437,0,795,0,22,0.0,2,Quiet Value Regulars,0.2961706460024854
65968.0,0,1,12,376,9,83,19,4,4,2,5,4,7,3,0,0,0,0,0,0,3,11,0,50,2207,0,0,0,1,0,0,0,0,0,1,491,487,0,796,1,18,0.1111111111111111,2,Quiet Value Regulars,0.08298497547809373
30772.0,1,1,89,7,2,4,2,1,4,1,1,0,2,6,0,0,0,0,0,0,3,11,0,44,2268,0,1,0,0,0,0,0,1,0,0,16,12,0,797,2,4,0.25,1,Deal Driven Browsers,0.017397259504501803
22507.0,0,0,67,68,0,226,51,157,68,3,10,2,4,9,0,0,0,0,0,0,3,11,0,66,2741,0,0,1,0,0,0,0,1,0,0,502,434,0,798,0,19,0.1578947368421052,1,Deal Driven Browsers,0.1629418378188296
65685.0,0,1,54,642,14,49,0,7,57,1,9,2,9,5,0,0,0,0,0,0,3,11,0,48,2251,0,1,0,0,0,0,0,1,0,0,712,655,0,799,1,21,0.0476190476190476,2,Quiet Value Regulars,0.010633910743344707
25804.0,1,0,34,8,7,9,13,6,12,2,2,0,3,8,0,0,0,0,0,0,3,11,0,42,2460,0,1,0,0,0,1,0,0,0,0,43,31,0,800,1,7,0.2857142857142857,1,Deal Driven Browsers,0.011041839089719641
76412.0,0,0,15,840,53,804,23,71,17,1,5,4,8,3,0,0,1,1,0,0,3,11,1,40,2579,0,0,1,0,0,0,0,0,0,1,1791,1774,2,801,0,18,0.0555555555555555,0,Premium Loyalists,0.85669224558981
22063.0,1,0,43,7,10,13,3,11,11,2,2,0,3,7,0,0,0,0,0,0,3,11,0,48,2484,0,1,0,0,0,0,0,1,0,0,44,33,0,802,1,7,0.2857142857142857,1,Deal Driven Browsers,0.011849666724938066
57091.0,0,0,0,464,5,64,7,0,37,1,7,3,7,5,0,0,0,0,1,0,3,11,1,59,2173,0,0,1,0,0,0,0,1,0,0,540,503,1,803,0,18,0.0555555555555555,2,Quiet Value Regulars,0.3443691997077355
22419.0,0,0,74,30,3,47,19,21,42,1,3,2,2,8,0,0,0,0,0,0,3,11,0,57,2596,0,1,0,0,0,0,0,1,0,0,120,78,0,804,0,8,0.125,1,Deal Driven Browsers,0.039110863692356466
87771.0,0,1,61,1492,38,287,50,57,33,1,5,10,4,6,0,1,1,1,1,0,3,11,1,61,2562,0,0,0,1,0,0,0,1,0,0,1924,1891,4,805,1,20,0.05,0,Premium Loyalists,0.7715413154589583
78353.0,0,1,51,752,122,476,39,153,34,1,10,2,11,8,0,0,0,0,0,0,3,11,0,61,2598,1,0,0,0,0,1,0,0,0,0,1542,1508,0,806,1,24,0.0416666666666666,2,Quiet Value Regulars,0.10250058810344854
93404.0,1,2,97,1279,15,287,20,0,15,3,3,4,7,5,0,1,1,0,0,0,3,11,0,66,2577,0,1,0,0,0,0,0,1,0,0,1601,1586,2,807,3,17,0.1764705882352941,0,Premium Loyalists,0.38145018212333837
37859.0,1,2,75,22,1,8,2,1,2,2,1,0,3,8,0,0,0,0,0,0,3,11,0,58,2692,1,0,0,0,0,0,0,1,0,0,34,32,0,808,3,6,0.3333333333333333,1,Deal Driven Browsers,0.04126227742902687
80995.0,0,1,83,860,28,409,73,56,56,1,8,9,4,4,0,0,0,0,0,0,3,11,0,62,2573,0,0,0,0,1,0,0,0,0,1,1426,1370,0,809,1,22,0.0454545454545454,2,Quiet Value Regulars,0.10159715531749186
16529.0,1,0,23,3,0,5,13,0,1,1,1,0,3,6,0,0,0,0,0,0,3,11,0,36,2279,0,0,0,1,0,0,0,1,0,0,21,20,0,810,1,5,0.2,1,Deal Driven Browsers,0.056426481261604065
55412.0,1,1,65,10,5,28,11,1,8,1,2,0,3,5,0,0,0,0,0,0,3,11,0,44,2378,1,0,0,0,0,0,0,0,0,1,55,47,0,811,2,6,0.1666666666666666,1,Deal Driven Browsers,0.01415076325347439
48789.0,0,0,94,351,16,156,7,5,145,1,6,4,7,6,0,0,0,0,0,0,3,11,0,28,2816,0,0,1,0,0,0,0,1,0,0,535,390,0,812,0,18,0.0555555555555555,2,Quiet Value Regulars,0.13671279905412584
56575.0,0,2,42,421,5,90,0,16,10,3,7,3,7,5,0,0,0,0,0,0,3,11,0,53,2579,0,0,0,1,0,0,0,0,0,1,532,522,0,813,2,20,0.15,2,Quiet Value Regulars,0.017878241159085706
25130.0,1,0,10,2,5,7,0,18,18,2,2,0,3,7,0,0,0,0,0,0,3,11,0,40,2429,0,0,0,1,0,1,0,0,0,0,32,14,0,814,1,7,0.2857142857142857,1,Deal Driven Browsers,0.13038658038136208
35441.0,1,1,94,25,1,9,2,1,1,2,1,0,3,8,0,0,0,0,0,0,3,11,0,53,2659,0,1,0,0,0,0,0,1,0,0,38,37,0,815,2,6,0.3333333333333333,1,Deal Driven Browsers,0.015110664842405414
71391.0,0,1,50,336,123,274,46,123,141,5,6,5,12,3,0,0,0,0,0,0,3,11,0,64,2616,0,1,0,0,0,0,0,1,0,0,902,761,0,816,1,28,0.1785714285714285,2,Quiet Value Regulars,0.012400515217302122
49494.0,1,0,46,191,9,97,0,6,82,2,6,1,5,7,0,0,0,0,0,0,3,11,0,48,2589,0,0,1,0,0,0,0,0,1,0,303,221,0,817,1,14,0.1428571428571428,1,Deal Driven Browsers,0.029691203186966723
81702.0,0,0,98,563,50,774,28,31,187,1,7,7,12,3,0,0,0,0,0,0,3,11,0,40,2803,1,0,0,0,0,0,0,1,0,0,1446,1259,0,818,0,27,0.037037037037037,2,Quiet Value Regulars,0.13983365988157012
45889.0,0,1,42,31,0,6,0,1,8,1,1,0,3,6,0,0,0,0,0,0,3,11,0,40,2521,0,0,1,0,0,1,0,0,0,0,38,30,0,819,1,5,0.2,1,Deal Driven Browsers,0.014334798002135465
56628.0,0,1,30,479,5,82,7,17,171,2,7,6,5,5,1,0,0,0,0,0,3,11,0,43,2259,0,0,1,0,0,0,0,1,0,0,590,419,1,820,1,20,0.1,2,Quiet Value Regulars,0.06813107621555313
34026.0,1,1,11,18,6,15,12,8,17,3,2,1,3,5,0,0,0,0,0,0,3,11,0,70,2487,0,0,0,1,0,0,0,1,0,0,59,42,0,821,2,9,0.3333333333333333,1,Deal Driven Browsers,0.10782449805923724
40049.0,0,1,61,91,65,52,10,44,28,3,3,2,6,5,0,0,0,0,0,0,3,11,0,46,2736,0,1,0,0,0,0,0,1,0,0,262,234,0,822,1,14,0.2142857142857142,1,Deal Driven Browsers,0.0831495174811975
34176.0,1,0,12,5,7,24,19,14,20,4,3,0,4,6,0,0,0,0,0,0,3,11,0,32,2207,0,0,1,0,0,0,0,1,0,0,69,49,0,823,1,11,0.3636363636363636,1,Deal Driven Browsers,0.15592442286338562
19419.0,1,0,76,2,14,28,16,3,7,4,4,0,3,9,0,0,0,0,0,0,3,11,0,39,2755,0,1,0,0,0,0,0,1,0,0,63,56,0,824,1,11,0.3636363636363636,1,Deal Driven Browsers,0.26010788723488054
82504.0,0,0,2,362,50,431,134,35,54,1,3,6,7,1,0,0,0,0,0,0,3,11,0,60,2496,0,1,0,0,0,1,0,0,0,0,1012,958,0,825,0,17,0.0588235294117647,2,Quiet Value Regulars,0.18641110506563824
81205.0,0,0,43,724,74,929,97,55,130,1,5,6,7,2,1,0,1,0,1,0,3,11,1,50,2326,0,0,0,1,0,0,0,1,0,0,1879,1749,3,826,0,19,0.0526315789473684,0,Premium Loyalists,0.571137009095216
61618.0,0,0,27,605,91,399,0,45,205,2,3,6,8,3,0,0,0,0,0,0,3,11,0,29,2797,0,0,1,0,0,1,0,0,0,0,1140,935,0,827,0,19,0.1052631578947368,2,Quiet Value Regulars,0.14917618693011986
55284.0,0,1,60,547,7,140,0,7,63,3,7,5,8,5,0,0,0,0,0,0,3,11,0,64,2711,0,0,1,0,0,0,0,0,1,0,701,638,0,828,1,23,0.1304347826086956,2,Quiet Value Regulars,0.05209292405125253
49980.0,0,1,79,104,1,54,13,9,14,2,3,1,5,5,0,0,0,0,0,0,3,11,0,57,2408,0,0,1,0,0,0,0,1,0,0,181,167,0,829,1,11,0.1818181818181818,1,Deal Driven Browsers,0.004311598856900797
15072.0,2,0,96,8,2,15,0,10,18,4,3,1,3,5,0,0,0,0,0,0,3,11,0,40,2574,0,1,0,0,0,0,0,1,0,0,35,17,0,830,2,11,0.3636363636363636,1,Deal Driven Browsers,0.03595031749126008
49166.0,0,1,17,224,2,25,7,0,110,2,5,3,3,6,0,0,0,0,0,0,3,11,0,46,2540,0,0,1,0,0,0,0,1,0,0,258,148,0,831,1,13,0.1538461538461538,1,Deal Driven Browsers,0.051255943043417934
65324.0,0,1,0,384,0,102,21,32,5,3,6,2,9,4,0,0,0,0,0,0,3,11,0,66,2328,0,1,0,0,0,0,0,0,0,1,539,534,0,832,1,20,0.15,2,Quiet Value Regulars,0.08261159246980686
82347.0,0,0,38,556,54,845,202,133,63,1,7,7,10,3,1,0,0,1,0,0,3,11,0,63,2759,0,1,0,0,0,1,0,0,0,0,1790,1727,2,833,0,25,0.04,0,Premium Loyalists,0.6647140292876178
30843.0,1,1,43,24,0,2,0,0,9,2,1,1,2,5,1,0,0,0,0,0,3,11,0,54,2193,0,0,0,1,0,0,0,0,0,1,26,17,1,834,2,6,0.3333333333333333,1,Deal Driven Browsers,0.15459213212498862
46374.0,0,1,1,408,0,21,0,0,17,3,7,1,7,8,0,1,0,1,0,0,3,11,1,46,2263,0,1,0,0,0,0,0,0,0,1,429,412,2,835,1,18,0.1666666666666666,1,Deal Driven Browsers,0.6119693781456996
60474.0,0,1,25,265,199,303,234,9,170,7,10,2,12,7,0,0,0,0,0,0,3,11,0,41,2613,0,0,1,0,0,0,0,1,0,0,1010,840,0,836,1,31,0.2258064516129032,2,Quiet Value Regulars,0.03514564540604676
38576.0,0,1,2,34,0,7,0,0,0,1,1,0,3,7,0,0,0,0,0,0,3,11,0,47,2276,0,1,0,0,0,0,0,0,1,0,41,41,0,837,1,5,0.2,1,Deal Driven Browsers,0.0870480764507434
55357.0,2,0,66,374,64,116,84,25,64,3,6,2,11,5,0,0,0,0,0,0,3,11,0,35,2654,0,1,0,0,0,0,0,1,0,0,663,599,0,838,2,22,0.1363636363636363,2,Quiet Value Regulars,0.022481204249558896
37758.0,1,1,49,27,2,10,0,0,1,2,1,0,3,8,0,0,0,0,0,0,3,11,0,54,2792,0,0,0,1,0,0,0,1,0,0,39,38,0,839,2,6,0.3333333333333333,1,Deal Driven Browsers,0.10755222913122149
85710.0,0,0,5,600,20,350,29,30,33,1,6,9,10,2,0,0,1,0,0,0,3,11,0,31,2579,0,1,0,0,0,1,0,0,0,0,1029,996,1,840,0,26,0.0384615384615384,0,Premium Loyalists,0.5315366203649965
23228.0,1,0,71,13,2,18,6,1,0,2,2,0,3,8,0,0,0,0,0,0,3,11,0,51,2313,0,0,0,1,0,0,0,1,0,0,40,40,0,841,1,7,0.2857142857142857,1,Deal Driven Browsers,0.016902588503189996
44602.0,1,1,35,167,2,89,0,0,34,6,6,1,4,8,0,0,0,0,0,0,3,11,0,51,2293,0,0,0,1,0,0,0,0,1,0,258,224,0,842,2,17,0.3529411764705882,1,Deal Driven Browsers,0.05548596771019369
7500.0,0,0,94,0,2,3,4,1,5,1,0,0,3,6,0,0,0,0,0,0,3,11,0,33,2695,0,1,0,0,0,0,0,1,0,0,10,5,0,843,0,4,0.25,1,Deal Driven Browsers,0.049932873029768274
38683.0,1,0,80,46,35,69,84,41,66,6,4,1,6,7,0,0,0,0,0,0,3,11,0,31,2792,0,0,0,1,0,1,0,0,0,0,275,209,0,844,1,17,0.3529411764705882,1,Deal Driven Browsers,0.16461053760844557
49514.0,1,0,61,88,39,78,58,13,93,2,6,1,4,7,0,0,0,0,0,0,3,11,0,45,2353,0,0,1,0,0,1,0,0,0,0,276,183,0,845,1,13,0.1538461538461538,1,Deal Driven Browsers,0.008669580275827687
57906.0,0,1,29,243,11,119,10,3,15,3,4,2,8,4,0,0,0,0,0,0,3,11,0,47,2542,0,0,0,1,0,0,0,0,0,1,386,371,0,846,1,17,0.1764705882352941,2,Quiet Value Regulars,0.008461774378532244
43456.0,0,1,0,275,11,68,25,7,7,3,5,1,8,5,0,0,0,0,0,0,3,11,0,54,2619,0,0,1,0,0,0,0,0,1,0,386,379,0,847,1,17,0.1764705882352941,1,Deal Driven Browsers,0.14888952143734635
19485.0,2,0,80,6,0,4,0,0,0,1,1,0,2,7,0,0,0,0,0,0,3,11,0,34,2437,0,0,1,0,0,0,0,0,1,0,10,10,0,848,2,4,0.25,1,Deal Driven Browsers,0.017132132682132678
53172.0,0,1,54,121,62,90,68,20,125,3,2,3,8,3,0,0,0,0,0,0,3,11,0,42,2578,0,0,0,1,0,0,0,1,0,0,361,236,0,849,1,16,0.1875,2,Quiet Value Regulars,0.007837458367745645
30545.0,1,0,71,4,12,15,19,7,12,2,2,0,3,7,0,0,0,0,0,0,3,11,0,41,2779,0,0,0,1,0,0,0,1,0,0,57,45,0,850,1,7,0.2857142857142857,1,Deal Driven Browsers,0.10053043832923511
70123.0,0,0,27,1308,0,396,23,0,0,1,5,7,4,3,0,1,0,0,1,0,3,11,0,37,2433,0,0,0,1,0,0,0,0,0,1,1727,1727,2,851,0,17,0.0588235294117647,0,Premium Loyalists,0.42767955023924664
62450.0,0,1,61,515,47,267,62,66,38,2,5,5,4,3,0,1,0,0,0,0,3,11,0,61,2333,0,0,1,0,0,0,0,1,0,0,957,919,1,852,1,16,0.125,2,Quiet Value Regulars,0.036526893565244786
21675.0,1,0,55,4,0,16,17,4,4,3,4,0,3,7,0,0,0,0,0,0,3,11,0,44,2177,0,0,0,1,0,0,0,1,0,0,41,37,0,853,1,10,0.3,1,Deal Driven Browsers,0.02508052523272503
42395.0,1,1,35,48,13,57,24,15,25,4,3,1,4,7,0,0,0,0,0,0,3,11,0,39,2245,0,0,1,0,0,1,0,0,0,0,157,132,0,854,2,12,0.3333333333333333,1,Deal Driven Browsers,0.0824174788355919
61346.0,1,0,34,562,58,168,43,16,142,1,5,7,10,3,0,0,0,0,0,0,3,11,0,42,2425,0,0,0,1,0,0,0,0,1,0,847,705,0,855,1,23,0.0434782608695652,2,Quiet Value Regulars,0.017682017329076153
80812.0,0,0,95,769,22,500,210,143,33,1,4,8,5,2,1,0,1,1,0,0,3,11,0,67,2444,0,0,0,1,0,0,0,1,0,0,1644,1611,3,856,0,18,0.0555555555555555,0,Premium Loyalists,0.39102823239236034
42835.0,1,1,64,379,4,93,12,9,98,7,6,6,4,6,0,0,0,0,0,0,3,11,0,49,2523,1,0,0,0,0,0,0,0,1,0,497,399,0,857,2,23,0.3043478260869565,1,Deal Driven Browsers,0.06613449413368301
39922.0,1,0,30,29,12,59,19,1,36,2,3,0,4,8,0,0,0,0,0,0,3,11,0,37,2659,0,1,0,0,0,0,0,1,0,0,120,84,0,858,1,9,0.2222222222222222,1,Deal Driven Browsers,0.022694830814666403
86424.0,0,0,12,387,68,569,89,45,68,1,6,9,12,1,0,0,0,0,0,0,3,11,0,64,2244,0,0,1,0,0,0,0,0,1,0,1158,1090,0,859,0,28,0.0357142857142857,2,Quiet Value Regulars,0.273532442567708
17117.0,1,0,96,12,23,38,30,18,7,4,3,1,3,9,0,0,0,0,0,0,3,11,0,42,2687,0,0,0,1,0,1,0,0,0,0,121,114,0,860,1,11,0.3636363636363636,1,Deal Driven Browsers,0.09446583350305687
24762.0,1,0,16,6,10,12,3,15,40,3,3,1,2,8,1,0,0,0,0,0,3,11,1,48,2298,0,0,1,0,0,0,0,1,0,0,46,6,1,861,1,9,0.3333333333333333,1,Deal Driven Browsers,0.5917645429988126
35797.0,0,1,16,27,1,14,4,1,21,2,2,0,3,8,0,0,0,0,0,0,3,11,0,45,2780,0,1,0,0,0,0,0,1,0,0,47,26,0,862,1,7,0.2857142857142857,1,Deal Driven Browsers,0.14800017114806463
36627.0,2,0,78,9,1,5,0,0,1,1,0,0,3,5,0,0,0,0,0,0,3,11,0,45,2500,1,0,0,0,0,0,0,1,0,0,15,14,0,863,2,4,0.25,1,Deal Driven Browsers,0.009287793084108872
51111.0,1,1,83,22,0,19,6,5,3,2,2,0,3,6,0,0,0,0,0,0,3,11,0,39,2169,0,1,0,0,0,1,0,0,0,0,52,49,0,864,2,7,0.2857142857142857,1,Deal Driven Browsers,0.012955175396004708
86857.0,0,0,96,899,102,838,133,102,40,1,5,6,10,2,0,0,0,0,0,0,3,11,1,48,2814,0,0,1,0,0,0,0,0,0,1,2074,2034,0,865,0,22,0.0454545454545454,2,Quiet Value Regulars,0.5961344021007681
82072.0,0,0,67,889,55,685,168,92,129,1,3,2,13,1,0,0,0,0,0,0,3,11,0,50,2521,0,0,0,1,0,0,0,0,0,1,1889,1760,0,866,0,19,0.0526315789473684,2,Quiet Value Regulars,0.22672508941652214
46231.0,2,1,87,189,2,55,0,5,12,4,6,1,4,9,0,0,0,0,0,0,3,11,0,67,2739,0,0,1,0,0,0,0,0,0,1,251,239,0,867,3,15,0.2666666666666666,1,Deal Driven Browsers,0.1712172949187705
42243.0,1,1,34,48,0,2,0,0,5,2,2,0,3,7,0,0,0,0,0,0,3,11,0,61,2359,0,1,0,0,0,0,0,1,0,0,50,45,0,868,2,7,0.2857142857142857,1,Deal Driven Browsers,0.010073619002565159
51195.0,1,1,46,230,14,156,82,24,58,8,9,2,5,8,0,0,0,0,0,0,3,11,0,58,2613,0,0,0,1,0,0,0,1,0,0,506,448,0,869,2,24,0.3333333333333333,1,Deal Driven Browsers,0.05721343093954545
68092.0,0,0,7,852,60,207,78,36,48,2,2,6,10,5,0,0,0,0,0,0,3,11,0,42,2354,0,0,1,0,0,0,0,0,1,0,1233,1185,0,870,0,20,0.1,2,Quiet Value Regulars,0.17407267737261164
31814.0,1,0,73,35,3,20,4,1,20,2,2,0,3,9,1,0,0,0,0,0,3,11,0,47,2664,0,1,0,0,0,0,0,1,0,0,63,43,1,871,1,7,0.2857142857142857,1,Deal Driven Browsers,0.19943855230643942
51390.0,1,1,54,205,20,47,23,2,56,6,5,2,5,5,0,0,0,0,0,0,3,11,0,55,2818,0,0,0,0,1,0,0,0,1,0,297,241,0,872,2,18,0.3333333333333333,1,Deal Driven Browsers,0.16780983936893257
76630.0,0,0,93,255,31,446,40,56,175,1,3,10,11,1,0,0,0,0,0,0,3,11,0,37,2325,0,1,0,0,0,0,0,1,0,0,828,653,0,873,0,25,0.04,2,Quiet Value Regulars,0.023063780437920272
26868.0,1,0,52,0,0,1,8,3,2,1,1,0,2,7,0,0,0,0,0,0,3,11,0,29,2219,0,0,1,0,0,0,1,0,0,0,12,10,0,874,1,4,0.25,1,Deal Driven Browsers,0.01014369495728522
48948.0,0,0,53,437,8,206,160,49,42,2,7,10,5,6,1,0,0,0,0,0,3,11,1,77,2672,1,0,0,0,0,0,0,0,0,1,860,818,1,875,0,24,0.0833333333333333,2,Quiet Value Regulars,0.36671814510288375
55260.0,0,1,81,825,8,53,11,0,242,2,8,10,5,6,0,0,0,0,0,0,3,11,0,48,2723,0,0,1,0,0,0,0,0,0,1,897,655,0,876,1,25,0.08,2,Quiet Value Regulars,0.127760514688405
64090.0,0,1,8,316,58,161,76,51,135,1,6,9,4,5,0,0,0,0,0,0,3,11,1,64,2485,0,0,0,1,0,0,0,1,0,0,662,527,0,877,1,20,0.05,2,Quiet Value Regulars,0.06855407979186698
78331.0,0,1,97,756,138,354,160,169,61,2,10,6,7,4,0,0,0,0,0,0,3,11,0,62,2316,1,0,0,0,0,0,0,1,0,0,1577,1516,0,878,1,25,0.08,2,Quiet Value Regulars,0.07777630867804211
37087.0,1,0,50,194,55,134,15,0,3,3,4,2,8,6,0,0,0,0,0,0,3,11,0,46,2481,0,1,0,0,0,0,0,0,0,1,398,395,0,879,1,17,0.1764705882352941,1,Deal Driven Browsers,0.025751566178919105
21846.0,1,0,38,7,17,18,6,10,26,4,4,0,3,8,0,0,0,0,0,0,3,11,0,34,2409,1,0,0,0,0,0,0,1,0,0,58,32,0,880,1,11,0.3636363636363636,1,Deal Driven Browsers,0.05130309348375339
81320.0,0,0,61,183,33,493,59,103,57,1,4,3,10,2,0,0,0,0,0,0,3,11,0,62,2667,0,1,0,0,0,0,0,1,0,0,871,814,0,881,0,18,0.0555555555555555,2,Quiet Value Regulars,0.029855333470943896
54137.0,0,1,46,171,0,11,0,1,20,2,4,1,4,6,0,0,0,0,0,0,3,11,0,50,2476,1,0,0,0,0,0,0,1,0,0,183,163,0,882,1,11,0.1818181818181818,1,Deal Driven Browsers,0.016429876556192345
66825.0,0,0,73,243,101,405,29,40,40,1,4,5,6,2,0,0,0,0,0,0,3,11,0,53,2509,0,0,0,1,0,0,0,1,0,0,818,778,0,883,0,16,0.0625,2,Quiet Value Regulars,0.010451980331294746
57100.0,0,0,19,181,21,69,39,3,96,1,3,3,6,3,0,0,0,0,0,0,3,11,0,47,2366,0,0,0,1,0,0,0,1,0,0,313,217,0,884,0,13,0.0769230769230769,2,Quiet Value Regulars,0.04819171014493344
58917.0,1,2,10,151,7,89,0,7,28,5,4,1,6,5,0,0,0,0,0,0,3,11,0,51,2621,0,0,0,1,0,0,0,1,0,0,254,226,0,885,3,16,0.3125,1,Deal Driven Browsers,0.21812718963497207
85072.0,0,0,94,494,92,391,194,11,241,1,3,4,10,0,0,0,0,0,0,0,3,11,0,43,2240,0,0,1,0,0,0,0,1,0,0,1182,941,0,886,0,18,0.0555555555555555,2,Quiet Value Regulars,0.13605599387706435
86429.0,0,0,10,464,28,873,29,18,37,0,7,4,7,2,0,0,0,1,0,0,3,11,1,59,2379,0,0,1,0,0,0,0,1,0,0,1412,1375,1,887,0,18,0.0,0,Premium Loyalists,0.6507836552507609
45684.0,1,0,37,5,1,5,10,0,7,1,1,0,2,7,0,0,0,0,0,0,3,11,0,49,2368,0,0,0,0,1,0,0,1,0,0,21,14,0,888,1,4,0.25,1,Deal Driven Browsers,0.014303325834382253
47889.0,1,0,94,29,0,29,0,5,4,1,2,0,3,5,0,0,0,0,0,0,3,11,0,46,2335,0,0,0,1,0,0,0,1,0,0,63,59,0,889,1,6,0.1666666666666666,1,Deal Driven Browsers,0.005437445887445888
45921.0,0,0,23,102,9,49,24,3,12,1,2,1,6,4,0,0,0,0,0,0,3,11,0,34,2270,0,1,0,0,0,0,0,0,0,1,187,175,0,890,0,10,0.1,2,Quiet Value Regulars,0.06110694568290471
78420.0,0,0,75,604,28,674,91,28,28,1,3,10,8,1,0,0,0,0,0,0,3,11,0,54,2524,0,0,1,0,0,0,0,0,0,1,1425,1397,0,891,0,22,0.0454545454545454,2,Quiet Value Regulars,0.1217199726240251
75114.0,0,0,40,571,12,523,63,60,24,1,3,10,5,2,0,0,0,0,0,0,3,11,0,28,2393,0,0,0,1,0,0,0,1,0,0,1229,1205,0,892,0,19,0.0526315789473684,2,Quiet Value Regulars,0.051082710213727414
52278.0,0,1,24,953,0,71,0,0,174,6,10,5,10,8,0,0,0,0,0,0,3,11,1,57,2679,0,0,0,0,1,0,0,0,0,1,1024,850,0,893,1,31,0.1935483870967742,2,Quiet Value Regulars,0.09323435750961741
35641.0,1,0,11,63,3,67,8,9,28,2,3,1,4,7,0,0,0,0,0,0,3,11,1,48,2509,0,1,0,0,0,0,0,0,1,0,150,122,0,894,1,10,0.2,1,Deal Driven Browsers,0.07809724128286015
95529.0,0,0,29,770,29,890,250,27,24,1,7,3,7,3,0,0,1,0,0,0,3,11,1,26,2732,0,0,1,0,0,0,0,1,0,0,1966,1942,1,895,0,18,0.0555555555555555,0,Premium Loyalists,0.6897319426685699
62820.0,0,0,51,398,61,265,138,61,53,1,3,4,6,1,0,0,0,0,0,0,3,11,0,66,2573,0,1,0,0,0,0,0,1,0,0,923,870,0,896,0,14,0.0714285714285714,2,Quiet Value Regulars,0.009900038446375088
73113.0,0,0,86,741,19,154,50,9,28,1,3,4,7,2,0,0,0,0,0,0,3,11,0,60,2344,0,0,0,1,0,0,0,0,1,0,973,945,0,897,0,15,0.0666666666666666,2,Quiet Value Regulars,0.010734148369654735
84169.0,0,0,9,1478,19,403,0,19,0,1,7,6,6,3,0,1,1,0,0,0,3,11,1,38,2485,0,1,0,0,0,0,0,0,0,1,1919,1919,2,898,0,20,0.05,0,Premium Loyalists,0.8260103894306815
42607.0,0,1,30,156,29,56,30,32,47,2,3,2,7,3,0,0,0,0,0,0,3,11,0,66,2383,0,0,1,0,0,1,0,0,0,0,303,256,0,899,1,14,0.1428571428571428,2,Quiet Value Regulars,0.03993386168939846
74637.0,0,0,73,960,64,464,146,0,16,1,6,9,9,3,0,0,0,1,0,0,3,11,0,66,2566,0,0,1,0,0,0,0,0,0,1,1634,1618,1,900,0,25,0.04,0,Premium Loyalists,0.34021472396402397
46015.0,1,1,25,38,0,2,0,0,6,1,1,0,3,7,1,0,0,0,1,0,3,11,0,65,2236,0,0,0,1,0,0,0,0,0,1,40,34,2,901,2,5,0.2,1,Deal Driven Browsers,0.15567250651262088
72354.0,0,0,67,315,26,473,220,12,182,1,2,10,6,1,0,0,0,0,0,0,3,11,0,27,2597,0,0,1,0,0,0,0,1,0,0,1046,864,0,902,0,19,0.0526315789473684,2,Quiet Value Regulars,0.06343000593028911
39858.0,1,0,67,15,20,25,2,7,26,1,2,0,4,6,0,0,0,0,0,0,3,11,1,51,2680,0,0,1,0,0,0,0,0,1,0,69,43,0,903,1,7,0.1428571428571428,1,Deal Driven Browsers,0.20249036424243166
34469.0,1,1,58,19,6,20,0,5,12,3,1,1,4,4,0,0,0,0,0,0,3,11,0,72,2215,0,1,0,0,0,0,0,0,0,1,50,38,0,904,2,9,0.3333333333333333,1,Deal Driven Browsers,0.031511797528909515
83033.0,1,0,82,812,99,431,237,149,33,1,11,4,10,5,0,0,0,1,0,0,3,11,0,34,2201,0,0,0,1,0,0,0,1,0,0,1728,1695,1,905,1,26,0.0384615384615384,0,Premium Loyalists,0.2281157502258851
24401.0,0,0,98,73,28,217,10,24,115,3,6,1,6,8,0,0,0,0,0,0,3,11,0,41,2826,0,0,0,1,0,0,0,0,1,0,352,237,0,906,0,16,0.1875,1,Deal Driven Browsers,0.1107786642672186
77583.0,0,0,93,372,23,384,250,12,108,1,4,5,9,2,0,0,0,1,0,0,3,11,0,42,2298,0,1,0,0,0,0,0,1,0,0,1041,933,1,907,0,19,0.0526315789473684,0,Premium Loyalists,0.07825419887043975
74116.0,0,0,53,871,111,704,145,55,166,1,4,4,10,2,0,1,0,0,0,0,3,11,0,38,2340,0,0,1,0,0,1,0,0,0,0,1886,1720,1,908,0,19,0.0526315789473684,0,Premium Loyalists,0.3332895878009068
74293.0,0,0,66,375,152,335,93,91,81,1,5,4,6,2,0,0,0,0,0,0,3,11,0,27,2215,0,0,1,0,0,0,0,1,0,0,1046,965,0,909,0,16,0.0625,2,Quiet Value Regulars,0.03935986034831691
68397.0,0,1,6,760,80,466,17,13,80,1,6,9,5,3,0,0,0,0,0,0,3,11,0,44,2383,0,1,0,0,0,0,0,0,0,1,1336,1256,0,910,1,21,0.0476190476190476,2,Quiet Value Regulars,0.08403681164896336
79632.0,0,0,42,471,0,510,99,21,12,1,6,4,9,2,0,0,0,0,0,0,3,11,0,46,2241,0,0,0,1,0,0,0,0,0,1,1101,1089,0,911,0,20,0.05,2,Quiet Value Regulars,0.049184097735937175
46107.0,1,0,78,31,9,27,16,9,33,1,1,1,4,3,0,0,0,0,0,0,3,11,0,31,2298,0,0,1,0,0,0,0,1,0,0,92,59,0,912,1,7,0.1428571428571428,1,Deal Driven Browsers,0.014393911867212759
64950.0,0,1,29,819,0,72,12,0,63,2,11,2,10,7,0,1,0,0,0,0,3,11,0,69,2845,0,0,1,0,0,0,0,0,0,1,903,840,1,913,1,25,0.08,2,Quiet Value Regulars,0.3643708886337922
25443.0,1,0,82,1,4,3,8,9,7,1,1,0,3,8,0,0,0,0,0,0,3,11,0,31,2713,0,1,0,0,0,0,1,0,0,0,25,18,0,914,1,5,0.2,1,Deal Driven Browsers,0.024631582263955763
75127.0,0,0,92,203,35,305,46,17,227,1,2,11,5,1,0,0,0,0,0,0,3,11,0,68,2197,0,0,1,0,0,0,0,1,0,0,606,379,0,915,0,19,0.0526315789473684,2,Quiet Value Regulars,0.03370197728803726
32892.0,1,0,78,26,0,15,2,1,2,2,3,0,3,8,0,0,0,0,0,0,3,11,0,49,2194,0,0,0,1,0,0,0,0,0,1,44,42,0,916,1,8,0.25,1,Deal Driven Browsers,0.013728441931393076
71796.0,0,0,54,354,21,311,167,75,32,1,9,3,4,4,0,0,0,0,0,0,3,11,0,49,2407,0,0,0,1,0,0,0,1,0,0,928,896,0,917,0,17,0.0588235294117647,2,Quiet Value Regulars,0.011860572939685444
67536.0,0,1,45,1253,0,447,23,71,35,3,11,5,11,8,0,0,0,1,0,0,3,11,0,50,2562,0,1,0,0,0,0,0,0,0,1,1794,1759,1,918,1,30,0.1,2,Quiet Value Regulars,0.18855083720471635
55239.0,0,1,59,371,17,238,23,24,106,3,7,5,11,5,0,0,0,0,0,0,3,11,0,49,2509,0,0,1,0,0,0,0,1,0,0,673,567,0,919,1,26,0.1153846153846153,2,Quiet Value Regulars,0.011805595706831918
60554.0,1,0,8,588,7,76,110,15,15,2,8,4,9,6,0,0,0,0,0,0,3,11,0,45,2483,1,0,0,0,0,0,0,0,0,1,796,781,0,920,1,23,0.0869565217391304,2,Quiet Value Regulars,0.11736828089256951
64831.0,1,1,51,480,86,249,75,86,144,8,6,3,5,6,0,0,0,0,0,0,3,11,0,68,2543,0,0,1,0,0,1,0,0,0,0,976,832,0,921,2,22,0.3636363636363636,1,Deal Driven Browsers,0.07593601862856915
56067.0,0,1,51,517,12,54,16,6,120,2,7,4,7,5,0,0,0,0,0,0,3,11,0,58,2503,0,0,0,1,0,0,0,0,0,1,605,485,0,922,1,20,0.1,2,Quiet Value Regulars,0.015896068565004737
82025.0,0,0,76,267,98,606,48,70,98,1,3,2,6,1,0,0,1,0,0,0,3,11,1,37,2556,1,0,0,0,0,0,0,1,0,0,1089,991,1,923,0,12,0.0833333333333333,0,Premium Loyalists,0.29299396738423544
94384.0,0,0,62,1111,24,790,160,45,172,0,5,8,5,2,0,1,1,1,0,0,3,11,1,67,2641,0,0,0,1,0,0,0,1,0,0,2130,1958,3,924,0,18,0.0,0,Premium Loyalists,0.6965941514318141
14906.0,0,0,86,7,7,14,7,16,15,3,2,1,3,7,0,0,0,0,0,0,3,11,0,34,2713,0,0,1,0,0,0,1,0,0,0,51,36,0,925,0,9,0.3333333333333333,1,Deal Driven Browsers,0.0623977969332862
51563.0,0,0,60,1166,0,48,0,0,36,1,4,4,10,8,0,1,1,0,0,0,3,11,0,33,2795,0,1,0,0,0,0,0,0,0,1,1214,1178,2,926,0,19,0.0526315789473684,0,Premium Loyalists,0.474674507927532
57937.0,0,1,56,261,42,144,55,48,133,3,4,4,9,3,0,0,0,0,0,0,3,11,0,38,2292,0,1,0,0,0,1,0,0,0,0,550,417,0,927,1,20,0.15,2,Quiet Value Regulars,0.009653873338888697
68274.0,1,1,83,135,25,51,23,25,46,2,4,2,5,3,0,0,0,0,0,0,3,11,0,41,2431,1,0,0,0,0,0,0,1,0,0,259,213,0,928,2,13,0.1538461538461538,2,Quiet Value Regulars,0.012911000807977555
39771.0,1,0,92,6,2,18,2,8,14,1,2,0,3,4,0,0,0,0,0,0,3,11,0,43,2364,0,0,0,1,0,0,0,1,0,0,36,22,0,929,1,6,0.1666666666666666,1,Deal Driven Browsers,0.00760954600954601
67893.0,0,1,31,711,28,142,49,18,47,2,3,2,9,8,0,0,0,0,0,0,3,11,0,45,2795,1,0,0,0,0,1,0,0,0,0,948,901,0,930,1,16,0.125,2,Quiet Value Regulars,0.09545958249898351
27922.0,1,0,80,11,0,13,2,4,11,1,2,0,3,4,0,0,0,0,0,0,3,11,0,41,2209,0,0,0,1,0,0,0,0,0,1,30,19,0,931,1,6,0.1666666666666666,1,Deal Driven Browsers,0.006686558147734619
52190.0,1,1,39,42,0,17,0,0,18,3,2,1,3,5,1,0,0,0,0,0,3,11,0,44,2211,0,0,0,1,0,0,0,0,0,1,59,41,1,932,2,9,0.3333333333333333,1,Deal Driven Browsers,0.1574261618498442
44051.0,1,1,20,79,7,58,6,3,18,4,3,1,4,6,0,0,0,0,0,0,3,11,1,47,2675,1,0,0,0,0,0,0,0,1,0,153,135,0,933,2,12,0.3333333333333333,1,Deal Driven Browsers,0.3193124954297104
42767.0,2,0,53,20,6,43,19,5,38,1,3,1,2,8,0,0,0,0,0,0,3,11,0,49,2573,0,0,1,0,0,0,0,0,0,1,93,55,0,934,2,7,0.1428571428571428,1,Deal Driven Browsers,0.06215673215335914
46106.0,1,1,84,30,0,8,2,0,14,1,1,1,2,6,0,0,0,0,0,0,3,11,0,44,2208,0,0,0,1,0,0,0,0,1,0,40,26,0,935,2,5,0.2,1,Deal Driven Browsers,0.005230691204220616
16927.0,1,1,50,20,2,23,3,1,4,5,3,0,4,8,0,0,0,0,0,0,3,11,0,44,2663,0,1,0,0,0,0,0,0,0,1,49,45,0,936,2,12,0.4166666666666667,1,Deal Driven Browsers,0.05065305910561228
59754.0,0,1,96,115,27,44,4,146,139,3,5,2,6,5,0,0,0,0,0,0,3,11,1,55,2734,0,1,0,0,0,0,0,1,0,0,336,197,0,937,1,16,0.1875,2,Quiet Value Regulars,0.16152741946273197
53700.0,0,1,94,263,5,233,69,41,83,4,5,5,8,5,0,0,0,0,0,0,3,11,0,68,2840,0,0,1,0,0,0,0,1,0,0,611,528,0,938,1,22,0.1818181818181818,2,Quiet Value Regulars,0.10854905360792116
59041.0,1,1,25,69,2,15,2,2,6,2,2,0,4,5,0,0,0,0,0,0,3,11,0,47,2212,0,1,0,0,0,0,0,1,0,0,90,84,0,939,2,8,0.25,1,Deal Driven Browsers,0.014550005759439726
54237.0,0,1,48,267,3,30,4,0,57,4,5,2,5,6,0,0,0,0,0,0,3,11,0,63,2587,1,0,0,0,0,0,0,0,0,1,304,247,0,940,1,16,0.25,1,Deal Driven Browsers,0.019462127801678886
70647.0,0,1,65,561,85,171,25,123,114,2,4,7,13,2,0,0,0,0,0,0,3,11,0,53,2805,1,0,0,0,0,0,0,1,0,0,965,851,0,941,1,26,0.0769230769230769,2,Quiet Value Regulars,0.05732864246953895
52597.0,0,1,69,492,0,37,7,0,42,3,6,3,8,5,0,0,0,0,0,0,3,11,0,58,2212,0,0,1,0,0,0,0,0,0,1,536,494,0,942,1,20,0.15,2,Quiet Value Regulars,0.029917690846028033
41021.0,1,0,12,14,7,9,6,16,12,2,2,0,3,6,0,0,0,0,0,0,3,11,1,51,2705,0,0,0,1,0,0,0,0,1,0,52,40,0,943,1,7,0.2857142857142857,1,Deal Driven Browsers,0.30486461468933135
40233.0,0,1,84,80,4,46,0,17,2,5,2,1,5,6,0,0,0,0,0,0,3,11,0,45,2417,0,1,0,0,0,0,0,0,0,1,147,145,0,944,1,13,0.3846153846153846,1,Deal Driven Browsers,0.033295240056877964
50183.0,1,1,47,97,12,84,13,10,15,7,3,1,6,5,0,0,0,0,0,0,3,11,0,40,2163,0,1,0,0,0,0,0,1,0,0,216,201,0,945,2,17,0.4117647058823529,1,Deal Driven Browsers,0.04921199959288224
54753.0,0,1,87,197,107,227,7,59,131,3,5,2,11,4,0,0,0,0,0,0,3,11,0,61,2449,0,0,0,1,0,0,0,1,0,0,597,466,0,946,1,21,0.1428571428571428,2,Quiet Value Regulars,0.0015034922524284227
92955.0,0,0,35,693,21,925,31,24,84,1,6,7,9,2,0,0,1,1,0,0,3,11,1,47,2473,0,1,0,0,0,0,0,1,0,0,1694,1610,2,947,0,23,0.0434782608695652,0,Premium Loyalists,0.472591314007397
33471.0,1,0,47,43,2,27,0,9,12,3,3,0,4,7,0,0,0,0,0,0,3,11,0,47,2784,0,1,0,0,0,0,0,1,0,0,81,69,0,948,1,10,0.3,1,Deal Driven Browsers,0.20050525802078525
34596.0,1,0,48,14,0,2,0,0,7,1,1,0,2,8,0,0,0,0,0,0,3,11,1,46,2601,0,1,0,0,0,0,0,0,0,1,16,9,0,949,1,4,0.25,1,Deal Driven Browsers,0.015873323035255838
44010.0,1,0,46,186,36,234,86,72,48,6,10,2,6,9,0,0,0,0,0,0,3,11,0,40,2783,0,0,0,1,0,0,0,1,0,0,614,566,0,950,1,24,0.25,1,Deal Driven Browsers,0.16941190598809486
84219.0,0,0,27,434,137,400,45,137,45,1,3,4,10,1,0,0,0,0,0,0,3,11,0,32,2306,0,1,0,0,0,0,0,1,0,0,1153,1108,0,951,0,18,0.0555555555555555,2,Quiet Value Regulars,0.10604251173213966
40706.0,2,1,37,59,0,11,4,2,5,4,3,0,4,7,0,0,0,0,0,0,3,11,0,52,2687,0,0,0,1,0,0,0,0,0,1,76,71,0,952,3,11,0.3636363636363636,1,Deal Driven Browsers,0.07094639760537591
15716.0,1,0,8,16,5,30,8,7,26,3,3,0,4,8,0,0,0,0,0,1,3,11,0,32,2753,0,1,0,0,0,1,0,0,0,0,66,40,0,953,1,10,0.3,1,Deal Driven Browsers,0.35879299076122895
59052.0,0,1,29,230,35,75,63,57,31,3,7,1,7,5,0,0,0,0,0,0,3,11,0,61,2383,1,0,0,0,0,1,0,0,0,0,460,429,0,954,1,18,0.1666666666666666,2,Quiet Value Regulars,0.009180926050693495
80573.0,0,0,85,829,138,430,60,92,15,1,4,6,13,2,0,0,0,0,0,0,3,11,0,49,2782,0,0,0,1,0,0,0,0,1,0,1549,1534,0,955,0,24,0.0416666666666666,2,Quiet Value Regulars,0.07438757315456748
83715.0,0,0,2,318,8,407,150,35,8,1,2,8,13,0,0,0,0,0,0,0,3,11,0,58,2305,0,1,0,0,0,0,0,1,0,0,918,910,0,956,0,24,0.0416666666666666,2,Quiet Value Regulars,0.18635224017347285
82576.0,0,0,66,1206,55,445,168,18,18,1,2,4,12,1,0,0,1,0,0,0,3,11,0,61,2856,0,0,0,1,0,0,0,0,1,0,1892,1874,1,957,0,19,0.0526315789473684,0,Premium Loyalists,0.3484027226230641
56962.0,2,1,60,292,3,77,10,3,26,7,6,3,5,7,0,0,0,0,0,0,3,11,0,55,2420,0,1,0,0,0,0,0,0,1,0,385,359,0,958,3,21,0.3333333333333333,1,Deal Driven Browsers,0.03405457807922944
35704.0,1,1,54,30,9,12,2,11,30,3,2,0,4,4,0,0,0,0,0,0,3,11,0,68,2336,0,1,0,0,0,0,0,1,0,0,64,34,0,959,2,9,0.3333333333333333,1,Deal Driven Browsers,0.01319158234142551
53103.0,0,1,70,729,17,133,11,0,195,5,10,6,7,7,1,0,0,0,0,0,3,11,0,66,2449,0,0,0,1,0,0,0,1,0,0,890,695,1,960,1,28,0.1785714285714285,2,Quiet Value Regulars,0.05971082952135584
46779.0,1,1,55,12,1,3,0,0,7,1,0,1,2,4,0,0,0,0,0,0,3,11,0,60,2511,0,0,0,0,1,1,0,0,0,0,16,9,0,961,2,4,0.25,1,Deal Driven Browsers,0.008897197422460581
4861.0,0,0,20,2,1,1,1,0,1,0,0,0,0,14,0,0,0,0,0,0,3,11,0,55,2166,1,0,0,0,0,0,0,1,0,0,5,4,0,962,0,0,0.0,1,Deal Driven Browsers,0.15724920833788747
33462.0,1,0,78,22,3,18,0,0,11,1,2,0,3,7,0,0,0,0,0,0,3,11,0,41,2485,1,0,0,0,0,0,0,0,1,0,43,32,0,963,1,6,0.1666666666666666,1,Deal Driven Browsers,0.01021881693186041
63693.0,0,1,63,587,43,337,42,87,54,3,11,6,9,6,0,0,0,0,0,0,3,11,0,42,2417,1,0,0,0,0,0,0,1,0,0,1096,1042,0,964,1,29,0.1034482758620689,2,Quiet Value Regulars,0.03804756292259353
80763.0,0,0,17,674,168,108,192,42,231,1,5,11,6,3,0,0,1,1,0,0,3,11,1,70,2477,0,1,0,0,0,0,0,1,0,0,1184,953,2,965,0,23,0.0434782608695652,0,Premium Loyalists,0.6296851412847352
65352.0,0,1,43,284,3,84,4,7,23,2,4,2,8,4,0,0,0,0,0,0,3,11,0,46,2471,0,1,0,0,0,0,0,0,0,1,382,359,0,966,1,16,0.125,2,Quiet Value Regulars,0.005029171480913867
82170.0,0,0,13,1023,93,651,49,55,37,1,5,6,7,2,0,0,0,0,0,0,3,11,0,42,2375,0,1,0,0,0,0,0,0,0,1,1871,1834,0,967,0,19,0.0526315789473684,2,Quiet Value Regulars,0.2662134138906081
75759.0,0,0,46,1394,22,708,89,91,182,1,9,7,9,5,1,0,1,1,0,0,3,11,1,51,2406,0,1,0,0,0,0,0,1,0,0,2304,2122,3,968,0,26,0.0384615384615384,0,Premium Loyalists,0.5743631810483267
79689.0,0,0,65,311,26,640,180,37,121,1,4,9,13,2,0,0,0,0,0,0,3,11,0,44,2572,0,0,1,0,0,1,0,0,0,0,1194,1073,0,969,0,27,0.037037037037037,2,Quiet Value Regulars,0.07509030139526131
35340.0,1,1,1,27,0,12,0,1,5,2,2,0,3,5,0,0,0,0,0,0,3,11,0,64,2159,0,0,0,0,1,0,0,0,0,1,40,35,0,970,2,7,0.2857142857142857,1,Deal Driven Browsers,0.1306346899441428
85683.0,0,0,6,1296,17,311,45,69,51,1,2,4,10,1,0,1,1,1,1,0,3,11,1,66,2259,1,0,0,0,0,0,0,1,0,0,1738,1687,4,971,0,17,0.0588235294117647,0,Premium Loyalists,0.6647220186252133
24884.0,1,0,32,3,6,7,0,0,3,1,0,0,3,7,0,0,0,0,0,0,3,11,0,48,2736,0,1,0,0,0,1,0,0,0,0,16,13,0,972,1,4,0.25,1,Deal Driven Browsers,0.06593861497979148
42021.0,1,0,34,393,5,136,7,5,27,5,10,1,6,9,1,0,0,0,0,0,3,11,0,39,2826,0,0,0,1,0,0,0,0,1,0,546,519,1,973,1,22,0.2272727272727272,1,Deal Driven Browsers,0.3953150814946673
64449.0,1,0,70,218,63,282,137,35,70,4,5,3,12,4,0,0,0,0,0,0,3,11,0,31,2290,0,0,1,0,0,0,0,1,0,0,735,665,0,974,1,24,0.1666666666666666,2,Quiet Value Regulars,0.011708703383469002
64587.0,1,1,49,66,0,16,0,6,20,2,1,1,4,3,0,0,0,0,0,0,3,11,0,66,2166,1,0,0,0,0,0,0,1,0,0,88,68,0,975,2,8,0.25,1,Deal Driven Browsers,0.011370744810744814
34824.0,0,0,65,4,2,11,2,0,4,1,1,0,2,6,0,0,0,0,0,0,3,11,0,25,2254,0,0,1,0,0,0,0,1,0,0,19,15,0,976,0,4,0.25,1,Deal Driven Browsers,0.014829686942560665
75437.0,0,0,25,795,0,545,95,58,0,1,8,4,10,6,0,0,0,1,0,0,3,11,0,42,2391,0,0,0,1,0,0,0,1,0,0,1493,1493,1,977,0,23,0.0434782608695652,0,Premium Loyalists,0.19195612155910108
26091.0,1,1,84,15,10,19,8,17,20,3,2,1,3,5,0,0,0,0,0,0,3,11,0,63,2283,0,0,0,1,0,0,0,1,0,0,69,49,0,978,2,9,0.3333333333333333,1,Deal Driven Browsers,0.005336190476190477
52845.0,1,0,7,384,25,292,130,41,64,3,8,8,6,6,1,0,0,0,0,0,3,11,0,47,2479,0,1,0,0,0,0,0,1,0,0,872,808,1,979,1,25,0.12,2,Quiet Value Regulars,0.2608048170824072
46086.0,0,1,34,244,8,32,7,2,50,4,3,1,8,4,0,0,0,0,0,0,3,11,0,64,2397,1,0,0,0,0,0,0,1,0,0,293,243,0,980,1,16,0.25,1,Deal Driven Browsers,0.014787793802344889
78028.0,0,1,38,158,19,288,25,0,38,1,6,4,9,7,0,1,1,0,0,0,3,11,1,64,2816,0,0,0,0,1,0,0,0,0,1,490,452,2,981,1,20,0.05,0,Premium Loyalists,0.6940245536089344
95169.0,0,0,1,1285,21,449,106,20,20,1,4,3,4,1,0,0,1,1,0,0,3,11,1,33,2422,0,0,1,0,0,0,0,0,0,1,1881,1861,2,982,0,12,0.0833333333333333,0,Premium Loyalists,0.7178669025892656
56337.0,1,1,25,349,16,144,28,5,182,5,8,5,4,8,1,0,0,1,0,0,3,11,1,39,2618,0,1,0,0,0,1,0,0,0,0,542,360,2,983,2,22,0.2272727272727272,1,Deal Driven Browsers,0.4159733868265029
22434.0,1,0,25,4,12,11,3,13,15,2,2,0,3,8,0,0,0,0,0,0,3,11,0,33,2660,0,0,0,1,0,0,0,1,0,0,43,28,0,984,1,7,0.2857142857142857,1,Deal Driven Browsers,0.05648319899542975
36930.0,0,1,50,223,2,31,0,2,39,5,5,2,4,8,0,0,0,0,0,0,3,11,0,66,2567,0,1,0,0,0,0,0,0,0,1,258,219,0,985,1,16,0.3125,1,Deal Driven Browsers,0.051387981164627713
36130.0,0,1,46,157,43,127,68,56,37,6,3,8,4,4,1,0,0,0,0,0,3,11,1,66,2671,0,0,1,0,0,0,0,1,0,0,451,414,1,986,1,21,0.2857142857142857,1,Deal Driven Browsers,0.3579973491419451
65569.0,0,1,96,397,46,288,20,38,70,2,6,5,10,3,0,0,0,0,0,0,3,11,0,67,2760,0,1,0,0,0,0,0,0,1,0,789,719,0,987,1,23,0.0869565217391304,2,Quiet Value Regulars,0.07563731591349941
83844.0,0,0,57,901,31,345,75,31,191,1,4,4,11,1,0,0,1,0,0,0,3,11,0,68,2572,0,0,0,1,0,0,0,1,0,0,1383,1192,1,988,0,20,0.05,0,Premium Loyalists,0.1549062687819034
19514.0,1,1,47,14,3,21,2,1,28,4,3,1,2,8,1,0,0,0,0,0,3,11,0,52,2313,0,1,0,0,0,0,0,1,0,0,41,13,1,989,2,10,0.4,1,Deal Driven Browsers,0.2990288316710001
36736.0,1,1,52,10,0,3,0,0,4,1,1,0,2,6,0,0,0,0,0,0,3,11,0,57,2574,0,0,1,0,0,0,0,0,0,1,13,9,0,990,2,4,0.25,1,Deal Driven Browsers,0.017728087174263645
77568.0,0,1,30,1230,0,396,232,178,158,1,10,2,8,5,0,1,1,1,0,0,3,11,0,41,2832,0,0,0,1,0,0,0,1,0,0,2036,1878,3,991,1,21,0.0476190476190476,0,Premium Loyalists,0.5690449697923784
49187.0,0,1,63,81,1,31,2,1,0,1,1,1,5,2,0,0,0,0,0,0,3,11,0,44,2328,0,0,0,1,0,0,0,0,0,1,116,116,0,992,1,8,0.125,1,Deal Driven Browsers,0.005058882783882784
30168.0,1,0,51,154,20,66,0,12,27,7,6,1,4,9,0,0,0,0,0,0,3,11,0,42,2638,0,0,1,0,0,0,0,1,0,0,252,225,0,993,1,18,0.3888888888888889,1,Deal Driven Browsers,0.13982667795921477
34053.0,0,1,14,63,0,21,7,0,12,1,3,0,3,8,0,0,0,0,0,0,3,11,0,52,2816,0,0,0,1,0,0,0,0,1,0,91,79,0,994,1,7,0.1428571428571428,1,Deal Driven Browsers,0.1912845516625666
38196.0,1,1,20,30,0,11,0,0,3,3,2,0,4,5,0,0,0,0,0,0,3,11,0,49,2231,0,1,0,0,0,0,0,0,1,0,41,38,0,995,2,9,0.3333333333333333,1,Deal Driven Browsers,0.07413597960000548
59412.0,0,0,56,90,67,165,30,43,11,1,4,2,8,3,0,0,0,0,0,0,3,11,0,69,2230,0,1,0,0,0,0,0,0,1,0,395,384,0,996,0,15,0.0666666666666666,2,Quiet Value Regulars,0.009467192196191377
70924.0,0,0,41,635,114,254,132,152,76,1,6,6,7,3,0,0,1,0,0,0,3,11,0,55,2242,0,1,0,0,0,1,0,0,0,0,1287,1211,1,997,0,20,0.05,0,Premium Loyalists,0.08733788279656889
54165.0,0,0,72,127,4,73,15,6,11,1,2,1,7,2,0,0,0,0,0,0,3,11,0,51,2556,0,0,0,1,0,0,0,1,0,0,225,214,0,998,0,11,0.0909090909090909,2,Quiet Value Regulars,0.006540866870560771
32300.0,1,0,1,13,3,6,6,5,6,1,1,0,3,8,0,0,0,0,0,0,3,11,0,47,2701,0,1,0,0,0,0,0,1,0,0,33,27,0,999,1,5,0.2,1,Deal Driven Browsers,0.16413563568155395
20180.0,0,0,27,18,42,24,15,20,18,1,2,1,4,7,0,0,0,0,0,0,3,11,0,44,2653,0,0,1,0,0,0,0,1,0,0,119,101,0,1000,0,8,0.125,1,Deal Driven Browsers,0.10895893533560935
34961.0,1,0,77,45,2,26,4,1,1,3,3,1,3,7,0,0,0,0,0,0,3,11,0,47,2169,0,1,0,0,0,0,0,1,0,0,78,77,0,1001,1,10,0.3,1,Deal Driven Browsers,0.007975329645175748
28440.0,1,0,87,38,1,24,0,0,0,1,2,0,3,8,0,0,0,0,0,0,3,11,0,46,2516,0,0,0,1,0,0,0,0,0,1,63,63,0,1002,1,6,0.1666666666666666,1,Deal Driven Browsers,0.012483434651091675
64504.0,1,2,81,986,36,168,16,0,108,7,11,3,4,7,0,0,0,0,0,0,3,11,1,67,2641,0,0,0,1,0,0,0,0,0,1,1206,1098,0,1003,3,25,0.28,2,Quiet Value Regulars,0.27825106950779505
33564.0,0,1,51,61,0,3,0,0,7,1,1,1,3,5,0,0,0,0,0,0,3,11,0,54,2164,0,0,0,1,0,0,0,0,1,0,64,57,0,1004,1,6,0.1666666666666666,1,Deal Driven Browsers,0.00635930180930181
17345.0,1,0,79,4,9,16,17,0,12,2,2,1,2,8,0,0,0,0,0,0,3,11,0,42,2762,0,1,0,0,0,0,0,1,0,0,46,34,0,1005,1,7,0.2857142857142857,1,Deal Driven Browsers,0.13290443024251605
56320.0,0,1,11,201,53,172,116,77,83,3,5,4,9,4,0,0,0,0,0,0,3,11,0,53,2606,0,1,0,0,0,0,0,0,0,1,619,536,0,1006,1,21,0.1428571428571428,2,Quiet Value Regulars,0.04866680659979741
28647.0,1,0,54,19,8,29,0,12,26,1,2,2,2,7,1,0,0,0,0,0,3,11,1,42,2471,0,0,1,0,0,0,0,1,0,0,68,42,1,1007,1,7,0.1428571428571428,1,Deal Driven Browsers,0.3879204683943797
15038.0,1,0,93,4,8,11,19,12,26,2,2,1,2,9,0,0,0,0,0,0,3,11,0,33,2675,0,0,1,0,0,0,1,0,0,0,54,28,0,1008,1,7,0.2857142857142857,1,Deal Driven Browsers,0.07637331923702748
32173.0,0,1,0,18,0,2,0,0,2,1,1,0,3,4,0,0,0,0,0,0,3,11,0,62,2491,1,0,0,0,0,0,0,0,0,1,20,18,0,1009,1,5,0.2,1,Deal Driven Browsers,0.08638565099294006
68316.0,0,1,54,806,80,161,120,11,33,5,10,7,10,6,0,0,0,0,0,0,3,11,0,56,2761,0,0,0,1,0,1,0,0,0,0,1178,1145,0,1010,1,32,0.15625,2,Quiet Value Regulars,0.07063560223247128
74538.0,0,0,21,380,98,733,110,112,28,1,8,8,5,3,0,0,1,0,0,0,3,11,1,49,2524,0,0,0,1,0,0,0,1,0,0,1433,1405,1,1011,0,22,0.0454545454545454,0,Premium Loyalists,0.5183039244329306
91700.0,0,0,58,576,172,961,125,115,19,1,8,6,5,3,0,0,0,0,0,0,3,11,1,49,2687,0,0,1,0,0,0,0,1,0,0,1949,1930,0,1012,0,20,0.05,2,Quiet Value Regulars,0.567287429452673
68695.0,0,0,3,458,81,356,106,50,40,1,4,4,7,2,0,0,0,0,0,0,3,11,0,51,2163,0,0,0,1,0,0,0,1,0,0,1051,1011,0,1013,0,16,0.0625,2,Quiet Value Regulars,0.1784585723237654
31056.0,1,0,99,5,10,13,3,8,16,1,1,0,3,8,0,0,0,0,0,0,3,11,0,43,2682,0,1,0,0,0,1,0,0,0,0,39,23,0,1014,1,5,0.2,1,Deal Driven Browsers,0.023411777008573883
79593.0,0,0,70,350,60,568,110,133,145,1,5,6,7,2,0,0,1,0,0,0,3,11,0,47,2207,0,1,0,0,0,0,0,1,0,0,1221,1076,1,1015,0,19,0.0526315789473684,0,Premium Loyalists,0.06485984758168116
28071.0,0,0,65,39,33,130,41,26,44,2,5,1,5,8,0,0,0,0,0,0,3,11,0,40,2828,0,0,1,0,0,0,0,1,0,0,269,225,0,1016,0,13,0.1538461538461538,1,Deal Driven Browsers,0.16057967684786437
37334.0,1,1,44,26,1,16,2,2,15,4,3,0,4,4,0,0,0,0,0,0,3,11,0,62,2282,0,0,0,1,0,0,0,0,0,1,47,32,0,1017,2,11,0.3636363636363636,1,Deal Driven Browsers,0.02037248804686885
46423.0,1,1,6,68,0,16,0,0,8,3,2,0,4,7,0,0,0,0,0,0,3,11,0,48,2443,0,0,1,0,0,0,0,0,1,0,84,76,0,1018,2,9,0.3333333333333333,1,Deal Driven Browsers,0.17938941707154965
37126.0,1,0,9,45,3,9,4,4,7,1,1,2,2,6,1,0,0,0,0,0,3,11,1,49,2250,0,1,0,0,0,0,0,0,0,1,65,58,1,1019,1,6,0.1666666666666666,1,Deal Driven Browsers,0.605265660920075
47703.0,0,1,95,359,0,134,13,26,123,4,6,3,8,5,0,0,0,0,0,0,3,11,0,67,2555,0,1,0,0,0,0,0,1,0,0,532,409,0,1020,1,21,0.1904761904761904,2,Quiet Value Regulars,0.018683222542656495
61180.0,0,1,70,403,24,29,6,24,218,2,5,5,6,3,1,0,0,0,0,0,3,11,0,61,2226,0,1,0,0,0,0,0,1,0,0,486,268,1,1021,1,18,0.1111111111111111,2,Quiet Value Regulars,0.021944527464891367
38998.0,1,1,92,34,1,14,0,0,5,3,2,0,3,8,0,0,0,0,0,1,3,11,0,66,2762,0,1,0,0,0,0,0,1,0,0,49,44,0,1022,2,8,0.375,1,Deal Driven Browsers,0.0966423473441142
8028.0,0,0,62,73,18,66,7,12,2,15,0,1,0,19,0,0,0,0,0,0,3,11,0,29,2808,0,0,1,0,0,0,0,1,0,0,176,174,0,1023,0,16,0.9375,1,Deal Driven Browsers,0.2883126901702561
76081.0,0,0,85,292,30,415,63,33,200,1,4,5,4,2,0,0,0,1,0,0,3,11,0,58,2196,0,0,0,1,0,0,0,1,0,0,833,633,1,1024,0,14,0.0714285714285714,0,Premium Loyalists,0.09346757145292343
34728.0,1,0,2,14,0,16,0,0,6,1,1,1,2,6,0,0,0,0,0,0,3,11,1,34,2493,0,0,0,1,0,0,0,1,0,0,30,24,0,1025,1,5,0.2,1,Deal Driven Browsers,0.23662987537094035
33168.0,0,1,0,80,1,37,0,1,3,3,2,1,4,7,0,0,0,0,0,0,3,11,0,55,2783,0,0,1,0,0,0,0,0,1,0,119,116,0,1026,1,10,0.3,1,Deal Driven Browsers,0.30201140095844103
33585.0,0,1,91,30,11,33,13,6,29,1,2,0,4,4,0,0,0,0,0,0,3,11,0,54,2436,0,1,0,0,0,0,0,0,1,0,93,64,0,1027,1,7,0.1428571428571428,1,Deal Driven Browsers,0.0086269177363517
77037.0,0,1,3,463,96,333,168,53,10,1,7,7,12,3,0,0,0,0,0,0,3,11,0,60,2418,0,1,0,0,0,0,0,0,0,1,1113,1103,0,1028,1,27,0.037037037037037,2,Quiet Value Regulars,0.1136190149428204
35196.0,1,0,68,75,12,141,43,39,187,6,6,1,5,8,0,0,0,0,0,0,3,11,1,36,2752,0,0,0,1,0,0,0,1,0,0,310,123,0,1029,1,18,0.3333333333333333,1,Deal Driven Browsers,0.1563076925202054
44529.0,0,1,98,538,13,91,17,6,26,6,6,2,11,5,0,1,0,0,0,0,3,11,0,54,2518,0,1,0,0,0,0,0,1,0,0,665,639,1,1030,1,25,0.24,2,Quiet Value Regulars,0.06295480898764406
70924.0,0,0,41,635,114,254,132,152,76,1,6,6,7,3,0,0,1,0,0,0,3,11,0,55,2242,0,1,0,0,0,1,0,0,0,0,1287,1211,1,1031,0,20,0.05,0,Premium Loyalists,0.08733788279656889
28764.0,1,1,16,8,0,3,0,0,1,1,1,0,2,8,1,0,0,0,0,0,3,11,0,54,2183,0,0,0,1,0,0,0,0,0,1,11,10,1,1032,2,4,0.25,1,Deal Driven Browsers,0.3225583908962875
69098.0,0,0,82,1315,22,780,145,0,178,1,7,8,9,5,0,0,0,0,0,0,3,11,0,71,2657,0,1,0,0,0,0,0,0,0,1,2262,2084,0,1033,0,25,0.04,2,Quiet Value Regulars,0.1995028883155926
25959.0,1,1,1,4,2,12,7,5,26,2,1,2,2,6,0,0,0,0,0,0,3,11,1,50,2659,1,0,0,0,0,1,0,0,0,0,30,4,0,1034,2,7,0.2857142857142857,1,Deal Driven Browsers,0.3131403021777153
27100.0,1,0,64,12,0,13,2,0,10,1,1,0,3,7,0,0,0,0,0,0,3,11,0,37,2609,0,1,0,0,0,0,0,0,1,0,27,17,0,1035,1,5,0.2,1,Deal Driven Browsers,0.016997605766443158
70596.0,0,0,68,347,44,534,17,0,26,1,3,5,12,2,0,0,0,0,0,0,3,11,0,35,2791,0,0,1,0,0,0,0,1,0,0,942,916,0,1036,0,21,0.0476190476190476,2,Quiet Value Regulars,0.07452323484272613
42557.0,0,1,98,192,5,53,0,5,15,4,6,1,4,8,0,0,0,0,0,0,3,11,0,46,2828,0,1,0,0,0,0,0,1,0,0,255,240,0,1037,1,15,0.2666666666666666,1,Deal Driven Browsers,0.12100180253163112
53312.0,0,0,32,241,0,12,0,0,25,1,5,1,5,7,0,0,0,0,0,0,3,11,0,69,2483,0,1,0,0,0,0,0,0,0,1,253,228,0,1038,0,12,0.0833333333333333,2,Quiet Value Regulars,0.04057257221323716
72228.0,0,0,87,631,28,491,30,14,56,1,6,7,8,3,0,0,0,0,0,0,3,11,0,68,2738,0,0,1,0,0,0,0,1,0,0,1194,1138,0,1039,0,22,0.0454545454545454,2,Quiet Value Regulars,0.11905020319340524
67605.0,0,0,84,336,28,282,184,54,54,1,2,8,6,1,0,0,0,0,0,0,3,11,0,33,2614,0,0,0,1,0,0,0,1,0,0,884,830,0,1040,0,17,0.0588235294117647,2,Quiet Value Regulars,0.03047178658111648
62845.0,1,1,3,1099,0,45,0,0,34,11,3,4,10,8,0,1,0,0,0,0,3,11,0,71,2795,0,1,0,0,0,0,0,0,1,0,1144,1110,1,1041,2,28,0.3928571428571428,1,Deal Driven Browsers,0.5564466438222939
65196.0,0,2,34,743,19,181,12,0,200,2,7,6,11,5,1,0,0,0,0,0,3,11,0,62,2498,0,0,0,1,0,0,0,1,0,0,955,755,1,1042,2,26,0.0769230769230769,2,Quiet Value Regulars,0.04201820659793582
42000.0,0,0,23,124,83,267,85,59,35,2,5,2,11,5,0,0,0,0,0,0,3,11,1,33,2694,0,0,1,0,0,0,0,0,0,1,618,583,0,1043,0,20,0.1,2,Quiet Value Regulars,0.4645519116528068
35860.0,1,1,37,15,0,8,4,2,20,2,1,1,2,5,1,0,0,0,0,0,3,11,0,47,2200,1,0,0,0,0,0,0,0,0,1,29,9,1,1044,2,6,0.3333333333333333,1,Deal Driven Browsers,0.24909051625009912
65526.0,0,1,22,397,19,69,12,0,9,1,4,4,8,2,0,0,0,0,0,0,3,11,0,56,2238,0,1,0,0,0,0,0,0,0,1,497,488,0,1045,1,17,0.0588235294117647,2,Quiet Value Regulars,0.015022700546950088
16860.0,1,1,19,10,4,4,3,3,14,3,1,1,3,7,0,0,0,0,0,0,3,11,0,59,2814,0,1,0,0,0,0,0,1,0,0,24,10,0,1046,2,8,0.375,1,Deal Driven Browsers,0.1906599521403164
83528.0,0,0,7,530,117,678,134,44,147,1,4,10,8,1,1,0,0,1,0,0,3,11,1,28,2218,0,0,1,0,0,0,0,1,0,0,1503,1356,2,1047,0,23,0.0434782608695652,0,Premium Loyalists,0.6674690626543374
64176.0,0,1,52,1215,33,249,64,116,149,8,8,9,8,6,0,0,0,0,0,0,3,11,0,55,2854,1,0,0,0,0,1,0,0,0,0,1677,1528,0,1048,1,33,0.2424242424242424,2,Quiet Value Regulars,0.189211407503745
22304.0,0,0,91,3,2,7,0,4,2,1,1,0,2,8,0,0,0,0,0,0,3,11,0,64,2853,1,0,0,0,0,0,0,1,0,0,16,14,0,1049,0,4,0.25,1,Deal Driven Browsers,0.11468590476991344
67023.0,0,0,93,444,44,382,11,8,17,1,3,7,13,2,0,0,0,0,0,1,3,11,0,42,2276,0,1,0,0,0,0,0,1,0,0,889,872,0,1050,0,24,0.0416666666666666,2,Quiet Value Regulars,0.006136893871327834
32892.0,1,0,78,26,0,15,2,1,2,2,3,0,3,8,0,0,0,0,0,0,3,11,0,49,2194,0,0,0,1,0,0,0,0,0,1,44,42,0,1051,1,8,0.25,1,Deal Driven Browsers,0.013728441931393076
70713.0,0,1,23,736,114,279,82,76,190,6,5,6,8,3,0,0,0,0,0,0,3,11,0,54,2732,0,0,0,1,0,0,0,1,0,0,1287,1097,0,1052,1,25,0.24,2,Quiet Value Regulars,0.05634210152723242
59925.0,0,1,83,473,21,176,19,21,56,3,9,2,9,6,0,0,0,0,0,0,3,11,0,65,2735,0,0,0,1,0,0,0,1,0,0,710,654,0,1053,1,23,0.1304347826086956,2,Quiet Value Regulars,0.025832393600999724
39722.0,0,1,92,32,0,5,2,0,8,2,2,0,3,5,0,0,0,0,0,0,3,11,0,67,2284,0,1,0,0,0,0,0,1,0,0,39,31,0,1054,1,7,0.2857142857142857,1,Deal Driven Browsers,0.004887810359617547
46610.0,0,0,4,288,10,30,4,10,125,1,6,1,6,6,0,0,0,0,0,0,3,11,0,62,2505,0,0,0,1,0,0,0,1,0,0,342,217,0,1055,0,14,0.0714285714285714,2,Quiet Value Regulars,0.13871237821277121
88347.0,0,0,32,1050,178,555,77,138,118,1,4,7,9,1,0,0,0,1,0,0,3,11,0,59,2520,0,0,0,1,0,0,0,1,0,0,1998,1880,1,1056,0,21,0.0476190476190476,0,Premium Loyalists,0.2649774191253086
87171.0,0,0,27,1001,44,107,58,44,44,1,6,7,11,2,1,0,1,0,0,0,3,11,0,39,2583,0,1,0,0,0,0,0,0,0,1,1254,1210,2,1057,0,25,0.04,0,Premium Loyalists,0.48917919137176097
26907.0,1,1,10,9,1,7,0,3,2,2,1,0,3,7,0,0,0,0,0,0,3,11,0,44,2472,0,0,0,1,0,1,0,0,0,0,20,18,0,1058,2,6,0.3333333333333333,1,Deal Driven Browsers,0.12048954141362574
50014.0,1,0,9,234,14,77,19,10,42,2,4,1,8,5,0,0,0,0,0,0,3,11,0,52,2317,0,0,1,0,0,0,0,0,1,0,354,312,0,1059,1,15,0.1333333333333333,2,Quiet Value Regulars,0.06322845152004145
41014.0,1,0,65,7,2,6,2,0,3,1,1,0,2,7,0,0,0,0,0,0,3,11,0,42,2592,0,1,0,0,0,0,0,0,0,1,17,14,0,1060,1,4,0.25,1,Deal Driven Browsers,0.015285586373936757
66294.0,0,0,68,251,108,334,65,92,117,1,4,3,5,2,0,0,0,0,0,0,3,11,0,55,2263,0,0,1,0,0,0,0,1,0,0,850,733,0,1061,0,13,0.0769230769230769,2,Quiet Value Regulars,0.01170167586603306
36715.0,1,0,16,172,10,125,21,13,16,6,7,2,4,9,0,0,0,0,0,0,3,11,1,49,2748,0,1,0,0,0,0,0,1,0,0,341,325,0,1062,1,19,0.3157894736842105,1,Deal Driven Browsers,0.5471237678684338
79456.0,0,0,12,565,42,548,64,83,99,1,5,6,4,3,0,0,0,0,0,0,3,11,1,64,2835,0,1,0,0,0,0,0,1,0,0,1302,1203,0,1063,0,16,0.0625,2,Quiet Value Regulars,0.24815506687032976
40479.0,1,0,95,5,0,8,2,0,0,1,0,0,3,4,0,0,0,0,0,0,3,11,0,38,2475,0,0,0,1,0,0,0,1,0,0,15,15,0,1064,1,4,0.25,1,Deal Driven Browsers,0.01544163231404611
75345.0,0,0,16,918,57,842,99,38,133,1,5,8,6,3,0,0,0,1,0,0,3,11,1,50,2671,0,0,1,0,0,0,0,0,1,0,1954,1821,1,1065,0,20,0.05,0,Premium Loyalists,0.769432833035897
54233.0,0,1,46,652,8,158,21,0,142,4,11,6,5,8,0,0,0,0,0,0,3,11,0,43,2669,0,1,0,0,0,0,0,1,0,0,839,697,0,1066,1,26,0.1538461538461538,2,Quiet Value Regulars,0.01274418055483403
24163.0,1,1,3,4,1,7,2,1,2,2,1,0,3,4,0,0,0,0,0,0,3,11,0,50,2419,0,0,1,0,0,0,0,1,0,0,15,13,0,1067,2,6,0.3333333333333333,1,Deal Driven Browsers,0.13108257401879939
84460.0,0,0,80,152,27,103,106,54,81,0,9,9,4,5,0,1,1,1,1,0,3,11,1,62,2700,0,0,0,1,0,0,0,0,0,1,442,361,4,1068,0,22,0.0,0,Premium Loyalists,0.6492245073946435
43776.0,1,0,77,8,0,9,2,1,3,1,1,0,2,6,0,0,0,0,0,0,3,11,0,37,2216,0,0,0,1,0,0,0,1,0,0,20,17,0,1069,1,4,0.25,1,Deal Driven Browsers,0.009661473583887374
71691.0,0,0,0,336,130,411,240,32,43,1,4,7,5,2,0,0,0,0,0,0,3,11,1,62,2263,0,0,1,0,0,0,0,0,0,1,1149,1106,0,1070,0,17,0.0588235294117647,2,Quiet Value Regulars,0.32479593875038043
85844.0,0,0,62,938,19,843,25,95,38,1,6,6,7,2,0,0,1,0,0,0,3,11,0,47,2190,0,1,0,0,0,0,0,0,0,1,1920,1882,1,1071,0,20,0.05,0,Premium Loyalists,0.277681052296942
39190.0,1,0,91,68,8,18,19,8,12,2,2,1,4,5,0,0,0,0,0,0,3,11,0,46,2223,0,0,1,0,0,0,0,0,0,1,121,109,0,1072,1,9,0.2222222222222222,1,Deal Driven Browsers,0.01586140133852576
71367.0,0,0,24,227,23,389,42,21,75,1,4,5,7,2,0,0,0,0,0,0,3,11,0,61,2469,0,0,0,1,0,0,0,1,0,0,702,627,0,1073,0,17,0.0588235294117647,2,Quiet Value Regulars,0.018735431145689253
38578.0,1,1,2,38,4,22,3,3,3,3,3,0,3,8,0,0,0,0,0,0,3,11,0,48,2531,0,0,1,0,0,0,0,0,0,1,70,67,0,1074,2,9,0.3333333333333333,1,Deal Driven Browsers,0.3121454984623037
57236.0,1,1,22,105,0,9,2,1,4,3,2,1,4,3,0,0,0,0,0,0,3,11,0,55,2268,0,1,0,0,0,0,0,0,0,1,117,113,0,1075,2,10,0.3,1,Deal Driven Browsers,0.04987414074984405
61825.0,0,1,56,162,50,100,55,30,27,1,4,2,8,4,0,0,0,0,0,0,3,11,0,41,2485,0,0,1,0,0,0,0,1,0,0,397,370,0,1076,1,15,0.0666666666666666,2,Quiet Value Regulars,0.011018386330973651
79803.0,0,1,54,574,8,216,21,16,33,1,4,3,5,1,0,0,0,0,0,0,3,11,0,62,2186,1,0,0,0,0,0,0,1,0,0,835,802,0,1077,1,13,0.0769230769230769,2,Quiet Value Regulars,0.04258099943980447
80910.0,0,0,71,160,80,369,67,39,41,1,3,3,8,1,0,0,0,0,0,0,3,11,0,34,2765,0,0,1,0,0,1,0,0,0,0,715,674,0,1078,0,15,0.0666666666666666,2,Quiet Value Regulars,0.11923516911298244
27590.0,1,0,38,6,0,5,0,0,1,1,1,0,2,7,0,0,0,0,0,0,3,11,0,38,2591,0,0,0,1,0,0,0,0,1,0,11,10,0,1079,1,4,0.25,1,Deal Driven Browsers,0.0177147136277571
56775.0,0,1,62,614,35,160,58,35,35,2,5,8,10,5,0,0,0,0,0,0,3,11,0,41,2702,0,1,0,0,0,0,0,1,0,0,902,867,0,1080,1,25,0.08,2,Quiet Value Regulars,0.01380706902805526
83829.0,0,0,78,897,161,430,186,161,27,0,4,7,6,1,1,0,1,1,0,0,3,11,1,45,2423,1,0,0,0,0,0,0,1,0,0,1835,1808,3,1081,0,17,0.0,0,Premium Loyalists,0.7041698965601908
54210.0,0,1,18,70,54,109,80,9,45,2,4,1,7,5,0,0,0,0,0,0,3,11,0,41,2564,0,1,0,0,0,1,0,0,0,0,322,277,0,1082,1,14,0.1428571428571428,1,Deal Driven Browsers,0.039744819442488685
38508.0,1,0,95,120,19,206,25,19,54,6,7,2,5,8,0,0,0,0,0,0,3,11,0,34,2490,0,1,0,0,0,0,0,1,0,0,389,335,0,1083,1,20,0.3,1,Deal Driven Browsers,0.058912246008251824
53187.0,1,0,66,211,2,30,7,7,10,2,4,1,6,5,0,0,0,0,0,0,3,11,0,50,2405,0,0,0,1,0,0,0,1,0,0,257,247,0,1084,1,13,0.1538461538461538,1,Deal Driven Browsers,0.006170274170274169
30023.0,1,0,28,11,0,16,7,6,21,1,2,0,3,8,0,0,0,0,0,0,3,11,0,48,2256,0,1,0,0,0,0,0,1,0,0,40,19,0,1085,1,6,0.1666666666666666,1,Deal Driven Browsers,0.0201506953302519
76045.0,0,0,78,760,53,400,17,93,0,1,4,5,11,2,0,0,0,1,0,0,3,11,0,60,2385,0,0,1,0,0,0,0,0,0,1,1323,1323,1,1086,0,21,0.0476190476190476,0,Premium Loyalists,0.17543251404755442
50870.0,0,1,13,53,0,8,0,0,2,1,2,0,3,5,0,0,0,0,0,0,3,11,0,68,2169,0,1,0,0,0,0,0,0,0,1,61,59,0,1087,1,6,0.1666666666666666,1,Deal Driven Browsers,0.035028983901039354
15315.0,0,0,27,7,4,13,15,8,17,2,2,0,4,5,0,0,0,0,0,0,3,11,0,50,2489,0,1,0,0,0,1,0,0,0,0,47,30,0,1088,0,8,0.25,1,Deal Driven Browsers,0.03567103770307226
65463.0,1,0,17,391,32,70,21,32,16,2,6,2,9,5,0,1,0,0,0,0,3,11,0,46,2309,0,1,0,0,0,1,0,0,0,0,546,530,1,1089,1,19,0.1052631578947368,2,Quiet Value Regulars,0.15407272524068877
66480.0,1,1,71,199,9,57,20,21,6,7,4,1,7,4,0,0,0,0,0,0,3,11,0,55,2188,0,1,0,0,0,0,0,1,0,0,306,300,0,1090,2,19,0.3684210526315789,1,Deal Driven Browsers,0.027857661548296345
76773.0,0,0,79,516,56,449,86,33,16,1,2,2,11,1,0,0,0,0,0,0,3,11,0,66,2648,1,0,0,0,0,0,0,1,0,0,1140,1124,0,1091,0,16,0.0625,2,Quiet Value Regulars,0.10169642055979083
81698.0,0,0,1,709,45,115,30,160,45,1,8,2,5,5,0,0,0,1,0,0,3,11,1,37,2644,0,0,1,0,0,1,0,0,0,0,1059,1014,1,1092,0,16,0.0625,0,Premium Loyalists,0.76220865269357
54466.0,1,1,78,12,0,4,0,0,0,1,1,0,2,5,0,0,0,0,0,0,3,11,0,47,2299,0,0,1,0,0,0,0,0,0,1,16,16,0,1093,2,4,0.25,1,Deal Driven Browsers,0.009496075354665618
98777.0,0,0,23,1000,19,711,125,115,38,0,4,6,9,1,0,1,0,0,0,0,3,11,0,60,2291,0,0,1,0,0,0,0,0,1,0,1970,1932,1,1094,0,19,0.0,0,Premium Loyalists,0.24597477015075117
16269.0,1,0,75,19,3,18,3,1,0,3,3,0,3,8,0,0,0,0,0,0,3,11,0,36,2462,0,0,1,0,0,0,0,0,0,1,44,44,0,1095,1,9,0.3333333333333333,1,Deal Driven Browsers,0.05646229550024045
71819.0,0,1,70,1224,28,140,0,14,168,3,3,3,5,6,0,1,1,0,0,0,3,11,0,49,2464,0,0,0,1,0,0,0,1,0,0,1406,1238,2,1096,1,14,0.2142857142857142,0,Premium Loyalists,0.26515208854535005
33569.0,1,0,10,16,2,18,3,0,24,1,1,1,2,8,1,0,0,0,0,0,3,11,1,37,2415,0,1,0,0,0,0,0,0,0,1,39,15,1,1097,1,5,0.2,1,Deal Driven Browsers,0.5855407409277584
36262.0,0,0,24,88,39,54,64,28,153,1,3,5,3,6,1,0,0,0,0,0,3,11,1,37,2441,0,1,0,0,0,0,0,0,1,0,273,120,1,1098,0,12,0.0833333333333333,1,Deal Driven Browsers,0.42810049725815985
22634.0,0,0,47,2,23,11,8,6,46,1,2,1,2,8,0,0,0,0,0,0,3,11,0,54,2688,0,0,0,1,0,0,1,0,0,0,50,4,0,1099,0,6,0.1666666666666666,1,Deal Driven Browsers,0.04148187625068431
47025.0,0,1,98,508,11,59,23,5,29,5,11,1,6,9,0,0,0,0,0,0,3,11,0,42,2449,0,1,0,0,0,1,0,0,0,0,606,577,0,1100,1,23,0.217391304347826,1,Deal Driven Browsers,0.07536166527827749
70566.0,0,1,4,381,28,215,84,28,21,2,6,5,9,3,0,0,0,0,0,0,3,11,0,52,2425,0,0,1,0,0,0,0,1,0,0,736,715,0,1101,1,22,0.0909090909090909,2,Quiet Value Regulars,0.038854000099855304
31605.0,1,0,15,74,0,42,2,1,6,2,2,1,4,7,0,0,0,0,0,0,3,11,0,41,2743,0,1,0,0,0,0,0,0,0,1,119,113,0,1102,1,9,0.2222222222222222,1,Deal Driven Browsers,0.10061966509797396
52034.0,1,1,67,146,0,93,7,13,73,5,4,2,5,7,0,0,0,0,0,0,3,11,0,47,2567,1,0,0,0,0,0,0,0,1,0,259,186,0,1103,2,16,0.3125,1,Deal Driven Browsers,0.03665859343892495
48526.0,1,0,32,23,17,23,43,20,9,1,2,1,4,3,0,0,0,0,0,0,3,11,0,41,2346,0,0,1,0,0,0,0,1,0,0,126,117,0,1104,1,8,0.125,1,Deal Driven Browsers,0.019609051437787104
46734.0,0,1,40,110,5,137,26,23,29,2,6,1,5,7,0,0,0,0,0,0,3,11,0,66,2747,0,1,0,0,0,0,0,1,0,0,301,272,0,1105,1,14,0.1428571428571428,1,Deal Driven Browsers,0.10758689546064316
39552.0,1,1,54,165,3,147,4,24,41,7,6,2,5,8,0,0,0,0,0,0,3,11,1,58,2717,1,0,0,0,0,0,0,1,0,0,343,302,0,1106,2,20,0.35,1,Deal Driven Browsers,0.28969641929662093
86358.0,1,1,78,957,47,494,82,47,95,4,5,3,6,8,0,0,0,0,0,0,3,11,0,54,2849,0,0,1,0,0,0,0,1,0,0,1627,1532,0,1107,2,18,0.2222222222222222,2,Quiet Value Regulars,0.3178916451754802
46931.0,2,1,94,41,0,17,3,1,16,2,1,1,3,3,0,0,0,0,0,0,3,11,0,43,2225,0,0,0,1,0,0,0,1,0,0,62,46,0,1108,3,7,0.2857142857142857,1,Deal Driven Browsers,0.009150807231983702
16581.0,0,0,51,1,3,4,2,3,11,1,0,0,3,4,0,0,0,0,0,0,3,11,0,35,2692,0,0,1,0,0,0,1,0,0,0,13,2,0,1109,0,4,0.25,1,Deal Driven Browsers,0.040952251731214855
63998.0,0,0,42,176,29,818,0,33,112,1,7,6,11,4,0,0,0,0,0,0,3,11,1,68,2350,1,0,0,0,0,1,0,0,0,0,1056,944,0,1110,0,25,0.04,2,Quiet Value Regulars,0.1264695103300867
67381.0,0,1,67,815,8,53,11,0,70,4,2,2,9,7,0,1,0,0,0,0,3,11,0,69,2689,0,1,0,0,0,0,0,0,1,0,887,817,1,1111,1,17,0.2352941176470588,2,Quiet Value Regulars,0.15122766441657529
25930.0,1,1,87,6,1,2,2,0,4,1,1,0,2,7,0,0,0,0,0,0,3,11,0,53,2421,0,0,1,0,0,0,0,1,0,0,11,7,0,1112,2,4,0.25,1,Deal Driven Browsers,0.013644950369264122
42693.0,1,0,29,8,4,20,6,3,16,1,1,0,3,5,0,0,0,0,0,0,3,11,0,42,2181,0,1,0,0,0,0,0,1,0,0,41,25,0,1113,1,5,0.2,1,Deal Driven Browsers,0.007262892872326836
85606.0,0,1,89,717,42,864,219,30,84,2,6,7,9,3,0,0,0,1,0,0,3,11,0,44,2753,0,0,0,1,0,0,0,1,0,0,1872,1788,1,1114,1,24,0.0833333333333333,0,Premium Loyalists,0.4039704997640383
72903.0,0,0,74,1067,138,750,0,19,39,1,7,5,8,4,0,1,1,1,0,0,3,11,1,35,2402,0,0,1,0,0,0,0,1,0,0,1974,1935,3,1115,0,21,0.0476190476190476,0,Premium Loyalists,0.6953142745992241
49669.0,1,0,97,166,5,107,11,8,29,2,5,1,6,6,0,0,0,0,0,0,3,11,0,46,2195,0,0,0,1,0,1,0,0,0,0,297,268,0,1116,1,14,0.1428571428571428,1,Deal Driven Browsers,0.015874506779769936
36778.0,1,1,63,29,4,34,2,4,4,3,3,0,3,9,0,0,0,0,0,0,3,11,0,52,2852,0,1,0,0,0,0,0,0,0,1,73,69,0,1117,2,9,0.3333333333333333,1,Deal Driven Browsers,0.2997386123960395
85696.0,0,0,88,714,76,395,116,0,12,1,4,6,9,1,0,0,0,0,0,0,3,11,1,58,2581,1,0,0,0,0,0,0,0,0,1,1301,1289,0,1118,0,20,0.05,2,Quiet Value Regulars,0.49770416819164587
10979.0,0,0,34,8,4,10,2,2,4,2,3,0,3,5,0,0,0,0,0,0,3,11,0,31,2197,1,0,0,0,0,0,0,0,1,0,26,22,0,1119,0,8,0.25,1,Deal Driven Browsers,0.035345613791666404
49678.0,0,1,81,229,5,56,3,2,20,2,6,2,4,7,0,0,0,0,0,0,3,11,0,59,2671,0,1,0,0,0,0,0,1,0,0,295,275,0,1120,1,14,0.1428571428571428,1,Deal Driven Browsers,0.011727649782083745
56129.0,0,1,65,320,48,133,39,72,48,4,6,2,10,4,0,0,0,0,0,0,3,11,0,67,2533,0,0,0,1,0,0,0,0,1,0,612,564,0,1121,1,22,0.1818181818181818,2,Quiet Value Regulars,0.0022094363083724785
37155.0,1,0,51,23,0,26,7,15,3,1,2,0,4,5,0,0,0,0,0,0,3,11,0,31,2673,0,1,0,0,0,0,0,1,0,0,71,68,0,1122,1,7,0.1428571428571428,1,Deal Driven Browsers,0.034328807468136935
21282.0,1,0,76,1,5,8,4,8,20,2,2,1,2,6,0,0,0,0,0,0,3,11,0,42,2208,1,0,0,0,0,1,0,0,0,0,26,6,0,1123,1,7,0.2857142857142857,1,Deal Driven Browsers,0.02038276304975812
33419.0,0,1,76,56,0,12,0,0,18,2,2,0,4,7,0,0,0,0,0,0,3,11,0,58,2475,0,0,1,0,0,0,0,0,0,1,68,50,0,1124,1,8,0.25,1,Deal Driven Browsers,0.018055423917254218
63285.0,0,0,84,508,124,249,50,38,134,1,6,5,13,3,0,0,0,0,0,0,3,11,0,75,2395,0,0,0,0,1,0,0,1,0,0,969,835,0,1125,0,25,0.04,2,Quiet Value Regulars,0.05371788216644185
21255.0,1,0,56,29,0,25,2,2,3,4,2,1,4,4,0,0,0,0,0,0,3,11,0,46,2318,0,0,0,1,0,0,0,0,1,0,58,55,0,1126,1,11,0.3636363636363636,1,Deal Driven Browsers,0.0260970004441516
42162.0,1,0,31,46,7,59,2,4,27,2,3,1,3,6,1,0,0,0,0,0,3,11,1,39,2381,0,0,0,1,0,0,0,1,0,0,118,91,1,1127,1,9,0.2222222222222222,1,Deal Driven Browsers,0.28996836211624627
54450.0,1,1,0,454,0,171,8,19,32,12,9,2,8,8,0,0,0,0,0,0,3,11,0,64,2812,0,0,0,1,0,0,0,1,0,0,652,620,0,1128,2,31,0.3870967741935484,1,Deal Driven Browsers,0.31969169481069387
57744.0,0,1,91,350,3,39,0,0,19,2,9,1,4,8,0,0,0,0,0,0,3,11,0,66,2388,0,1,0,0,0,0,0,0,0,1,392,373,0,1129,1,16,0.125,1,Deal Driven Browsers,0.02793981474355288
26576.0,1,0,40,10,0,8,0,0,9,1,1,0,2,9,1,0,0,0,0,0,3,11,1,34,2783,0,0,1,0,0,0,0,1,0,0,18,9,1,1130,1,4,0.25,1,Deal Driven Browsers,0.4482567941169027
57513.0,0,0,59,735,40,183,52,20,30,2,9,3,13,6,0,0,0,0,0,0,3,11,0,77,2517,0,0,0,0,1,0,0,0,0,1,1030,1000,0,1131,0,27,0.074074074074074,2,Quiet Value Regulars,0.08005211051713046
68142.0,0,1,96,897,126,196,91,112,37,3,10,4,7,6,0,0,0,0,0,0,3,11,0,56,2828,0,0,0,1,0,0,0,1,0,0,1422,1385,0,1132,1,24,0.125,2,Quiet Value Regulars,0.09497683508143198
7500.0,0,1,61,5,2,3,3,0,5,1,1,0,2,8,0,0,0,0,0,0,3,11,0,41,2828,0,1,0,0,0,0,0,1,0,0,13,8,0,1133,1,4,0.25,1,Deal Driven Browsers,0.17036191977458817
83145.0,0,0,14,777,35,731,39,137,114,1,5,9,11,2,0,0,1,0,0,0,3,11,1,46,2804,0,0,0,1,0,0,0,1,0,0,1719,1605,1,1134,0,26,0.0384615384615384,0,Premium Loyalists,0.5669408999711816
54197.0,0,1,16,162,6,37,6,13,13,2,1,3,6,1,0,0,0,0,0,0,3,11,0,60,2246,0,1,0,0,0,0,0,0,1,0,224,211,0,1135,1,12,0.1666666666666666,2,Quiet Value Regulars,0.012033268417234975
23091.0,1,1,98,35,0,11,0,0,2,4,2,1,3,7,0,0,0,0,0,0,3,11,0,57,2191,0,0,1,0,0,0,0,0,0,1,46,44,0,1136,2,10,0.4,1,Deal Driven Browsers,0.03859703072908148
46049.0,1,1,11,342,9,112,19,14,19,10,5,2,9,7,0,0,0,0,0,0,3,11,1,44,2502,0,1,0,0,0,0,0,1,0,0,496,477,0,1137,2,26,0.3846153846153846,1,Deal Driven Browsers,0.20749830950716622
56715.0,0,0,52,258,105,239,237,172,9,1,7,3,4,4,0,0,0,0,0,0,3,11,0,46,2730,0,0,0,1,0,0,0,1,0,0,1011,1002,0,1138,0,15,0.0666666666666666,2,Quiet Value Regulars,0.062462318672827956
79410.0,0,0,19,658,80,483,123,13,13,1,3,2,5,1,0,0,0,0,0,0,3,11,0,59,2190,0,1,0,0,0,0,0,1,0,0,1357,1344,0,1139,0,11,0.0909090909090909,2,Quiet Value Regulars,0.11193817879398045
57304.0,0,1,61,356,80,329,138,17,106,2,7,6,10,5,0,0,0,0,0,0,3,11,0,69,2634,0,1,0,0,0,0,0,1,0,0,920,814,0,1140,1,25,0.08,2,Quiet Value Regulars,0.009210074768444902
44375.0,0,1,73,213,5,28,7,7,41,1,4,1,6,5,0,0,0,0,0,0,3,11,0,55,2257,0,1,0,0,0,0,0,1,0,0,260,219,0,1141,1,12,0.0833333333333333,1,Deal Driven Browsers,0.0029099458193797816
54450.0,1,1,0,454,0,171,8,19,32,12,9,2,8,8,0,0,0,0,0,0,3,11,0,64,2812,0,0,0,1,0,0,0,1,0,0,652,620,0,1142,2,31,0.3870967741935484,1,Deal Driven Browsers,0.31969169481069387
59594.0,0,1,74,457,4,29,0,0,9,1,8,1,7,7,0,1,0,0,0,0,3,11,0,55,2776,0,1,0,0,0,0,0,1,0,0,490,481,1,1143,1,17,0.0588235294117647,2,Quiet Value Regulars,0.16614018423617408
80685.0,0,0,55,241,45,604,34,26,54,1,6,4,10,2,0,0,0,0,0,0,3,11,0,26,2835,0,0,0,1,0,0,0,1,0,0,950,896,0,1144,0,21,0.0476190476190476,2,Quiet Value Regulars,0.09895355711302682
40344.0,0,1,48,210,0,6,0,0,2,2,4,1,5,7,0,0,0,0,0,0,3,11,0,46,2418,0,1,0,0,0,0,0,0,0,1,216,214,0,1145,1,12,0.1666666666666666,1,Deal Driven Browsers,0.014912777593923107
62710.0,0,1,53,441,35,83,7,29,11,4,4,2,12,4,0,0,0,0,0,0,3,11,0,48,2561,0,1,0,0,0,0,0,1,0,0,595,584,0,1146,1,22,0.1818181818181818,2,Quiet Value Regulars,0.007180450471173544
48985.0,0,1,13,19,13,18,10,7,8,1,1,1,3,3,0,0,0,0,0,0,3,11,0,52,2518,0,1,0,0,0,1,0,0,0,0,67,59,0,1147,1,6,0.1666666666666666,1,Deal Driven Browsers,0.027821908437608386
35322.0,1,2,34,28,9,37,12,7,13,3,2,0,4,8,0,0,0,0,0,0,3,11,0,52,2835,0,0,0,1,0,0,0,1,0,0,93,80,0,1148,3,9,0.3333333333333333,1,Deal Driven Browsers,0.17540086754676776
77142.0,0,0,54,476,75,162,29,151,97,1,4,4,8,2,0,0,0,0,0,0,3,11,0,72,2555,0,1,0,0,0,0,0,1,0,0,893,796,0,1149,0,17,0.0588235294117647,2,Quiet Value Regulars,0.01029723989785033
81657.0,0,0,69,364,40,425,158,60,50,1,3,4,8,1,0,0,0,0,0,0,3,11,0,51,2317,0,0,1,0,0,0,0,1,0,0,1047,997,0,1150,0,16,0.0625,2,Quiet Value Regulars,0.05499182055470894
14421.0,0,0,81,0,0,2,3,3,8,1,1,0,2,5,1,0,0,0,0,0,3,11,0,24,2291,0,1,0,0,0,0,1,0,0,0,8,0,1,1151,0,4,0.25,1,Deal Driven Browsers,0.16295650430666625
20130.0,0,0,99,0,6,3,7,6,12,1,1,0,3,8,0,0,0,0,0,0,3,11,0,46,2263,0,1,0,0,0,1,0,0,0,0,22,10,0,1152,0,5,0.2,1,Deal Driven Browsers,0.015270446411066813
74214.0,0,0,3,863,83,547,86,99,33,1,8,2,5,5,0,0,0,0,0,0,3,11,0,30,2831,0,1,0,0,0,0,0,0,0,1,1678,1645,0,1153,0,16,0.0625,2,Quiet Value Regulars,0.33726305385988264
66726.0,1,1,61,349,7,35,0,0,47,3,8,2,4,7,0,1,0,0,0,0,3,11,0,63,2327,0,1,0,0,0,0,0,0,1,0,391,344,1,1154,2,17,0.1764705882352941,1,Deal Driven Browsers,0.07391917409936732
23724.0,1,0,65,5,23,15,0,18,14,2,2,0,3,8,0,0,0,0,0,0,3,11,0,41,2696,0,0,0,1,0,0,1,0,0,0,61,47,0,1155,1,7,0.2857142857142857,1,Deal Driven Browsers,0.03846814498161082
47353.0,0,1,93,184,2,19,8,8,4,3,2,2,6,5,0,0,0,0,0,0,3,11,0,60,2387,0,1,0,0,0,0,0,0,1,0,221,217,0,1156,1,13,0.2307692307692307,1,Deal Driven Browsers,0.0013331041425381047
33444.0,1,1,24,8,0,8,0,0,2,1,1,0,2,8,0,0,0,0,0,0,3,11,0,68,2762,0,1,0,0,0,0,0,0,1,0,16,14,0,1157,2,4,0.25,1,Deal Driven Browsers,0.08810139087344485
54386.0,0,1,8,277,21,64,62,21,25,2,3,2,10,3,0,0,0,0,0,0,3,11,0,39,2567,0,1,0,0,0,0,0,1,0,0,445,420,0,1158,1,17,0.1176470588235294,2,Quiet Value Regulars,0.07450780808730934
28510.0,1,1,72,44,5,19,0,4,19,3,2,0,4,5,0,0,0,0,0,0,3,11,0,39,2601,1,0,0,0,0,0,0,1,0,0,72,53,0,1159,2,9,0.3333333333333333,1,Deal Driven Browsers,0.022843483853607682
90638.0,0,0,29,1156,120,915,94,144,96,1,3,4,10,1,0,0,1,0,0,0,3,11,0,29,2295,0,0,1,0,0,0,0,0,1,0,2429,2333,1,1160,0,18,0.0555555555555555,0,Premium Loyalists,0.3363811044848331
48070.0,0,1,33,373,14,83,6,9,19,3,8,2,6,7,0,0,0,0,0,1,3,11,0,70,2691,0,0,0,1,0,0,0,1,0,0,485,466,0,1161,1,19,0.1578947368421052,1,Deal Driven Browsers,0.04745449089283055
43140.0,0,1,68,134,8,76,6,0,11,1,4,1,5,6,0,0,0,0,0,0,3,11,0,63,2699,0,1,0,0,0,0,0,1,0,0,224,213,0,1162,1,11,0.0909090909090909,1,Deal Driven Browsers,0.032330070798047755
54959.0,0,1,55,1148,0,60,0,0,24,3,9,5,4,7,0,1,0,0,0,0,3,11,1,59,2685,1,0,0,0,0,0,0,0,0,1,1208,1184,1,1163,1,21,0.1428571428571428,2,Quiet Value Regulars,0.41888038169664016
15056.0,1,1,76,6,12,3,21,6,40,5,2,2,3,5,0,0,0,0,0,0,3,11,0,62,2581,0,0,1,0,0,0,1,0,0,0,48,8,0,1164,2,12,0.4166666666666667,1,Deal Driven Browsers,0.031062328792637126
26954.0,1,0,17,4,1,11,0,0,1,1,1,0,2,7,0,0,0,0,0,0,3,11,0,49,2211,0,0,1,0,0,0,0,1,0,0,16,15,0,1165,1,4,0.25,1,Deal Driven Browsers,0.03905350441878037
22327.0,1,0,94,5,4,8,2,0,5,1,1,0,3,5,0,0,0,0,0,0,3,11,0,35,2490,0,0,1,0,0,0,0,1,0,0,19,14,0,1166,1,5,0.2,1,Deal Driven Browsers,0.015977336830184142
44393.0,1,1,86,24,2,20,2,2,10,2,1,0,4,4,0,0,0,0,0,0,3,11,0,55,2470,0,1,0,0,0,0,0,1,0,0,50,40,0,1167,2,7,0.2857142857142857,1,Deal Driven Browsers,0.005229290170119481
62000.0,0,1,25,899,0,101,0,0,20,1,6,6,13,4,0,0,0,1,0,0,3,11,0,68,2467,0,0,1,0,0,0,0,0,0,1,1000,980,1,1168,1,26,0.0384615384615384,2,Quiet Value Regulars,0.10038585772905059
31497.0,0,1,22,108,1,28,13,1,4,2,3,1,4,8,0,0,0,0,0,0,3,11,0,58,2729,0,0,0,1,0,0,0,0,0,1,151,147,0,1169,1,10,0.2,1,Deal Driven Browsers,0.08417808575583345
45894.0,0,2,15,27,2,7,0,2,13,1,1,0,3,5,0,0,0,0,0,0,3,11,0,46,2281,0,1,0,0,0,1,0,0,0,0,38,25,0,1170,2,5,0.2,1,Deal Driven Browsers,0.03260910849245549
78579.0,0,0,35,816,66,549,216,66,99,1,5,6,4,3,0,0,0,0,0,0,3,11,1,50,2713,1,0,0,0,0,0,0,0,1,0,1713,1614,0,1171,0,16,0.0625,2,Quiet Value Regulars,0.43312783203699307
67369.0,0,1,81,1298,0,70,37,14,42,4,7,4,10,4,0,1,1,0,0,0,3,11,1,51,2748,0,0,0,0,1,0,0,0,1,0,1419,1377,2,1172,1,25,0.16,0,Premium Loyalists,0.5231143062393041
58401.0,0,1,55,10,0,11,17,29,29,1,1,2,2,4,0,0,0,0,0,0,3,11,0,60,2229,1,0,0,0,0,0,0,1,0,0,67,38,0,1173,1,6,0.1666666666666666,1,Deal Driven Browsers,0.006294900421216212
62307.0,0,1,94,87,13,34,10,6,10,1,4,0,4,5,0,0,0,0,0,0,3,11,0,68,2291,0,0,1,0,0,0,0,1,0,0,150,140,0,1174,1,9,0.1111111111111111,1,Deal Driven Browsers,0.011794703089962583
43641.0,1,1,50,57,2,51,4,2,23,3,2,1,4,6,0,0,0,0,0,0,3,11,0,51,2592,0,1,0,0,0,0,0,0,1,0,116,93,0,1175,2,10,0.3,1,Deal Driven Browsers,0.026495694590831866
63841.0,0,1,64,635,15,100,20,7,131,1,9,3,9,6,0,0,0,0,0,0,3,11,0,52,2593,1,0,0,0,0,0,0,0,1,0,777,646,0,1176,1,22,0.0454545454545454,2,Quiet Value Regulars,0.022393702075358422
46891.0,0,1,91,43,12,23,29,15,61,1,2,1,4,4,0,0,0,0,0,0,3,11,0,55,2460,0,1,0,0,0,1,0,0,0,0,122,61,0,1177,1,8,0.125,1,Deal Driven Browsers,0.003023315782749745
70091.0,1,0,11,964,34,137,15,0,11,2,5,2,10,8,0,1,0,0,0,0,3,11,0,51,2614,0,1,0,0,0,0,0,0,1,0,1150,1139,1,1178,1,19,0.1052631578947368,2,Quiet Value Regulars,0.26929468359140823
78075.0,0,0,72,572,8,259,34,35,80,1,3,5,5,1,0,0,0,0,0,0,3,11,0,48,2244,0,1,0,0,0,0,0,0,0,1,908,828,0,1179,0,14,0.0714285714285714,2,Quiet Value Regulars,0.017649353713470685
59184.0,0,1,6,341,142,113,259,151,66,3,6,6,12,5,0,0,0,0,0,0,3,11,0,59,2817,0,0,0,0,1,1,0,0,0,0,1006,940,0,1180,1,27,0.1111111111111111,2,Quiet Value Regulars,0.13387570479699798
54809.0,1,1,0,63,6,57,13,13,22,4,2,1,5,4,0,0,0,0,0,0,3,11,0,43,2450,0,1,0,0,0,0,0,1,0,0,152,130,0,1181,2,12,0.3333333333333333,1,Deal Driven Browsers,0.3006930662557797
58113.0,0,1,66,221,104,169,102,78,84,3,9,2,8,7,0,0,0,0,0,1,3,11,0,61,2679,0,1,0,0,0,0,0,1,0,0,674,590,0,1182,1,22,0.1363636363636363,2,Quiet Value Regulars,0.0038532565440757053
51412.0,0,1,42,140,3,29,4,5,14,2,3,2,4,4,0,0,0,0,0,0,3,11,0,62,2339,0,1,0,0,0,0,0,0,1,0,181,167,0,1183,1,11,0.1818181818181818,1,Deal Driven Browsers,0.0029710531331186745
15287.0,1,0,60,1,2,8,4,3,13,2,1,1,2,7,1,0,0,0,0,0,3,11,1,41,2786,1,0,0,0,0,0,0,1,0,0,18,5,1,1184,1,6,0.3333333333333333,1,Deal Driven Browsers,0.5884839890889485
66636.0,0,0,64,291,10,689,84,10,0,1,3,4,9,1,0,0,0,0,0,0,3,11,0,63,2475,0,0,0,1,0,0,0,0,1,0,1084,1084,0,1185,0,17,0.0588235294117647,2,Quiet Value Regulars,0.017274732785239152
50965.0,0,1,87,544,13,85,8,6,29,3,10,4,5,8,1,0,0,0,0,0,3,11,0,64,2653,0,1,0,0,0,0,0,0,1,0,656,627,1,1186,1,22,0.1363636363636363,2,Quiet Value Regulars,0.13935484836622888
84618.0,0,0,96,684,100,801,21,66,0,1,6,9,10,2,0,0,1,0,0,0,3,11,0,55,2378,0,1,0,0,0,0,0,0,0,1,1672,1672,1,1187,0,26,0.0384615384615384,0,Premium Loyalists,0.15995104166143062
18351.0,0,0,1,1,12,9,0,14,7,1,2,0,3,7,0,0,0,0,0,0,3,11,0,30,2402,0,1,0,0,0,0,0,1,0,0,36,29,0,1188,0,6,0.1666666666666666,1,Deal Driven Browsers,0.12791972372755228
40451.0,0,2,54,35,0,4,0,0,10,1,1,1,2,5,1,0,0,0,0,0,3,11,0,63,2292,0,0,0,1,0,0,0,0,0,1,39,29,1,1189,2,5,0.2,1,Deal Driven Browsers,0.08960739783525261
36317.0,0,1,53,87,3,25,3,2,13,2,3,0,4,7,0,0,0,0,0,0,3,11,0,55,2562,0,0,0,1,0,0,0,1,0,0,120,107,0,1190,1,9,0.2222222222222222,1,Deal Driven Browsers,0.015020999196881551
42213.0,0,1,96,309,3,24,4,3,20,2,5,1,7,7,0,1,0,0,0,0,3,11,0,63,2419,0,0,0,1,0,0,0,1,0,0,343,323,1,1191,1,15,0.1333333333333333,1,Deal Driven Browsers,0.08699645232648336
65748.0,0,1,58,172,73,93,95,78,34,2,2,4,10,1,0,0,0,0,0,1,3,11,0,65,2599,0,0,0,1,0,0,0,1,0,0,511,477,0,1192,1,18,0.1111111111111111,2,Quiet Value Regulars,0.007136906426906427
77044.0,0,1,12,625,38,242,50,34,76,2,7,11,11,4,1,0,0,0,0,0,3,11,0,48,2404,0,0,0,1,0,0,0,1,0,0,989,913,1,1193,1,31,0.064516129032258,2,Quiet Value Regulars,0.18901306384313887
74918.0,0,0,78,972,59,913,25,19,59,1,5,9,6,3,0,0,1,0,0,0,3,11,0,51,2633,0,0,0,1,0,0,0,1,0,0,1988,1929,1,1194,0,21,0.0476190476190476,0,Premium Loyalists,0.2974779176761817
56721.0,1,1,64,157,6,39,6,13,75,5,4,1,5,6,0,0,0,0,0,0,3,11,0,48,2765,0,1,0,0,0,0,0,1,0,0,221,146,0,1195,2,15,0.3333333333333333,1,Deal Driven Browsers,0.11046614743200593
42160.0,1,1,26,48,9,45,3,15,20,4,2,1,4,6,0,0,0,0,0,0,3,11,1,45,2525,0,0,1,0,0,0,0,1,0,0,120,100,0,1196,2,11,0.3636363636363636,1,Deal Driven Browsers,0.264916995467517
61559.0,0,1,8,279,83,88,32,14,34,1,4,2,10,3,0,0,0,0,0,0,3,11,0,55,2506,0,0,1,0,0,0,0,1,0,0,496,462,0,1197,1,17,0.0588235294117647,2,Quiet Value Regulars,0.06158064637266675
33629.0,1,1,49,132,0,16,0,0,4,5,3,1,4,9,0,0,0,0,0,0,3,11,0,57,2849,0,0,0,1,0,0,0,0,0,1,148,144,0,1198,2,13,0.3846153846153846,1,Deal Driven Browsers,0.32850175355312017
68682.0,0,0,56,919,0,505,99,30,45,1,4,9,10,2,0,0,0,0,0,0,3,11,0,29,2425,0,0,0,1,0,0,0,0,0,1,1553,1508,0,1199,0,24,0.0416666666666666,2,Quiet Value Regulars,0.08959096969994804
34377.0,0,1,55,62,0,22,3,1,26,2,2,2,2,7,0,0,0,0,0,0,3,11,0,57,2685,0,0,1,0,0,0,0,1,0,0,88,62,0,1200,1,8,0.25,1,Deal Driven Browsers,0.059936583530261996
8940.0,1,0,25,1,45,3,4,6,42,3,3,1,3,8,0,0,0,0,0,0,3,11,0,34,2835,0,0,1,0,0,0,1,0,0,0,59,17,0,1201,1,10,0.3,1,Deal Driven Browsers,0.2974727912913205
26228.0,1,0,50,2,6,4,3,1,9,1,1,0,2,8,0,0,0,0,0,0,3,11,0,47,2439,0,1,0,0,0,0,0,1,0,0,16,7,0,1202,1,4,0.25,1,Deal Driven Browsers,0.022305831778524136
77297.0,0,0,84,408,61,109,48,122,41,1,5,7,9,4,0,0,0,1,0,0,3,11,0,63,2678,1,0,0,0,0,1,0,0,0,0,748,707,1,1203,0,22,0.0454545454545454,2,Quiet Value Regulars,0.14717858189282354
40211.0,1,1,30,51,1,7,2,1,25,2,2,1,2,8,1,0,0,0,0,0,3,11,0,39,2493,0,1,0,0,0,0,0,1,0,0,62,37,1,1204,2,7,0.2857142857142857,1,Deal Driven Browsers,0.22416802306135852
33438.0,1,1,81,62,1,16,3,2,6,4,2,1,4,5,0,0,0,0,0,0,3,11,0,62,2439,0,0,0,0,1,0,0,0,0,1,84,78,0,1205,2,11,0.3636363636363636,1,Deal Driven Browsers,0.023251463886990197
75032.0,0,1,74,952,12,180,47,12,12,2,5,4,9,3,0,0,0,0,0,0,3,11,0,61,2586,0,1,0,0,0,0,0,0,0,1,1203,1191,0,1206,1,20,0.1,2,Quiet Value Regulars,0.09051818530745366
61284.0,0,0,76,618,15,106,20,7,45,1,11,2,8,6,0,1,0,0,0,0,3,11,0,65,2419,0,0,1,0,0,0,0,0,0,1,766,721,1,1207,0,22,0.0454545454545454,2,Quiet Value Regulars,0.09814978894582588
22518.0,1,0,36,11,7,12,2,2,27,2,2,1,2,5,1,0,0,0,0,0,3,11,1,34,2774,0,1,0,0,0,0,0,1,0,0,34,7,1,1208,1,7,0.2857142857142857,1,Deal Driven Browsers,0.4018924821326238
54730.0,0,1,64,318,3,17,4,7,56,5,4,1,8,4,0,0,0,0,0,0,3,11,0,45,2477,0,1,0,0,0,0,0,0,1,0,349,293,0,1209,1,18,0.2777777777777778,1,Deal Driven Browsers,0.010093160752594716
38452.0,1,1,62,56,0,14,0,0,2,3,3,0,3,7,0,0,0,0,0,0,3,11,0,65,2250,0,1,0,0,0,0,0,0,1,0,70,68,0,1210,2,9,0.3333333333333333,1,Deal Driven Browsers,0.009431091547962584
44421.0,1,1,53,110,5,59,7,1,7,5,5,0,4,8,0,0,0,0,0,0,3,11,0,49,2658,1,0,0,0,0,0,0,1,0,0,182,175,0,1211,2,14,0.3571428571428571,1,Deal Driven Browsers,0.07235429749340053
38197.0,1,0,86,23,0,11,2,1,3,1,1,0,3,5,0,0,0,0,0,0,3,11,0,34,2524,0,0,0,1,0,0,0,0,0,1,37,34,0,1212,1,5,0.2,1,Deal Driven Browsers,0.019461685961097718
41986.0,0,1,15,27,5,8,8,3,12,3,3,0,4,4,0,0,0,0,0,0,3,11,0,42,2299,1,0,0,0,0,0,0,1,0,0,51,39,0,1213,1,10,0.3,1,Deal Driven Browsers,0.11560616111190962
28427.0,1,0,67,18,3,19,3,3,6,2,2,0,3,8,0,0,0,0,0,0,3,11,0,37,2624,0,0,0,1,0,0,0,1,0,0,46,40,0,1214,1,7,0.2857142857142857,1,Deal Driven Browsers,0.009733650506714292
37395.0,1,0,47,18,0,9,0,1,11,1,1,0,3,6,0,0,0,0,0,0,3,11,0,44,2217,0,0,0,1,0,0,0,0,0,1,28,17,0,1215,1,5,0.2,1,Deal Driven Browsers,0.005328168498168499
64722.0,1,0,47,303,0,280,60,147,15,4,8,2,11,6,0,0,0,0,0,0,3,11,0,49,2193,0,1,0,0,0,0,0,1,0,0,790,775,0,1216,1,25,0.16,2,Quiet Value Regulars,0.01210805622152244
55249.0,0,1,81,97,1,19,2,0,11,1,2,1,4,3,0,0,0,0,0,0,3,11,0,64,2232,0,0,0,1,0,0,0,0,1,0,119,108,0,1217,1,8,0.125,1,Deal Driven Browsers,0.009491053391053392
84906.0,0,0,98,997,15,414,99,30,76,1,5,6,12,2,0,1,1,0,1,0,3,11,0,48,2427,0,0,0,1,0,0,0,1,0,0,1555,1479,3,1218,0,24,0.0416666666666666,0,Premium Loyalists,0.3676920004898266
28691.0,1,0,56,5,4,13,8,0,4,1,1,0,3,8,0,0,0,0,0,0,3,11,0,31,2519,0,1,0,0,0,0,0,1,0,0,30,26,0,1219,1,5,0.2,1,Deal Driven Browsers,0.014232666319802365
44213.0,1,1,48,95,11,35,0,4,7,4,2,1,5,6,0,0,0,0,0,0,3,11,0,68,2371,0,0,1,0,0,0,0,1,0,0,145,138,0,1220,2,12,0.3333333333333333,1,Deal Driven Browsers,0.05755699135530846
25707.0,1,0,18,1,6,2,3,6,3,1,1,0,3,7,0,0,0,0,0,0,3,11,0,36,2321,0,0,1,0,0,0,1,0,0,0,18,15,0,1221,1,5,0.2,1,Deal Driven Browsers,0.044774078256763244
59062.0,2,1,74,46,1,12,3,0,9,2,2,0,3,4,0,0,0,0,0,0,3,11,0,53,2428,0,1,0,0,0,0,0,0,0,1,62,53,0,1222,3,7,0.2857142857142857,1,Deal Driven Browsers,0.009027006327006327
76624.0,0,1,68,411,106,147,54,115,66,1,5,10,7,1,1,0,0,0,0,0,3,11,0,58,2195,0,0,1,0,0,0,0,1,0,0,833,767,1,1223,1,23,0.0434782608695652,2,Quiet Value Regulars,0.05009908834157268
66000.0,0,0,36,244,51,270,101,0,45,1,1,3,5,1,0,0,0,0,0,0,3,11,0,73,2229,0,0,0,1,0,0,0,0,1,0,666,621,0,1224,0,10,0.1,2,Quiet Value Regulars,0.022940648893590064
27683.0,1,0,90,152,9,121,12,12,45,4,6,2,4,8,0,0,0,0,0,0,3,11,0,42,2853,0,0,0,1,0,0,0,0,0,1,306,261,0,1225,1,16,0.25,1,Deal Driven Browsers,0.17711837251070237
1730.0,0,0,65,1,1,3,1,1,1,15,0,0,0,20,0,0,0,0,0,0,3,11,0,49,2201,1,0,0,0,0,0,0,1,0,0,7,6,0,1226,0,15,1.0,1,Deal Driven Browsers,0.08340537105202918
7500.0,1,0,63,10,17,18,8,26,40,4,3,2,2,9,0,0,0,0,0,0,3,11,0,28,2732,0,0,1,0,0,0,1,0,0,0,79,39,0,1227,1,11,0.3636363636363636,1,Deal Driven Browsers,0.1689915271102457
40521.0,1,1,82,12,0,5,0,0,4,1,0,1,2,5,0,0,0,0,0,0,3,11,0,52,2609,0,0,0,1,0,0,0,1,0,0,17,13,0,1228,2,4,0.25,1,Deal Driven Browsers,0.011500349171525641
20427.0,1,0,63,5,0,4,0,0,1,1,1,0,2,8,0,0,0,0,0,0,3,11,0,47,2256,0,0,0,1,0,0,0,0,0,1,9,8,0,1229,1,4,0.25,1,Deal Driven Browsers,0.01371114811409926
65106.0,0,1,55,790,19,133,12,0,19,3,8,3,13,6,0,1,0,0,0,0,3,11,0,45,2195,0,1,0,0,0,0,0,1,0,0,954,935,1,1230,1,27,0.1111111111111111,2,Quiet Value Regulars,0.03867888993210111
69969.0,0,0,64,882,29,514,38,29,44,1,4,2,6,3,0,0,1,1,0,0,3,11,1,55,2465,0,1,0,0,0,0,0,0,0,1,1492,1448,2,1231,0,13,0.0769230769230769,0,Premium Loyalists,0.5069851286062088
67433.0,0,2,51,615,28,259,12,48,30,4,6,5,13,4,0,1,0,0,0,0,3,11,0,68,2507,0,1,0,0,0,0,0,1,0,0,962,932,1,1232,2,28,0.1428571428571428,2,Quiet Value Regulars,0.045542888615264884
77766.0,0,1,97,1004,59,265,115,59,27,2,11,10,11,6,1,0,0,0,0,0,3,11,1,53,2651,0,1,0,0,0,0,0,0,0,1,1502,1475,1,1233,1,34,0.0588235294117647,0,Premium Loyalists,0.45688321344118565
74716.0,0,1,92,133,27,421,13,195,71,2,7,3,5,4,0,0,0,0,0,0,3,11,0,48,2449,0,1,0,0,0,0,0,1,0,0,789,718,0,1234,1,17,0.1176470588235294,2,Quiet Value Regulars,0.0028607394701734325
68118.0,0,1,51,595,23,123,10,23,154,2,8,9,4,6,0,0,0,0,0,0,3,11,0,57,2413,1,0,0,0,0,0,0,1,0,0,774,620,0,1235,1,23,0.0869565217391304,2,Quiet Value Regulars,0.007047839692607135
55158.0,1,1,72,293,0,87,4,11,23,4,7,2,5,7,0,0,0,0,0,0,3,11,1,50,2858,0,1,0,0,0,0,0,0,0,1,395,372,0,1236,2,18,0.2222222222222222,1,Deal Driven Browsers,0.3722157395159707
62972.0,0,1,39,313,15,47,20,0,192,2,7,4,3,6,0,0,0,0,0,0,3,11,1,65,2854,0,1,0,0,0,1,0,0,0,0,395,203,0,1237,1,16,0.125,2,Quiet Value Regulars,0.13041215489451619
74190.0,0,1,49,151,81,86,168,91,64,2,4,2,11,2,0,0,0,0,0,0,3,11,0,45,2207,0,1,0,0,0,0,0,1,0,0,577,513,0,1238,1,19,0.1052631578947368,2,Quiet Value Regulars,0.01102564298770853
39356.0,1,1,21,15,0,2,0,0,6,1,1,0,2,6,1,0,0,0,0,0,3,11,0,44,2261,0,1,0,0,0,0,0,1,0,0,17,11,1,1239,2,4,0.25,1,Deal Driven Browsers,0.2689538207331362
76653.0,0,0,91,736,63,946,219,189,126,1,4,7,11,2,0,0,1,1,0,0,3,11,0,51,2476,0,0,0,1,0,0,0,1,0,0,2153,2027,2,1240,0,23,0.0434782608695652,0,Premium Loyalists,0.41926080273756783
35860.0,1,1,37,15,0,8,4,2,20,2,1,1,2,5,1,0,0,0,0,0,3,11,0,47,2200,1,0,0,0,0,0,0,0,0,1,29,9,1,1241,2,6,0.3333333333333333,1,Deal Driven Browsers,0.24909051625009912
90687.0,0,0,98,982,17,672,23,34,51,1,6,2,8,2,0,0,1,0,0,0,3,11,1,37,2562,1,0,0,0,0,0,0,0,0,1,1728,1677,1,1242,0,17,0.0588235294117647,0,Premium Loyalists,0.6360044784100197
73450.0,0,0,85,1142,51,415,90,69,37,1,7,8,11,3,1,0,0,1,0,0,3,11,0,38,2365,0,0,0,1,0,0,0,0,1,0,1767,1730,2,1243,0,27,0.037037037037037,0,Premium Loyalists,0.28759990348037223
31454.0,1,1,40,28,0,11,0,0,9,3,2,0,3,8,0,0,0,0,0,0,3,11,0,60,2517,0,1,0,0,0,0,0,1,0,0,39,30,0,1244,2,8,0.375,1,Deal Driven Browsers,0.02532881362182751
47139.0,1,1,2,46,0,12,0,2,23,2,2,1,2,7,0,0,0,0,0,0,3,11,1,68,2274,0,0,1,0,0,0,0,1,0,0,60,37,0,1245,2,7,0.2857142857142857,1,Deal Driven Browsers,0.1635951557157062
83829.0,0,0,78,897,161,430,186,161,27,0,4,7,6,1,1,0,1,1,0,0,3,11,1,45,2423,1,0,0,0,0,0,0,1,0,0,1835,1808,3,1246,0,17,0.0,0,Premium Loyalists,0.7041698965601908
53378.0,1,1,41,489,6,152,8,6,132,10,9,4,6,8,0,0,0,0,0,0,3,11,1,57,2802,0,1,0,0,0,0,0,0,0,1,661,529,0,1247,2,29,0.3448275862068966,1,Deal Driven Browsers,0.40145858748128715
19656.0,1,0,94,25,4,9,6,8,32,3,2,1,3,7,0,0,0,0,0,0,3,11,0,50,2665,0,0,0,1,0,0,0,1,0,0,52,20,0,1248,1,9,0.3333333333333333,1,Deal Driven Browsers,0.040788091260099885
45579.0,0,1,10,145,1,33,2,1,1,1,4,1,4,6,0,0,0,0,0,0,3,11,0,72,2472,0,1,0,0,0,0,0,0,0,1,182,181,0,1249,1,10,0.1,1,Deal Driven Browsers,0.08382404523220334
85485.0,0,0,73,630,26,611,44,18,54,1,6,6,6,2,0,0,0,0,0,0,3,11,0,62,2167,0,0,1,0,0,1,0,0,0,0,1329,1275,0,1250,0,19,0.0526315789473684,2,Quiet Value Regulars,0.1601178578934171
55956.0,0,0,22,760,38,104,50,9,38,2,7,3,4,4,0,1,0,0,0,0,3,11,0,76,2242,0,1,0,0,0,0,0,1,0,0,961,923,1,1251,0,16,0.125,2,Quiet Value Regulars,0.16661086444791812
64191.0,0,1,30,420,15,186,151,38,15,3,5,3,13,3,0,0,0,0,0,0,3,11,0,57,2682,0,0,1,0,0,0,0,0,1,0,810,795,0,1252,1,24,0.125,2,Quiet Value Regulars,0.04817496540243986
38808.0,1,0,21,125,17,52,3,19,30,4,5,1,4,8,1,0,0,0,0,0,3,11,1,48,2831,0,0,1,0,0,0,0,1,0,0,216,186,1,1253,1,14,0.2857142857142857,1,Deal Driven Browsers,0.6574597658439576
57183.0,1,1,51,464,5,64,7,0,70,8,9,1,7,8,0,0,0,0,0,0,3,11,0,54,2626,0,1,0,0,0,0,0,0,1,0,540,470,0,1254,2,25,0.32,1,Deal Driven Browsers,0.06284063136651642
23748.0,1,0,97,6,6,29,12,15,8,3,2,1,3,8,0,0,0,0,0,0,3,11,0,52,2744,1,0,0,0,0,0,0,0,1,0,68,60,0,1255,1,9,0.3333333333333333,1,Deal Driven Browsers,0.1424908993462463
66303.0,0,1,56,1090,12,96,16,12,60,4,3,4,11,8,0,1,0,0,0,0,3,11,0,49,2647,0,1,0,0,0,0,0,1,0,0,1226,1166,1,1256,1,22,0.1818181818181818,2,Quiet Value Regulars,0.10432957696137887
37368.0,1,0,4,3,2,11,2,2,10,1,1,0,2,6,1,0,0,0,0,0,3,11,0,45,2354,0,1,0,0,0,0,0,0,1,0,20,10,1,1257,1,4,0.25,1,Deal Driven Browsers,0.47517138053145697
40800.0,1,2,77,24,0,27,8,30,10,2,3,0,3,7,0,0,0,0,0,1,3,11,0,56,2703,0,1,0,0,0,0,0,1,0,0,89,79,0,1258,3,8,0.25,1,Deal Driven Browsers,0.0329692650871248
71847.0,0,0,95,737,21,106,55,63,210,0,6,7,9,3,0,0,0,1,0,0,3,11,0,42,2805,1,0,0,0,0,0,0,1,0,0,982,772,1,1259,0,22,0.0,0,Premium Loyalists,0.2959175973503677
46149.0,0,1,36,254,6,71,4,0,27,5,5,1,7,5,0,0,0,0,0,0,3,11,0,45,2371,0,1,0,0,0,0,0,1,0,0,335,308,0,1260,1,18,0.2777777777777778,1,Deal Driven Browsers,0.017187026195144367
78687.0,0,0,13,817,185,687,145,55,241,1,4,6,8,2,0,0,1,0,0,0,3,11,1,37,2848,0,0,0,1,0,0,0,1,0,0,1889,1648,1,1261,0,19,0.0526315789473684,0,Premium Loyalists,0.6816603595956954
49118.0,0,0,90,620,54,239,99,98,119,2,9,7,10,7,0,1,0,0,1,0,3,11,1,49,2839,1,0,0,0,0,1,0,0,0,0,1110,991,2,1262,0,28,0.0714285714285714,0,Premium Loyalists,0.595678484244139
37633.0,1,1,49,13,4,20,0,0,1,2,1,0,3,9,0,0,0,0,0,0,3,11,0,63,2806,0,1,0,0,0,0,0,0,0,1,37,36,0,1263,2,6,0.3333333333333333,1,Deal Driven Browsers,0.23952622784253005
39767.0,0,0,18,113,61,204,34,26,47,2,7,1,7,8,0,0,0,0,0,0,3,11,0,69,2502,0,0,0,1,0,0,0,0,1,0,438,391,0,1264,0,17,0.1176470588235294,1,Deal Driven Browsers,0.11391333663498514
26997.0,0,0,89,7,23,78,133,49,144,2,4,2,5,7,0,0,0,0,0,0,3,11,0,69,2760,0,1,0,0,0,0,1,0,0,0,290,146,0,1265,0,13,0.1538461538461538,1,Deal Driven Browsers,0.10137362802320421
33986.0,1,0,43,16,2,18,2,1,5,1,1,0,3,7,0,0,0,0,0,0,3,11,0,50,2631,1,0,0,0,0,0,0,1,0,0,39,34,0,1266,1,5,0.2,1,Deal Driven Browsers,0.019440876518151386
57091.0,0,1,82,462,0,24,6,0,4,2,9,2,5,7,0,1,0,0,0,0,3,11,1,48,2742,0,1,0,0,0,0,0,0,0,1,492,488,1,1267,1,18,0.1111111111111111,2,Quiet Value Regulars,0.3525388052175666
46831.0,1,1,84,22,2,10,6,4,34,2,1,2,2,4,0,0,0,0,0,0,3,11,0,51,2545,0,1,0,0,0,1,0,0,0,0,44,10,0,1268,2,7,0.2857142857142857,1,Deal Driven Browsers,0.006760092700922012
83151.0,0,0,80,968,147,842,137,42,210,1,5,7,10,2,1,0,1,1,0,0,3,11,1,48,2663,0,1,0,0,0,0,0,0,1,0,2136,1926,3,1269,0,23,0.0434782608695652,0,Premium Loyalists,0.7109272041338536
52531.0,0,0,68,283,112,151,51,72,125,2,7,2,10,6,0,0,0,0,0,0,3,11,0,49,2705,0,1,0,0,0,0,0,1,0,0,669,544,0,1270,0,21,0.0952380952380952,2,Quiet Value Regulars,0.05482129267361465
15759.0,0,0,12,1,2,5,6,0,3,1,1,0,2,7,0,0,0,0,0,0,3,11,0,64,2456,0,1,0,0,0,0,0,1,0,0,14,11,0,1271,0,4,0.25,1,Deal Driven Browsers,0.0785420068134408
22804.0,1,0,75,14,1,7,2,1,1,1,2,0,2,9,0,0,0,0,0,0,3,11,0,49,2492,0,0,1,0,0,0,0,1,0,0,25,24,0,1272,1,5,0.2,1,Deal Driven Browsers,0.05636780553928467
43050.0,1,0,10,30,5,24,6,3,8,2,2,0,4,5,0,0,0,0,0,0,3,11,0,47,2262,0,1,0,0,0,1,0,0,0,0,68,60,0,1273,1,8,0.25,1,Deal Driven Browsers,0.038945359141493864
42997.0,1,1,91,4,0,5,0,1,5,1,1,0,2,7,0,0,0,0,0,0,3,11,0,43,2363,0,0,1,0,0,0,0,0,0,1,10,5,0,1274,2,4,0.25,1,Deal Driven Browsers,0.008924940933531196
48918.0,1,1,21,52,0,9,0,0,1,2,1,0,4,4,0,0,0,0,0,0,3,11,0,57,2237,0,0,1,0,0,0,0,0,0,1,61,60,0,1275,2,7,0.2857142857142857,1,Deal Driven Browsers,0.04057281939497612
60033.0,0,1,28,62,1,57,19,11,48,2,2,1,5,2,0,0,0,0,0,0,3,11,0,66,2251,0,0,0,1,0,0,0,0,1,0,150,102,0,1276,1,10,0.2,1,Deal Driven Browsers,0.008882845585786763
34043.0,1,0,97,20,2,14,3,0,10,1,2,0,2,9,0,0,0,0,0,0,3,11,0,42,2406,0,0,0,1,0,0,0,0,0,1,39,29,0,1277,1,5,0.2,1,Deal Driven Browsers,0.021102970149446298
57811.0,0,1,49,545,7,114,37,21,78,5,7,2,11,5,0,1,0,0,0,0,3,11,0,54,2529,0,0,0,1,0,0,0,1,0,0,724,646,1,1278,1,25,0.2,2,Quiet Value Regulars,0.0413570201080539
78569.0,0,0,14,558,79,622,207,175,95,1,4,6,4,1,0,0,1,0,0,0,3,11,1,74,2289,0,1,0,0,0,0,0,1,0,0,1641,1546,1,1279,0,15,0.0666666666666666,0,Premium Loyalists,0.5518082174407428
7500.0,1,1,5,6,5,4,13,4,25,4,2,1,3,6,0,0,0,0,0,0,3,11,0,42,2708,0,0,1,0,0,0,0,1,0,0,32,7,0,1280,2,10,0.4,1,Deal Driven Browsers,0.2604705761277575
94384.0,0,0,62,1111,24,790,160,45,172,0,5,8,5,2,0,1,1,1,0,0,3,11,1,67,2641,0,0,0,1,0,0,0,1,0,0,2130,1958,3,1281,0,18,0.0,0,Premium Loyalists,0.6965941514318141
23148.0,0,0,83,4,6,8,6,3,10,1,2,0,3,7,0,0,0,0,0,0,3,11,0,35,2290,0,1,0,0,0,1,0,0,0,0,27,17,0,1282,0,6,0.1666666666666666,1,Deal Driven Browsers,0.014085772189392196
44267.0,1,1,48,183,5,65,3,5,49,5,5,2,4,9,0,0,0,0,0,0,3,11,0,50,2648,1,0,0,0,0,0,0,1,0,0,261,212,0,1283,2,16,0.3125,1,Deal Driven Browsers,0.1294032397625175
71626.0,0,0,94,546,72,376,94,145,72,1,5,5,8,3,0,1,0,0,0,0,3,11,0,41,2764,0,1,0,0,0,0,0,1,0,0,1233,1161,1,1284,0,19,0.0526315789473684,0,Premium Loyalists,0.2044789689438541
60894.0,0,1,61,606,7,155,10,0,54,5,10,3,8,7,0,0,0,0,0,0,3,11,0,54,2525,0,0,0,1,0,0,0,1,0,0,778,724,0,1285,1,26,0.1923076923076923,2,Quiet Value Regulars,0.008174669774669774
50200.0,1,1,70,266,6,51,8,6,64,6,7,1,5,8,0,0,0,0,0,0,3,11,0,44,2611,0,0,0,1,0,0,0,1,0,0,337,273,0,1286,2,19,0.3157894736842105,1,Deal Driven Browsers,0.03676493110832335
81051.0,0,0,43,1142,29,249,38,29,14,1,5,5,12,2,0,1,1,0,0,0,3,11,0,55,2196,0,1,0,0,0,0,0,0,0,1,1487,1473,2,1287,0,23,0.0434782608695652,0,Premium Loyalists,0.2579883703755624
65169.0,0,0,23,1074,0,69,0,0,46,1,10,4,13,6,1,0,1,1,1,0,3,11,1,38,2325,0,1,0,0,0,0,0,1,0,0,1143,1097,4,1288,0,28,0.0357142857142857,0,Premium Loyalists,0.5804256144246175
59868.0,0,1,37,771,51,154,54,10,154,7,11,2,12,6,0,0,0,0,0,0,3,11,0,48,2501,0,0,0,1,0,0,0,1,0,0,1040,886,0,1289,1,32,0.21875,2,Quiet Value Regulars,0.013365656565656569
65695.0,0,1,50,371,32,189,0,58,6,2,5,4,10,4,0,0,0,0,0,0,3,11,0,60,2308,0,1,0,0,0,0,0,0,0,1,650,644,0,1290,1,21,0.0952380952380952,2,Quiet Value Regulars,0.0064722531436817166
64857.0,0,0,78,556,14,717,210,0,43,1,7,5,10,4,0,0,0,0,0,0,3,11,0,64,2742,0,0,1,0,0,0,0,0,1,0,1497,1454,0,1291,0,23,0.0434782608695652,2,Quiet Value Regulars,0.12786373224261544
45143.0,0,1,74,202,5,74,11,5,14,3,6,1,5,7,0,0,0,0,0,0,3,11,0,55,2466,0,0,0,1,0,0,0,0,1,0,297,283,0,1292,1,15,0.2,1,Deal Driven Browsers,0.00798986568986569
74805.0,0,1,14,209,162,209,41,162,37,5,4,7,10,2,0,0,0,0,0,0,3,11,0,65,2394,0,0,0,1,0,1,0,0,0,0,783,746,0,1293,1,26,0.1923076923076923,2,Quiet Value Regulars,0.026773894082856346
59060.0,1,0,77,35,40,111,36,40,12,3,3,1,7,4,0,0,0,0,0,0,3,11,0,31,2328,0,1,0,0,0,1,0,0,0,0,262,250,0,1294,1,14,0.2142857142857142,1,Deal Driven Browsers,0.00825439858883255
27238.0,1,1,39,37,0,17,0,0,3,3,3,0,3,9,0,0,0,0,0,0,3,11,0,58,2594,0,0,1,0,0,0,0,0,0,1,54,51,0,1295,2,9,0.3333333333333333,1,Deal Driven Browsers,0.12555140000322504
47009.0,0,1,89,171,45,73,59,10,90,4,3,2,8,4,0,0,0,0,0,0,3,11,0,55,2430,0,0,0,1,0,0,0,1,0,0,358,268,0,1296,1,17,0.2352941176470588,1,Deal Driven Browsers,0.0034625763125763123
46094.0,1,1,62,12,2,20,3,2,5,1,1,0,3,7,0,0,0,0,0,0,3,11,0,47,2178,0,1,0,0,0,1,0,0,0,0,39,34,0,1297,2,5,0.2,1,Deal Driven Browsers,0.009102825162259126
40321.0,1,1,59,44,4,21,6,0,27,2,3,0,3,7,0,0,0,0,0,0,3,11,0,48,2494,0,1,0,0,0,0,0,1,0,0,75,48,0,1298,2,8,0.25,1,Deal Driven Browsers,0.00330241602253865
37235.0,1,0,68,20,2,9,4,6,20,1,1,1,2,4,0,0,0,0,0,0,3,11,0,36,2307,0,0,0,1,0,0,0,1,0,0,41,21,0,1299,1,5,0.2,1,Deal Driven Browsers,0.007991303141303141
81843.0,0,0,13,779,86,537,34,69,138,1,5,9,12,3,0,0,0,0,0,0,3,11,0,60,2592,0,1,0,0,0,0,0,0,1,0,1505,1367,0,1300,0,27,0.037037037037037,2,Quiet Value Regulars,0.1998032709380532
46692.0,0,1,37,170,6,97,24,12,88,3,6,1,5,6,0,0,0,0,0,0,3,11,0,62,2547,0,0,0,1,0,0,0,0,1,0,309,221,0,1301,1,15,0.2,1,Deal Driven Browsers,0.004373709297238709
77382.0,0,1,36,491,48,231,112,105,134,2,5,7,12,1,0,0,1,0,0,0,3,11,0,52,2332,0,0,0,1,0,0,0,1,0,0,987,853,1,1302,1,26,0.0769230769230769,2,Quiet Value Regulars,0.0397122222657905
37774.0,2,0,28,173,8,107,7,2,176,4,7,2,3,9,1,0,0,0,0,1,3,11,1,43,2823,0,0,1,0,0,0,0,1,0,0,297,121,1,1303,2,16,0.25,1,Deal Driven Browsers,0.6246076139628983
18393.0,1,0,2,7,10,13,16,0,4,2,3,0,3,8,0,0,0,0,0,0,3,11,0,46,2251,0,1,0,0,0,0,1,0,0,0,46,42,0,1304,1,8,0.25,1,Deal Driven Browsers,0.19187947125266686
72828.0,0,1,17,1205,0,235,19,14,205,6,6,3,13,7,0,0,0,0,0,0,3,11,0,58,2659,0,1,0,0,0,0,0,0,1,0,1473,1268,0,1305,1,28,0.2142857142857142,2,Quiet Value Regulars,0.08169130167509407
24711.0,0,0,86,10,7,25,6,3,7,1,3,0,3,7,0,0,0,0,0,0,3,11,0,38,2231,0,1,0,0,0,0,0,1,0,0,51,44,0,1306,0,7,0.1428571428571428,1,Deal Driven Browsers,0.02466660850993439
45503.0,1,0,54,97,4,44,6,1,18,1,3,1,4,5,0,0,0,0,0,0,3,11,0,45,2436,0,1,0,0,0,0,0,0,0,1,152,134,0,1307,1,9,0.1111111111111111,1,Deal Driven Browsers,0.004992002931708814
6560.0,0,0,2,67,11,26,4,3,262,0,1,0,1,17,0,0,0,0,0,0,3,11,0,38,2358,0,0,1,0,0,0,0,0,1,0,111,-151,0,1308,0,2,0.0,1,Deal Driven Browsers,0.26236000009920085
71604.0,0,0,3,345,53,528,98,75,97,1,8,3,5,4,1,0,0,0,0,0,3,11,1,75,2383,0,0,0,1,0,0,0,0,0,1,1099,1002,1,1309,0,17,0.0588235294117647,0,Premium Loyalists,0.6517215897765652
27244.0,1,0,84,6,5,17,3,24,46,2,2,2,2,7,0,0,0,0,0,0,3,11,0,41,2273,0,1,0,0,0,0,0,1,0,0,55,9,0,1310,1,8,0.25,1,Deal Driven Browsers,0.003959629632761837
48752.0,1,1,8,73,57,100,71,15,0,5,6,1,5,9,0,0,0,0,0,0,3,11,1,51,2723,0,1,0,0,0,0,0,1,0,0,316,316,0,1311,2,17,0.2941176470588235,1,Deal Driven Browsers,0.5306042566586807
71434.0,0,1,4,711,36,217,172,96,168,3,7,4,7,4,0,1,0,1,0,0,3,11,0,58,2443,0,1,0,0,0,0,0,1,0,0,1232,1064,2,1312,1,21,0.1428571428571428,0,Premium Loyalists,0.4159448494969144
90842.0,0,0,57,774,70,118,182,187,93,1,4,9,13,1,0,0,0,0,0,0,3,11,0,72,2494,0,0,1,0,0,0,0,1,0,0,1331,1238,0,1313,0,27,0.037037037037037,2,Quiet Value Regulars,0.3052705606043128
88097.0,1,0,24,163,0,480,0,126,75,1,6,5,8,9,0,1,1,1,0,0,3,11,1,42,2839,0,1,0,0,0,0,0,0,1,0,769,694,3,1314,1,20,0.05,0,Premium Loyalists,0.7938138067012426
51948.0,0,1,51,82,33,54,71,30,41,2,5,2,4,5,0,0,0,0,0,0,3,11,0,45,2444,0,1,0,0,0,0,0,1,0,0,270,229,0,1315,1,13,0.1538461538461538,1,Deal Driven Browsers,0.004910342644776606
71853.0,0,0,29,358,108,413,141,97,32,1,2,8,6,1,0,0,0,0,0,0,3,11,0,38,2576,0,0,0,1,0,0,0,1,0,0,1117,1085,0,1316,0,17,0.0588235294117647,2,Quiet Value Regulars,0.05151855744183468
35876.0,0,0,13,66,2,40,4,3,14,1,3,1,3,6,0,0,0,0,0,0,3,11,0,37,2229,0,1,0,0,0,0,0,0,1,0,115,101,0,1317,0,8,0.125,1,Deal Driven Browsers,0.08069021929522563
40049.0,0,1,23,13,6,7,0,3,3,1,1,0,3,6,0,0,0,0,0,0,3,11,0,68,2415,0,0,0,0,1,0,0,1,0,0,29,26,0,1318,1,5,0.2,1,Deal Driven Browsers,0.02533279007779008
39660.0,1,0,36,139,13,78,20,13,36,3,7,1,3,9,0,0,0,0,0,0,3,11,1,38,2849,0,0,1,0,0,0,0,1,0,0,263,227,0,1319,1,14,0.2142857142857142,1,Deal Driven Browsers,0.45470967428875353
50127.0,0,1,88,274,0,21,4,6,15,1,5,1,6,6,0,1,0,0,0,0,3,11,0,58,2190,0,0,0,1,0,0,0,1,0,0,305,290,1,1320,1,13,0.0769230769230769,1,Deal Driven Browsers,0.06101712569336409
43263.0,0,1,2,262,6,61,0,10,102,3,5,2,6,5,0,0,0,0,0,0,3,11,0,43,2744,0,1,0,0,0,0,0,0,1,0,339,237,0,1321,1,16,0.1875,1,Deal Driven Browsers,0.13410929956169518
62845.0,1,1,3,1099,0,45,0,0,34,11,3,4,10,8,0,1,0,0,0,0,3,11,1,71,2795,0,1,0,0,0,0,0,0,1,0,1144,1110,1,1322,2,28,0.3928571428571428,1,Deal Driven Browsers,0.5564466438222939
18929.0,0,0,15,32,0,8,23,4,18,1,1,0,4,6,0,0,0,0,0,0,3,11,0,30,2657,0,1,0,0,0,0,0,1,0,0,67,49,0,1323,0,6,0.1666666666666666,1,Deal Driven Browsers,0.08592483336273757
24367.0,1,0,58,2,4,2,0,11,5,1,1,0,2,9,0,0,0,0,0,0,3,11,0,38,2625,0,0,1,0,0,0,1,0,0,0,19,14,0,1324,1,4,0.25,1,Deal Driven Browsers,0.05751532835987824
33249.0,1,0,11,6,10,21,19,14,42,2,2,1,3,6,0,0,0,0,0,0,3,11,0,45,2653,0,0,1,0,0,0,0,1,0,0,70,28,0,1325,1,8,0.25,1,Deal Driven Browsers,0.08603923439387634
26887.0,0,1,27,6,7,4,3,4,6,1,1,0,3,6,0,0,0,0,0,0,3,11,0,61,2663,0,1,0,0,0,1,0,0,0,0,24,18,0,1326,1,5,0.2,1,Deal Driven Browsers,0.027063385653778693
50150.0,0,0,32,135,46,92,65,61,11,2,5,2,7,5,0,0,0,0,0,0,3,11,0,37,2533,0,1,0,0,0,0,0,0,0,1,399,388,0,1327,0,16,0.125,2,Quiet Value Regulars,0.04663201316668054
62061.0,0,1,12,641,7,84,0,30,38,3,10,4,7,6,0,1,0,0,0,0,3,11,0,44,2461,0,0,0,1,0,0,0,1,0,0,762,724,1,1328,1,24,0.125,2,Quiet Value Regulars,0.19289544041909124
85696.0,0,0,88,714,76,395,116,0,12,1,4,6,9,1,0,0,0,0,0,0,3,11,1,58,2581,1,0,0,0,0,0,0,0,0,1,1301,1289,0,1329,0,20,0.05,2,Quiet Value Regulars,0.49770416819164587
76542.0,0,0,91,794,73,573,0,29,14,1,4,8,10,2,0,0,0,0,0,0,3,11,0,64,2615,0,0,0,1,0,0,0,0,0,1,1469,1455,0,1330,0,23,0.0434782608695652,2,Quiet Value Regulars,0.10310694841560875
70515.0,0,0,12,420,0,452,182,64,140,1,6,6,4,2,0,0,0,0,0,0,3,11,1,27,2410,0,0,1,0,0,0,0,1,0,0,1118,978,0,1331,0,17,0.0588235294117647,2,Quiet Value Regulars,0.16419028493788734
18227.0,1,0,21,1,2,7,4,3,11,1,0,1,2,8,0,0,0,0,0,0,3,11,0,33,2757,0,0,0,1,0,0,0,1,0,0,17,6,0,1332,1,4,0.25,1,Deal Driven Browsers,0.15116969215954615
69139.0,0,1,23,86,12,75,33,15,6,1,4,1,5,4,0,0,0,0,0,0,3,11,0,55,2312,0,1,0,0,0,0,0,1,0,0,221,215,0,1333,1,11,0.0909090909090909,2,Quiet Value Regulars,0.005325451760467118
69109.0,0,0,10,823,25,459,124,29,95,1,6,6,7,4,0,0,1,0,0,0,3,11,1,38,2756,0,1,0,0,0,0,0,1,0,0,1460,1365,1,1334,0,20,0.05,0,Premium Loyalists,0.7316284375040505
69627.0,0,1,35,231,161,215,171,30,53,2,8,2,11,5,0,0,0,0,0,0,3,11,0,58,2628,0,0,1,0,0,0,0,1,0,0,808,755,0,1335,1,23,0.0869565217391304,2,Quiet Value Regulars,0.027524983502870585
38136.0,1,0,69,8,15,27,0,20,33,2,3,1,2,8,1,0,0,0,0,0,3,11,0,42,2592,0,1,0,0,0,0,0,1,0,0,70,37,1,1336,1,8,0.25,1,Deal Driven Browsers,0.1744438888396187
62159.0,0,0,68,182,17,259,77,70,29,1,6,2,10,4,0,0,0,0,0,0,3,11,0,74,2221,0,0,1,0,0,0,0,0,0,1,605,576,0,1337,0,19,0.0526315789473684,2,Quiet Value Regulars,0.0512133863484602
80695.0,0,0,85,557,129,984,193,37,18,1,5,8,5,2,0,0,0,0,0,0,3,11,0,57,2341,0,0,1,0,0,0,0,1,0,0,1900,1882,0,1338,0,19,0.0526315789473684,2,Quiet Value Regulars,0.1796093552054107
33316.0,1,1,34,79,1,31,4,4,12,3,2,1,4,6,0,0,0,0,0,0,3,11,0,49,2427,0,0,1,0,0,0,0,0,1,0,119,107,0,1339,2,10,0.3,1,Deal Driven Browsers,0.05243515028447418
58554.0,1,1,55,368,24,68,38,0,88,6,8,2,6,7,0,0,0,0,0,0,3,11,0,52,2800,0,0,0,1,0,0,0,1,0,0,498,410,0,1340,2,22,0.2727272727272727,1,Deal Driven Browsers,0.09189231702313695
17256.0,1,0,10,6,4,14,8,8,22,2,2,1,2,8,1,0,0,0,0,0,3,11,0,28,2377,0,1,0,0,0,0,1,0,0,0,40,18,1,1341,1,7,0.2857142857142857,1,Deal Driven Browsers,0.5503755758922522
53034.0,1,1,30,160,15,196,15,11,50,8,6,1,7,8,0,0,0,0,0,0,3,11,0,46,2554,1,0,0,0,0,0,0,1,0,0,397,347,0,1342,2,22,0.3636363636363636,1,Deal Driven Browsers,0.14439618171407628
52203.0,0,0,36,488,21,238,56,108,28,1,8,7,11,6,0,0,0,0,0,0,3,11,0,70,2857,0,0,0,1,0,1,0,0,0,0,911,883,0,1343,0,27,0.037037037037037,2,Quiet Value Regulars,0.16903790326330062
59601.0,0,1,14,691,7,69,0,7,23,4,2,2,7,8,0,1,0,0,0,0,3,11,0,43,2498,1,0,0,0,0,1,0,0,0,0,774,751,1,1344,1,15,0.2666666666666666,1,Deal Driven Browsers,0.40881597253947216
75154.0,0,1,79,543,10,205,160,143,82,1,6,3,6,3,0,0,0,0,0,0,3,11,1,62,2822,0,0,1,0,0,0,0,0,1,0,1061,979,0,1345,1,16,0.0625,2,Quiet Value Regulars,0.2922849028537963
47025.0,0,1,52,254,7,108,20,0,26,3,6,3,5,6,0,0,0,0,0,0,3,11,0,44,2393,0,0,1,0,0,0,0,1,0,0,389,363,0,1346,1,17,0.1764705882352941,1,Deal Driven Browsers,0.016833365134796958
37971.0,1,0,97,5,4,10,2,2,7,1,1,0,3,8,0,0,0,0,0,0,3,11,0,47,2375,0,1,0,0,0,0,0,1,0,0,23,16,0,1347,1,5,0.2,1,Deal Driven Browsers,0.022951301934563847
41335.0,1,0,24,112,19,21,16,14,5,3,4,1,4,7,0,0,0,0,0,0,3,11,0,52,2344,1,0,0,0,0,0,0,0,1,0,182,177,0,1348,1,12,0.25,1,Deal Driven Browsers,0.03841459919733724
67267.0,0,1,0,134,11,59,15,2,30,1,3,2,5,2,0,0,0,0,0,0,3,11,0,62,2206,0,1,0,0,0,0,0,1,0,0,221,191,0,1349,1,11,0.0909090909090909,2,Quiet Value Regulars,0.07589880278484622
57338.0,0,1,96,143,6,52,11,8,17,2,4,1,5,5,0,0,0,0,0,0,3,11,0,45,2220,0,0,1,0,0,0,0,1,0,0,220,203,0,1350,1,12,0.1666666666666666,1,Deal Driven Browsers,0.009769150549202011
50523.0,1,1,89,51,4,24,4,7,1,2,2,0,4,6,0,0,0,0,0,0,3,11,0,60,2345,0,0,0,1,0,1,0,0,0,0,90,89,0,1351,2,8,0.25,1,Deal Driven Browsers,0.0049493589743589755
35791.0,2,1,94,27,0,5,0,0,3,2,1,0,3,8,0,0,0,0,0,0,3,11,0,55,2578,0,0,1,0,0,0,0,0,1,0,32,29,0,1352,3,6,0.3333333333333333,1,Deal Driven Browsers,0.03394996079194044
50611.0,0,1,98,459,0,24,6,0,4,6,4,5,7,6,0,1,0,0,0,0,3,11,0,60,2792,1,0,0,0,0,0,0,0,0,1,489,485,1,1353,1,22,0.2727272727272727,1,Deal Driven Browsers,0.34659751873075106
56242.0,0,1,72,689,8,167,11,8,88,5,8,4,11,6,0,0,0,0,0,0,3,11,0,51,2642,0,1,0,0,0,0,0,0,0,1,883,795,0,1354,1,28,0.1785714285714285,2,Quiet Value Regulars,0.04497059684848048
48904.0,0,1,1,283,10,38,0,13,27,4,7,2,4,8,0,0,0,0,0,0,3,11,0,60,2733,0,0,1,0,0,0,0,1,0,0,344,317,0,1355,1,17,0.2352941176470588,1,Deal Driven Browsers,0.21060001950934798
56243.0,1,2,26,347,0,35,4,3,7,6,4,2,8,5,0,0,0,0,0,0,3,11,0,45,2340,0,0,1,0,0,0,0,1,0,0,389,382,0,1356,3,20,0.3,1,Deal Driven Browsers,0.12021725052163157
21355.0,1,0,5,5,13,14,0,5,31,2,2,1,2,6,1,0,0,0,0,0,3,11,1,35,2472,0,1,0,0,0,0,0,1,0,0,37,6,1,1357,1,7,0.2857142857142857,1,Deal Driven Browsers,0.5824081481197612
57420.0,0,1,22,280,0,18,0,0,24,3,5,1,6,7,0,1,0,0,0,0,3,11,0,49,2528,0,0,0,1,0,0,0,0,1,0,298,274,1,1358,1,15,0.2,1,Deal Driven Browsers,0.20441054799173994
46390.0,0,1,56,95,14,64,2,9,38,1,4,2,3,7,0,0,0,0,0,0,3,11,0,65,2214,1,0,0,0,0,0,0,0,1,0,184,146,0,1359,1,10,0.1,1,Deal Driven Browsers,0.011903074703074706
54342.0,1,1,74,84,10,34,11,10,28,4,3,1,4,6,0,0,0,0,0,0,3,11,0,64,2520,0,0,0,1,0,1,0,0,0,0,149,121,0,1360,2,12,0.3333333333333333,1,Deal Driven Browsers,0.028719122869472844
20895.0,1,0,24,18,3,17,3,0,4,1,2,0,3,9,0,0,0,0,0,0,3,11,0,47,2790,0,1,0,0,0,0,0,1,0,0,41,37,0,1361,1,6,0.1666666666666666,1,Deal Driven Browsers,0.3013213317457061
92344.0,0,0,9,992,24,694,51,19,119,0,5,10,5,1,1,0,1,0,0,0,3,11,0,72,2324,0,1,0,0,0,0,0,1,0,0,1780,1661,2,1362,0,20,0.0,0,Premium Loyalists,0.4164560442464148
26907.0,1,1,10,9,1,7,0,3,2,2,1,0,3,7,0,0,0,0,0,0,3,11,0,44,2472,0,0,0,1,0,1,0,0,0,0,20,18,0,1363,2,6,0.3333333333333333,1,Deal Driven Browsers,0.12048954141362574
44964.0,1,1,35,19,1,17,2,0,2,1,1,0,3,8,0,0,0,0,0,0,3,11,0,40,2719,0,0,0,1,0,0,0,1,0,0,39,37,0,1364,2,5,0.2,1,Deal Driven Browsers,0.028121638440175987
75507.0,0,0,56,709,93,374,104,80,80,1,8,6,6,3,0,0,0,0,0,0,3,11,0,41,2217,0,0,0,1,0,0,0,1,0,0,1360,1280,0,1365,0,21,0.0476190476190476,2,Quiet Value Regulars,0.05065892221682727
53761.0,1,1,7,158,0,76,13,7,71,6,4,4,3,5,0,0,0,0,0,0,3,11,0,48,2420,0,1,0,0,0,0,0,0,1,0,254,183,0,1366,2,17,0.3529411764705882,1,Deal Driven Browsers,0.19238007423923326
22682.0,1,0,51,10,14,29,4,2,36,3,2,1,4,4,0,0,0,0,0,0,3,11,0,47,2428,0,0,0,1,0,0,0,1,0,0,59,23,0,1367,1,10,0.3,1,Deal Driven Browsers,0.015399215696147
38887.0,1,0,17,25,1,13,0,0,3,1,1,0,3,7,0,0,0,0,0,0,3,11,0,48,2278,0,0,0,1,0,0,0,0,0,1,39,36,0,1368,1,5,0.2,1,Deal Driven Browsers,0.0370433492356817
41658.0,1,1,30,8,4,12,15,4,29,2,1,1,2,4,0,0,0,0,0,0,3,11,0,45,2756,0,0,1,0,0,1,0,0,0,0,43,14,0,1369,2,6,0.3333333333333333,1,Deal Driven Browsers,0.1643099032910958
29791.0,1,0,21,14,0,6,0,0,0,2,2,0,3,5,0,0,0,0,0,0,3,11,0,48,2204,0,1,0,0,0,0,0,0,0,1,20,20,0,1370,1,7,0.2857142857142857,1,Deal Driven Browsers,0.0369295324428131
63915.0,0,2,2,622,7,115,30,0,15,2,6,3,12,5,0,0,0,0,0,0,3,11,0,64,2493,0,1,0,0,0,0,0,0,1,0,774,759,0,1371,2,23,0.0869565217391304,2,Quiet Value Regulars,0.06666641497907107
39996.0,1,1,85,11,0,3,0,0,1,1,1,0,2,6,0,0,0,0,0,0,3,11,0,46,2197,1,0,0,0,0,0,0,1,0,0,14,13,0,1372,2,4,0.25,1,Deal Driven Browsers,0.012808046117464365
26759.0,1,0,65,25,3,16,8,5,2,2,2,1,3,6,0,0,0,0,0,0,3,11,0,48,2301,1,0,0,0,0,0,0,1,0,0,57,55,0,1373,1,8,0.25,1,Deal Driven Browsers,0.011127658114662571
63841.0,0,1,64,635,15,100,20,7,131,1,9,3,9,6,0,0,0,0,0,0,3,11,0,52,2593,1,0,0,0,0,0,0,0,1,0,777,646,0,1374,1,22,0.0454545454545454,2,Quiet Value Regulars,0.022393702075358422
51039.0,1,1,11,100,64,79,65,0,109,2,6,2,4,7,0,0,0,0,0,0,3,11,0,51,2725,0,1,0,0,0,0,0,0,0,1,308,199,0,1375,2,14,0.1428571428571428,1,Deal Driven Browsers,0.11825022263000466
60544.0,1,1,92,201,2,43,3,5,35,4,5,1,5,6,0,0,0,0,0,0,3,11,0,59,2832,0,1,0,0,0,0,0,1,0,0,254,219,0,1376,2,15,0.2666666666666666,1,Deal Driven Browsers,0.09688274980219226
65685.0,0,1,54,642,14,49,0,7,57,1,9,2,9,5,0,0,0,0,0,0,3,11,0,48,2251,0,1,0,0,0,0,0,1,0,0,712,655,0,1377,1,21,0.0476190476190476,2,Quiet Value Regulars,0.010633910743344707
37716.0,0,1,4,97,1,41,6,2,41,2,4,1,3,7,0,0,0,0,0,0,3,11,0,67,2228,0,1,0,0,0,0,0,1,0,0,147,106,0,1378,1,10,0.2,1,Deal Driven Browsers,0.0748115757941522
36864.0,0,1,53,204,5,39,17,0,89,3,5,2,4,8,0,0,0,0,0,0,3,11,1,63,2844,0,0,1,0,0,0,0,1,0,0,265,176,0,1379,1,14,0.2142857142857142,1,Deal Driven Browsers,0.39553203266587306
44511.0,1,0,39,513,7,133,46,14,14,6,8,4,8,8,0,0,0,0,0,0,3,11,0,50,2784,0,1,0,0,0,0,0,0,1,0,713,699,0,1380,1,26,0.2307692307692307,2,Quiet Value Regulars,0.115831104895249
36947.0,1,1,49,88,3,21,4,1,29,4,3,0,4,9,0,0,0,0,0,0,3,11,0,53,2850,0,1,0,0,0,0,0,0,0,1,117,88,0,1381,2,11,0.3636363636363636,1,Deal Driven Browsers,0.3349445092250199
47352.0,0,1,70,172,12,112,8,0,15,4,6,1,5,7,0,0,0,0,0,0,3,11,0,69,2603,0,0,0,1,0,0,0,0,1,0,304,289,0,1382,1,16,0.25,1,Deal Driven Browsers,0.011729762829762834
67087.0,0,1,40,329,35,222,130,35,43,2,7,5,8,4,0,0,0,0,0,0,3,11,0,67,2353,0,1,0,0,0,0,0,0,1,0,751,708,0,1383,1,22,0.0909090909090909,2,Quiet Value Regulars,0.0065081901676241295
57045.0,0,1,40,296,13,104,11,13,17,3,4,2,9,3,0,0,0,0,0,0,3,11,0,70,2818,0,1,0,0,0,0,0,1,0,0,437,420,0,1384,1,18,0.1666666666666666,2,Quiet Value Regulars,0.11340928112235797
36957.0,1,1,43,100,2,16,2,1,31,4,3,2,2,9,0,0,0,0,0,0,3,11,1,67,2820,1,0,0,0,0,0,0,0,0,1,121,90,0,1385,2,11,0.3636363636363636,1,Deal Driven Browsers,0.48187988354880046
69389.0,0,1,17,422,7,238,69,46,15,1,7,2,12,4,0,0,0,0,0,0,3,11,0,43,2798,0,1,0,0,0,0,0,0,0,1,782,767,0,1386,1,22,0.0454545454545454,2,Quiet Value Regulars,0.1667003652435612
80134.0,1,0,40,1218,16,272,104,0,80,2,5,3,6,6,0,1,1,1,0,0,3,11,1,48,2564,0,1,0,0,0,0,0,1,0,0,1610,1530,3,1387,1,16,0.125,0,Premium Loyalists,0.6900865817800457
43142.0,1,1,84,5,1,7,2,1,4,1,1,0,2,7,0,0,0,0,0,0,3,11,0,51,2290,0,1,0,0,0,0,0,0,1,0,16,12,0,1388,2,4,0.25,1,Deal Driven Browsers,0.01675636449038616
80589.0,0,0,25,507,93,520,242,40,26,1,5,10,5,1,0,0,0,1,0,0,3,11,1,76,2317,0,1,0,0,0,0,0,1,0,0,1402,1376,1,1389,0,21,0.0476190476190476,0,Premium Loyalists,0.1466293807179944
34412.0,1,0,62,52,12,50,4,36,55,3,5,0,3,9,0,0,0,0,0,0,3,11,0,30,2660,0,0,1,0,0,0,0,1,0,0,154,99,0,1390,1,11,0.2727272727272727,1,Deal Driven Browsers,0.0840000751693322
57537.0,1,0,83,191,56,139,51,8,100,4,4,3,8,4,0,0,0,0,0,0,3,11,0,41,2543,0,0,1,0,0,0,0,1,0,0,445,345,0,1391,1,19,0.2105263157894736,2,Quiet Value Regulars,0.011412270290151726
22634.0,0,0,47,2,23,11,8,6,46,1,2,1,2,8,0,0,0,0,0,0,3,11,0,54,2688,0,0,0,1,0,0,1,0,0,0,50,4,0,1392,0,6,0.1666666666666666,1,Deal Driven Browsers,0.04148187625068431
51315.0,0,0,45,68,28,39,16,30,41,1,2,2,5,2,0,0,0,0,0,0,3,11,0,72,2285,0,0,0,1,0,0,0,1,0,0,181,140,0,1393,0,10,0.1,2,Quiet Value Regulars,0.013646727306509914
36026.0,2,1,34,20,4,10,6,4,17,2,2,0,3,6,0,0,0,0,0,0,3,11,0,48,2264,0,1,0,0,0,0,0,1,0,0,44,27,0,1394,3,7,0.2857142857142857,1,Deal Driven Browsers,0.008973954777900934
24639.0,1,1,3,20,3,16,0,4,1,3,2,0,4,6,0,0,0,0,0,0,3,11,0,47,2311,0,1,0,0,0,0,0,1,0,0,43,42,0,1395,2,9,0.3333333333333333,1,Deal Driven Browsers,0.1655575755361339
34578.0,2,1,1,7,0,1,0,0,0,1,1,0,2,6,0,0,0,0,0,0,3,11,0,48,2238,0,0,0,1,0,0,0,0,0,1,8,8,0,1396,3,4,0.25,1,Deal Driven Browsers,0.11685651640996213
65704.0,0,0,18,279,172,74,38,8,246,1,2,10,10,1,0,0,0,0,0,0,3,11,0,48,2418,0,0,1,0,0,1,0,0,0,0,571,325,0,1397,0,23,0.0434782608695652,2,Quiet Value Regulars,0.09773081512761476
63810.0,0,1,45,977,12,253,16,12,101,4,4,3,12,8,0,1,0,0,0,0,3,11,0,54,2754,0,0,1,0,0,0,0,1,0,0,1270,1169,1,1398,1,23,0.1739130434782608,2,Quiet Value Regulars,0.24259156267977605
54132.0,0,1,81,30,1,8,0,0,3,1,1,0,3,7,0,0,0,0,0,0,3,11,0,51,2292,0,0,0,1,0,0,0,0,0,1,39,36,0,1399,1,5,0.2,1,Deal Driven Browsers,0.013078343729302808
18690.0,0,0,77,6,1,7,23,4,19,1,1,1,2,8,0,0,0,0,0,0,3,11,0,61,2707,0,1,0,0,0,0,0,1,0,0,41,22,0,1400,0,5,0.2,1,Deal Driven Browsers,0.023333993987197637
28164.0,1,0,23,3,18,26,11,8,12,3,2,0,4,7,0,0,0,0,0,0,3,11,0,50,2580,0,1,0,0,0,0,0,1,0,0,66,54,0,1401,1,9,0.3333333333333333,1,Deal Driven Browsers,0.09081015913223885
34596.0,1,0,48,14,0,2,0,0,7,1,1,0,2,8,0,0,0,0,0,0,3,11,0,46,2601,0,1,0,0,0,0,0,0,0,1,16,9,0,1402,1,4,0.25,1,Deal Driven Browsers,0.015873323035255838
43269.0,1,0,61,10,1,7,0,0,1,1,1,0,2,8,0,0,0,0,0,0,3,11,0,48,2445,0,1,0,0,0,0,0,0,0,1,18,17,0,1403,1,4,0.25,1,Deal Driven Browsers,0.01276732227625781
38741.0,1,1,60,7,10,17,8,6,13,2,2,0,3,7,0,0,0,0,0,0,3,11,0,62,2250,0,0,1,0,0,1,0,0,0,0,48,35,0,1404,2,7,0.2857142857142857,1,Deal Driven Browsers,0.01672586893739644
31907.0,0,0,75,33,87,64,175,16,74,1,6,1,6,7,0,0,0,0,0,0,3,11,0,48,2641,0,0,1,0,0,0,0,1,0,0,375,301,0,1405,0,14,0.0714285714285714,1,Deal Driven Browsers,0.06468269807758484
27100.0,1,0,64,12,0,13,2,0,10,1,1,0,3,7,0,0,0,0,0,0,3,11,0,37,2609,0,1,0,0,0,0,0,0,1,0,27,17,0,1406,1,5,0.2,1,Deal Driven Browsers,0.016997605766443158
31163.0,1,0,54,2,3,10,11,2,10,1,1,0,3,6,0,0,0,0,0,0,3,11,0,47,2295,1,0,0,0,0,1,0,0,0,0,28,18,0,1407,1,5,0.2,1,Deal Driven Browsers,0.009744821844821845
92533.0,0,0,84,693,21,118,110,147,42,1,6,5,11,2,0,0,1,1,0,0,3,11,0,35,2351,0,1,0,0,0,0,0,1,0,0,1089,1047,2,1408,0,23,0.0434782608695652,0,Premium Loyalists,0.25243020810823574
34853.0,1,1,75,9,3,15,2,3,2,2,2,0,3,6,0,0,0,0,0,0,3,11,0,47,2347,0,0,1,0,0,0,0,1,0,0,32,30,0,1409,2,7,0.2857142857142857,1,Deal Driven Browsers,0.010112719462732036
70844.0,1,1,16,129,26,67,3,67,2,5,6,1,5,7,0,0,0,0,0,0,3,11,0,53,2401,1,0,0,0,0,0,0,1,0,0,292,290,0,1410,2,17,0.2941176470588235,1,Deal Driven Browsers,0.1755350929782299
31086.0,1,1,79,16,2,11,3,0,16,2,1,1,2,8,1,0,0,0,0,0,3,11,0,41,2580,0,1,0,0,0,1,0,0,0,0,32,16,1,1411,2,6,0.3333333333333333,1,Deal Driven Browsers,0.1874080513111342
60544.0,1,1,92,201,2,43,3,5,35,4,5,1,5,6,0,0,0,0,0,0,3,11,0,59,2832,0,1,0,0,0,0,0,1,0,0,254,219,0,1412,2,15,0.2666666666666666,1,Deal Driven Browsers,0.09688274980219226
20491.0,0,0,16,5,4,5,4,2,10,1,0,1,2,7,0,0,0,0,0,0,3,11,0,34,2679,0,0,0,1,0,1,0,0,0,0,20,10,0,1413,0,4,0.25,1,Deal Driven Browsers,0.10268645002763194
42523.0,0,0,96,14,36,11,3,26,35,1,1,1,4,2,0,0,0,0,0,0,3,11,0,56,2226,0,1,0,0,0,0,0,1,0,0,90,55,0,1414,0,7,0.1428571428571428,1,Deal Driven Browsers,0.01072231955675352
39922.0,1,0,30,29,12,59,19,1,36,2,3,0,4,8,0,0,0,0,0,0,3,11,0,37,2659,0,1,0,0,0,0,0,1,0,0,120,84,0,1415,1,9,0.2222222222222222,1,Deal Driven Browsers,0.022694830814666403
33402.0,1,1,60,26,2,19,10,5,8,3,2,1,3,8,0,0,0,0,0,0,3,11,0,68,2505,0,0,0,1,0,0,0,1,0,0,62,54,0,1416,2,9,0.3333333333333333,1,Deal Driven Browsers,0.027698845425300534
36408.0,1,1,11,9,1,4,3,2,3,1,1,0,2,6,0,0,0,0,0,0,3,11,0,71,2440,0,1,0,0,0,0,0,0,1,0,19,16,0,1417,2,4,0.25,1,Deal Driven Browsers,0.060651692956619534
21645.0,1,0,75,14,0,23,4,5,19,3,3,0,3,9,0,0,0,0,0,0,3,11,1,41,2823,0,0,0,1,0,0,0,1,0,0,46,27,0,1418,1,9,0.3333333333333333,1,Deal Driven Browsers,0.39025491354555053
78427.0,0,0,36,972,19,595,180,26,138,3,3,7,10,3,0,0,0,1,0,0,3,11,1,72,2772,0,0,0,0,1,0,0,0,1,0,1792,1654,1,1419,0,23,0.1304347826086956,0,Premium Loyalists,0.4293502593491461
82657.0,0,0,71,966,168,672,246,105,126,1,7,5,10,4,0,1,0,1,0,0,3,11,0,74,2434,0,0,0,1,0,0,0,1,0,0,2157,2031,2,1420,0,23,0.0434782608695652,0,Premium Loyalists,0.48218414833555884
51876.0,0,0,88,99,27,102,28,48,6,1,2,2,8,1,0,0,0,0,0,0,3,11,0,62,2416,0,1,0,0,0,0,0,1,0,0,304,298,0,1421,0,13,0.0769230769230769,2,Quiet Value Regulars,0.007709615456463606
78041.0,0,0,93,482,35,553,72,160,17,1,4,4,9,2,0,0,0,0,0,0,3,11,0,49,2719,0,1,0,0,0,1,0,0,0,0,1302,1285,0,1422,0,18,0.0555555555555555,2,Quiet Value Regulars,0.0669784952302599
52852.0,0,1,93,714,8,99,11,0,47,4,10,7,5,8,1,0,0,0,0,0,3,11,0,63,2734,0,1,0,0,0,0,0,1,0,0,832,785,1,1423,1,26,0.1538461538461538,2,Quiet Value Regulars,0.1660191976321441
70038.0,0,0,54,587,54,348,71,54,130,1,4,4,8,2,0,0,0,0,0,0,3,11,0,38,2406,0,0,0,1,0,0,0,0,0,1,1114,984,0,1424,0,17,0.0588235294117647,2,Quiet Value Regulars,0.03174679560205875
69401.0,0,1,41,399,27,159,58,8,39,4,4,4,5,2,0,0,0,0,0,0,3,11,0,47,2257,0,0,0,1,0,1,0,0,0,0,651,612,0,1425,1,17,0.2352941176470588,2,Quiet Value Regulars,0.0052995670995671
46053.0,1,0,46,56,10,92,19,7,25,3,3,2,4,5,0,0,0,0,0,0,3,11,0,48,2656,0,0,0,1,0,0,0,1,0,0,184,159,0,1426,1,12,0.25,1,Deal Driven Browsers,0.008182233052631533
77343.0,0,0,28,227,151,573,98,54,31,1,3,4,9,1,0,0,0,0,0,0,3,11,0,55,2179,0,1,0,0,0,0,0,1,0,0,1103,1072,0,1427,0,17,0.0588235294117647,2,Quiet Value Regulars,0.053754319379542795
73892.0,0,0,40,703,102,601,0,58,43,1,3,11,8,1,0,0,0,0,0,0,3,11,1,67,2387,0,0,1,0,0,0,0,1,0,0,1464,1421,0,1428,0,23,0.0434782608695652,2,Quiet Value Regulars,0.2814512683593008
40304.0,1,0,82,37,0,17,0,0,3,1,2,0,3,7,0,0,0,0,0,0,3,11,0,53,2431,0,0,1,0,0,0,0,0,0,1,54,51,0,1429,1,6,0.1666666666666666,1,Deal Driven Browsers,0.021682266063007744
32727.0,0,0,38,167,13,180,86,13,70,2,7,3,5,8,0,0,0,0,0,0,3,11,0,55,2829,0,0,0,1,0,0,0,0,0,1,459,389,0,1430,0,17,0.1176470588235294,1,Deal Driven Browsers,0.27584090069362155
68695.0,0,0,3,458,81,356,106,50,40,1,4,4,7,2,0,0,0,0,0,0,3,11,0,51,2163,0,0,0,1,0,0,0,1,0,0,1051,1011,0,1431,0,16,0.0625,2,Quiet Value Regulars,0.1784585723237654
43300.0,0,1,87,91,3,52,2,1,31,3,4,0,4,8,0,0,0,0,0,0,3,11,1,49,2783,1,0,0,0,0,0,0,1,0,0,149,118,0,1432,1,11,0.2727272727272727,1,Deal Driven Browsers,0.2883412101513022
26290.0,1,1,49,15,8,16,11,5,22,4,2,0,4,6,0,0,0,0,0,0,3,11,0,48,2692,0,0,0,1,0,0,0,1,0,0,55,33,0,1433,2,10,0.4,1,Deal Driven Browsers,0.04725360544786614
93790.0,0,0,16,1302,68,731,89,114,45,0,6,7,12,2,0,1,1,1,0,0,3,11,1,50,2296,0,0,1,0,0,0,0,1,0,0,2304,2259,3,1434,0,25,0.0,0,Premium Loyalists,0.6333922645647777
38410.0,0,0,65,153,64,123,116,64,14,2,5,2,9,6,0,0,0,0,0,0,3,11,1,46,2812,0,1,0,0,0,0,0,0,0,1,520,506,0,1435,0,18,0.1111111111111111,2,Quiet Value Regulars,0.3998268604657044
64866.0,0,1,9,508,5,21,7,5,10,4,7,3,7,5,0,1,0,0,0,0,3,11,0,70,2313,0,0,0,0,1,0,0,0,1,0,546,536,1,1436,1,21,0.1904761904761904,2,Quiet Value Regulars,0.23341335257785994
57957.0,0,1,24,290,59,177,77,5,29,7,4,6,8,3,0,0,0,0,0,1,3,11,0,61,2473,0,0,0,1,0,0,0,1,0,0,608,579,0,1437,1,25,0.28,2,Quiet Value Regulars,0.031249599663825078
46015.0,1,1,25,38,0,2,0,0,6,1,1,0,3,7,1,0,0,0,1,0,3,11,0,65,2236,0,0,0,1,0,0,0,0,0,1,40,34,2,1438,2,5,0.2,1,Deal Driven Browsers,0.15567250651262088
16531.0,1,0,43,2,13,6,7,5,11,3,3,0,3,7,0,0,0,0,0,0,3,11,0,42,2170,0,0,0,1,0,0,0,1,0,0,33,22,0,1439,1,9,0.3333333333333333,1,Deal Driven Browsers,0.041871985465888856
28072.0,1,0,10,30,0,10,2,0,5,1,1,0,3,7,0,0,0,0,0,0,3,11,0,34,2515,0,1,0,0,0,0,0,0,1,0,42,37,0,1440,1,5,0.2,1,Deal Driven Browsers,0.07387438174088741
49476.0,0,1,29,386,23,95,54,41,196,4,2,11,5,2,0,0,0,0,0,0,3,11,0,57,2533,1,0,0,0,0,0,0,0,1,0,599,403,0,1441,1,22,0.1818181818181818,2,Quiet Value Regulars,0.015987928851813937
50725.0,0,1,45,443,10,75,0,10,48,4,8,1,8,8,0,0,0,0,0,0,3,11,0,67,2660,0,1,0,0,0,0,0,1,0,0,538,490,0,1442,1,21,0.1904761904761904,1,Deal Driven Browsers,0.018446715764722173
83844.0,0,0,57,901,31,345,75,31,191,1,4,4,11,1,0,0,1,0,0,0,3,11,0,68,2572,0,0,0,1,0,0,0,1,0,0,1383,1192,1,1443,0,20,0.05,0,Premium Loyalists,0.1549062687819034
41145.0,1,1,20,9,0,3,0,0,1,1,0,0,3,3,0,0,0,0,0,0,3,11,0,70,2300,0,1,0,0,0,0,0,0,0,1,12,11,0,1444,2,4,0.25,1,Deal Driven Browsers,0.024609214992805245
67419.0,0,1,29,846,84,352,91,56,42,4,9,4,8,5,0,0,0,0,0,0,3,11,0,50,2688,0,0,0,1,0,0,0,1,0,0,1429,1387,0,1445,1,25,0.16,2,Quiet Value Regulars,0.07130094603899155
23162.0,1,1,82,8,3,9,19,4,22,3,1,1,3,6,0,0,0,0,0,0,3,11,0,50,2349,0,1,0,0,0,1,0,0,0,0,43,21,0,1446,2,8,0.375,1,Deal Driven Browsers,0.015691919028369115
34380.0,1,0,68,72,7,58,13,1,24,4,4,1,3,8,0,0,0,0,0,0,3,11,0,43,2582,0,1,0,0,0,0,0,1,0,0,151,127,0,1447,1,12,0.3333333333333333,1,Deal Driven Browsers,0.031777461688536415
34704.0,0,1,65,29,0,5,0,1,5,1,1,0,3,5,0,0,0,0,0,0,3,11,0,54,2587,0,0,1,0,0,0,0,1,0,0,35,30,0,1448,1,5,0.2,1,Deal Driven Browsers,0.01512049878147681
94871.0,0,2,99,169,24,553,188,0,144,1,8,5,4,7,0,1,1,0,0,0,3,11,1,51,2825,0,1,0,0,0,0,0,0,0,1,934,790,2,1449,2,18,0.0555555555555555,0,Premium Loyalists,0.6975178162164899
65148.0,0,1,9,460,35,422,33,12,153,2,6,6,7,4,0,0,0,0,0,0,3,11,0,62,2749,0,1,0,0,0,0,0,1,0,0,962,809,0,1450,1,21,0.0952380952380952,2,Quiet Value Regulars,0.07046139264960909
39898.0,0,1,20,69,8,26,12,7,12,2,3,0,4,7,0,0,0,0,0,0,3,11,0,66,2661,0,0,0,1,0,0,0,1,0,0,122,110,0,1451,1,9,0.2222222222222222,1,Deal Driven Browsers,0.0376472199277606
64857.0,0,0,78,556,14,717,210,0,43,1,7,5,10,4,0,0,0,0,0,0,3,11,0,64,2742,0,0,1,0,0,0,0,0,1,0,1497,1454,0,1452,0,23,0.0434782608695652,2,Quiet Value Regulars,0.12786373224261544
59892.0,0,1,26,73,0,13,0,1,0,1,2,1,3,3,0,0,0,0,0,0,3,11,0,50,2398,0,1,0,0,0,0,0,0,0,1,87,87,0,1453,1,7,0.1428571428571428,1,Deal Driven Browsers,0.012005398196574667
41020.0,0,0,68,112,1,54,7,7,36,1,3,2,4,3,0,0,0,0,0,0,3,11,0,33,2403,0,0,1,0,0,0,0,0,1,0,181,145,0,1454,0,10,0.1,2,Quiet Value Regulars,0.03932234733334393
57072.0,0,1,79,944,0,60,0,0,30,2,7,5,13,5,1,0,0,0,0,0,3,11,0,59,2315,0,1,0,0,0,0,0,0,0,1,1004,974,1,1455,1,27,0.074074074074074,2,Quiet Value Regulars,0.0845441515346074
60474.0,0,1,25,265,199,303,234,9,170,7,10,2,12,7,0,0,0,0,0,0,3,11,0,41,2613,0,0,1,0,0,0,0,1,0,0,1010,840,0,1456,1,31,0.2258064516129032,2,Quiet Value Regulars,0.03514564540604676
62807.0,0,1,83,526,28,135,10,21,99,3,5,3,12,5,0,0,0,0,0,0,3,11,0,60,2826,0,0,0,1,0,0,0,1,0,0,720,621,0,1457,1,23,0.1304347826086956,2,Quiet Value Regulars,0.02083234074618201
19414.0,1,0,32,2,3,12,3,5,7,1,1,0,3,8,0,0,0,0,0,0,3,11,0,39,2415,0,0,0,1,0,1,0,0,0,0,25,18,0,1458,1,5,0.2,1,Deal Driven Browsers,0.035182060273834956
19107.0,1,0,49,2,4,9,10,5,16,2,1,0,3,7,0,0,0,0,0,0,3,11,0,40,2470,0,1,0,0,0,0,0,1,0,0,30,14,0,1459,1,6,0.3333333333333333,1,Deal Driven Browsers,0.026581715874255094
75484.0,0,1,50,378,97,259,197,194,34,2,7,3,6,4,0,0,0,0,0,0,3,11,0,44,2855,0,0,0,1,0,1,0,0,0,0,1125,1091,0,1460,1,18,0.1111111111111111,2,Quiet Value Regulars,0.10178972534995555
70379.0,0,1,84,553,25,142,65,67,8,3,6,3,13,4,0,0,0,0,0,0,3,11,0,44,2642,0,0,1,0,0,0,0,0,1,0,852,844,0,1461,1,25,0.12,2,Quiet Value Regulars,0.028022376748360993
79419.0,0,0,96,751,127,687,20,15,31,1,4,6,4,2,0,0,0,0,0,0,3,11,0,50,2166,0,0,0,1,0,0,0,0,1,0,1600,1569,0,1462,0,15,0.0666666666666666,2,Quiet Value Regulars,0.11321021638509
64014.0,2,1,56,406,0,30,0,0,8,7,8,2,5,7,0,0,0,1,0,0,3,11,0,74,2178,0,0,0,1,0,0,0,0,0,1,436,428,1,1463,3,22,0.3181818181818182,1,Deal Driven Browsers,0.0918560020820062
76998.0,0,1,85,1449,89,161,69,35,107,2,11,8,8,6,0,0,1,0,0,0,3,11,0,65,2693,0,1,0,0,0,0,0,1,0,0,1803,1696,1,1464,1,29,0.0689655172413793,0,Premium Loyalists,0.32016458220803207
49854.0,1,0,63,123,17,171,39,0,30,5,6,2,5,6,0,0,0,0,0,0,3,11,0,48,2390,0,0,0,1,0,0,0,0,1,0,350,320,0,1465,1,18,0.2777777777777778,1,Deal Driven Browsers,0.007538829494092652
60585.0,1,1,17,267,42,309,55,42,21,10,7,4,9,5,0,0,0,0,0,0,3,11,1,49,2529,0,1,0,0,0,0,0,0,0,1,715,694,0,1466,2,30,0.3333333333333333,2,Quiet Value Regulars,0.27305560724363676
42873.0,1,1,11,209,0,40,3,2,15,4,6,1,4,8,0,0,0,0,0,0,3,11,0,70,2683,1,0,0,0,0,0,0,0,0,1,254,239,0,1467,2,15,0.2666666666666666,1,Deal Driven Browsers,0.22808553461031258
87679.0,0,0,62,1259,172,815,97,148,33,1,7,11,10,4,1,0,1,1,0,0,3,11,1,32,2496,0,0,0,1,0,0,0,1,0,0,2491,2458,3,1468,0,29,0.0344827586206896,0,Premium Loyalists,0.7615387407189386
57867.0,1,0,48,344,35,178,15,23,17,7,7,2,9,6,0,0,0,0,0,0,3,11,0,42,2430,0,0,0,1,0,0,0,1,0,0,595,578,0,1469,1,25,0.28,2,Quiet Value Regulars,0.025576171781434932
35765.0,1,0,86,22,3,30,0,5,15,2,2,0,4,6,0,0,0,0,0,0,3,11,0,30,2359,0,1,0,0,0,0,0,1,0,0,60,45,0,1470,1,8,0.25,1,Deal Driven Browsers,0.006949867753813911
65492.0,0,0,73,247,161,295,210,85,47,2,4,7,13,2,0,0,0,0,0,0,3,11,0,61,2313,0,1,0,0,0,0,0,1,0,0,998,951,0,1471,0,26,0.0769230769230769,2,Quiet Value Regulars,0.012262226871660837
32952.0,1,0,36,38,0,12,3,1,1,1,2,0,3,7,0,0,0,0,0,0,3,11,0,43,2369,1,0,0,0,0,0,0,1,0,0,54,53,0,1472,1,6,0.1666666666666666,1,Deal Driven Browsers,0.01378450715950716
53374.0,0,1,34,896,10,101,13,10,34,6,4,2,9,9,1,0,0,0,0,0,3,11,1,51,2841,0,0,0,1,0,0,0,0,0,1,1030,996,1,1473,1,21,0.2857142857142857,1,Deal Driven Browsers,0.5267799869119534
71706.0,0,1,16,931,56,253,91,98,14,4,9,5,7,5,0,0,0,0,0,0,3,11,0,61,2752,0,0,0,1,0,0,0,1,0,0,1429,1415,0,1474,1,25,0.16,2,Quiet Value Regulars,0.10841768040181358
68487.0,0,0,48,758,12,385,33,89,89,1,9,7,13,4,0,0,0,0,0,0,3,11,0,32,2691,0,1,0,0,0,0,0,1,0,0,1277,1188,0,1475,0,30,0.0333333333333333,2,Quiet Value Regulars,0.06616312491519787
53253.0,1,1,61,216,9,57,20,9,125,7,4,3,5,5,0,0,0,0,0,0,3,11,0,45,2662,0,0,0,1,0,0,0,0,1,0,311,186,0,1476,2,19,0.3684210526315789,1,Deal Driven Browsers,0.048319309661865484
31163.0,1,0,54,2,3,10,11,2,10,1,1,0,3,6,0,0,0,0,0,0,3,11,0,47,2295,1,0,0,0,0,1,0,0,0,0,28,18,0,1477,1,5,0.2,1,Deal Driven Browsers,0.009744821844821845
42014.0,1,0,56,244,15,108,4,15,50,6,7,1,6,8,0,0,0,0,0,0,3,11,1,43,2840,0,1,0,0,0,0,0,1,0,0,386,336,0,1478,1,20,0.3,1,Deal Driven Browsers,0.3186890467599882
54108.0,1,1,74,539,6,91,8,6,97,13,8,2,9,8,0,0,0,0,0,0,3,11,0,47,2760,0,1,0,0,0,0,0,0,1,0,650,553,0,1479,2,32,0.40625,1,Deal Driven Browsers,0.11421109564173672
49667.0,0,0,35,1181,26,120,17,13,39,2,5,10,5,8,1,0,0,0,0,0,3,11,1,65,2837,0,0,1,0,0,0,0,0,0,1,1357,1318,1,1480,0,22,0.0909090909090909,2,Quiet Value Regulars,0.5353431494391486
63206.0,0,0,65,750,8,125,11,8,26,1,4,3,6,2,0,0,1,0,0,0,3,11,0,46,2260,0,1,0,0,0,0,0,0,1,0,902,876,1,1481,0,14,0.0714285714285714,2,Quiet Value Regulars,0.07749102642844061
57136.0,1,1,48,306,5,109,21,109,92,9,5,2,10,6,0,0,0,0,0,0,3,11,0,48,2514,0,1,0,0,0,0,0,0,1,0,550,458,0,1482,2,26,0.3461538461538461,1,Deal Driven Browsers,0.05426027727451671
46772.0,0,1,88,350,104,189,197,151,57,6,11,8,5,8,1,0,0,0,0,0,3,11,0,45,2758,0,0,0,1,0,1,0,0,0,0,991,934,1,1483,1,30,0.2,2,Quiet Value Regulars,0.21309765115914941
78931.0,0,0,19,331,197,170,58,152,35,1,2,8,13,1,0,0,0,0,0,0,3,11,0,49,2406,0,1,0,0,0,0,0,0,0,1,908,873,0,1484,0,24,0.0416666666666666,2,Quiet Value Regulars,0.06205769040345207
53977.0,0,1,21,620,16,165,0,24,82,5,5,5,12,5,0,0,0,0,0,0,3,11,0,62,2545,0,0,0,1,0,0,0,1,0,0,825,743,0,1485,1,27,0.1851851851851851,2,Quiet Value Regulars,0.012791131247420356
84219.0,0,0,27,434,137,400,45,137,45,1,3,4,10,1,0,0,0,0,0,0,3,11,0,32,2306,0,1,0,0,0,0,0,1,0,0,1153,1108,0,1486,0,18,0.0555555555555555,2,Quiet Value Regulars,0.10604251173213966
46098.0,1,1,86,57,0,27,0,0,36,4,3,2,2,8,0,0,0,0,0,0,3,11,0,45,2839,0,0,1,0,0,0,0,0,1,0,84,48,0,1487,2,11,0.3636363636363636,1,Deal Driven Browsers,0.26554788294275095
73538.0,0,1,92,811,76,428,99,137,107,3,10,4,9,7,0,0,0,0,0,0,3,11,0,55,2740,0,1,0,0,0,0,0,1,0,0,1551,1444,0,1488,1,26,0.1153846153846153,2,Quiet Value Regulars,0.07843967030983198
79529.0,0,0,1,423,42,706,73,197,197,1,4,8,9,2,0,0,0,0,0,0,3,11,0,34,2222,0,1,0,0,0,0,0,1,0,0,1441,1244,0,1489,0,22,0.0454545454545454,2,Quiet Value Regulars,0.20873778402844895
20981.0,0,0,14,2,12,10,6,13,30,1,3,1,2,8,0,0,0,0,0,0,3,11,1,43,2584,0,0,0,1,0,1,0,0,0,0,43,13,0,1490,0,7,0.1428571428571428,1,Deal Driven Browsers,0.2940133810215332
51766.0,1,0,74,60,51,87,6,20,51,2,4,2,4,5,0,0,0,0,0,0,3,11,0,40,2269,0,0,1,0,0,0,0,1,0,0,224,173,0,1491,1,12,0.1666666666666666,1,Deal Driven Browsers,0.004027844632896098
55759.0,0,1,84,675,0,85,10,7,77,5,10,3,8,8,0,0,0,0,0,0,3,11,0,58,2737,0,1,0,0,0,0,0,1,0,0,777,700,0,1492,1,26,0.1923076923076923,2,Quiet Value Regulars,0.04784988785508394
33039.0,1,0,4,30,8,12,8,8,12,1,2,0,4,5,0,0,0,0,0,0,3,11,0,42,2452,0,1,0,0,0,0,0,1,0,0,66,54,0,1493,1,7,0.1428571428571428,1,Deal Driven Browsers,0.043714358319257046
37787.0,1,0,50,40,1,40,4,3,18,1,3,0,3,8,0,0,0,0,0,0,3,11,0,48,2441,0,1,0,0,0,0,0,0,1,0,88,70,0,1494,1,7,0.1428571428571428,1,Deal Driven Browsers,0.017038445943815272
27242.0,1,0,2,3,17,26,20,1,39,2,2,0,3,9,0,0,0,0,0,0,3,11,1,50,2754,0,0,1,0,0,0,0,1,0,0,67,28,0,1495,1,7,0.2857142857142857,1,Deal Driven Browsers,0.5560083361568195
87188.0,0,0,73,910,111,724,49,74,55,1,10,2,6,3,0,0,0,0,0,0,3,11,1,37,2550,0,0,1,0,0,0,0,0,0,1,1868,1813,0,1496,0,19,0.0526315789473684,2,Quiet Value Regulars,0.5599099802250219
69930.0,0,0,21,252,98,827,219,70,196,1,4,5,12,3,0,0,0,0,0,0,3,11,0,49,2558,0,0,0,1,0,0,0,1,0,0,1466,1270,0,1497,0,22,0.0454545454545454,2,Quiet Value Regulars,0.19794620130901286
37697.0,1,0,82,34,6,21,11,4,8,1,2,1,3,6,0,0,0,0,0,0,3,11,0,44,2301,0,0,1,0,0,0,0,1,0,0,76,68,0,1498,1,7,0.1428571428571428,1,Deal Driven Browsers,0.02413298113128202
37401.0,1,0,14,19,3,19,3,1,3,2,2,0,3,7,0,0,0,0,0,0,3,11,0,47,2213,0,1,0,0,0,0,0,0,0,1,45,42,0,1499,1,7,0.2857142857142857,1,Deal Driven Browsers,0.057586499294593425
3502.0,1,0,56,2,1,1,0,0,1,0,0,0,0,14,0,0,0,0,0,0,3,11,0,47,2601,0,0,1,0,0,0,0,1,0,0,4,3,0,1500,1,0,0.0,1,Deal Driven Browsers,0.09410359098775223
58597.0,1,1,20,490,0,184,10,28,21,12,7,4,9,7,0,0,0,0,0,0,3,11,0,44,2745,0,1,0,0,0,0,0,1,0,0,712,691,0,1501,2,32,0.375,1,Deal Driven Browsers,0.1473310146619849
82032.0,0,0,54,332,194,377,149,125,57,0,4,6,7,1,0,0,0,0,0,0,3,11,0,72,2244,0,0,0,0,1,0,0,0,0,1,1177,1120,0,1502,0,17,0.0,2,Quiet Value Regulars,0.08918181066042966
28087.0,1,1,77,53,8,17,13,0,21,3,2,2,2,7,0,0,0,0,0,0,3,11,0,62,2724,0,0,0,1,0,0,0,1,0,0,91,70,0,1503,2,9,0.3333333333333333,1,Deal Driven Browsers,0.04588134857454503
74004.0,0,0,5,784,48,560,42,176,48,1,4,6,4,3,0,0,1,1,0,0,3,11,1,33,2284,0,0,1,0,0,0,0,0,0,1,1610,1562,2,1504,0,15,0.0666666666666666,0,Premium Loyalists,0.7451904477402997
19740.0,0,1,65,7,11,3,10,4,20,2,1,1,3,5,0,0,0,0,0,0,3,11,0,60,2621,0,0,0,1,0,0,0,1,0,0,35,15,0,1505,1,7,0.2857142857142857,1,Deal Driven Browsers,0.0212450797528961
57036.0,0,1,33,1171,43,219,19,14,47,4,6,3,13,9,1,0,0,0,0,0,3,11,0,45,2724,0,1,0,0,0,1,0,0,0,0,1466,1419,1,1506,1,26,0.1538461538461538,2,Quiet Value Regulars,0.24255108439284417
53083.0,1,1,65,215,7,33,3,0,13,6,5,1,5,7,0,1,0,0,0,0,3,11,0,62,2569,0,0,0,1,0,1,0,0,0,0,258,245,1,1507,2,17,0.3529411764705882,1,Deal Driven Browsers,0.09439840083267563
69283.0,0,1,41,674,62,134,0,26,8,4,7,3,13,5,0,0,0,0,0,0,3,11,0,45,2174,0,1,0,0,0,0,0,0,0,1,896,888,0,1508,1,27,0.1481481481481481,2,Quiet Value Regulars,0.01250070216857037
46098.0,1,1,86,57,0,27,0,0,36,4,3,2,2,8,0,0,0,0,0,0,3,11,1,45,2839,0,0,1,0,0,0,0,0,1,0,84,48,0,1509,2,11,0.3636363636363636,1,Deal Driven Browsers,0.26554788294275095
23331.0,1,0,92,5,36,7,0,10,45,2,3,0,3,8,0,0,0,0,0,0,3,11,0,32,2822,0,1,0,0,0,1,0,0,0,0,58,13,0,1510,1,8,0.25,1,Deal Driven Browsers,0.1450359670959753
23331.0,1,0,97,104,20,101,24,15,5,6,5,1,5,9,0,0,0,0,0,0,3,11,0,32,2791,0,0,1,0,0,1,0,0,0,0,264,259,0,1511,1,17,0.3529411764705882,1,Deal Driven Browsers,0.2331429552809547
9255.0,1,0,91,9,0,7,2,0,4,1,1,1,2,8,0,0,0,0,0,0,3,11,0,31,2350,0,0,1,0,0,0,0,1,0,0,18,14,0,1512,1,5,0.2,1,Deal Driven Browsers,0.022113785879944642
67786.0,0,0,0,431,82,441,80,20,102,1,3,6,6,1,0,0,0,0,0,0,3,11,1,61,2363,0,0,0,0,1,0,0,0,0,1,1054,952,0,1513,0,16,0.0625,2,Quiet Value Regulars,0.20747644493794282
71969.0,0,1,59,1000,0,76,0,0,10,3,3,4,9,8,0,1,0,0,0,0,3,11,0,49,2780,0,1,0,0,0,0,0,0,0,1,1076,1066,1,1514,1,19,0.1578947368421052,2,Quiet Value Regulars,0.31921162941266357
59235.0,1,0,4,448,40,469,80,0,91,3,11,2,12,7,0,0,0,0,0,0,3,11,0,53,2692,0,0,1,0,0,0,0,0,1,0,1037,946,0,1515,1,28,0.1071428571428571,2,Quiet Value Regulars,0.11496611195106286
31928.0,1,0,5,33,4,24,4,2,5,2,3,0,4,7,0,0,0,0,0,0,3,11,0,31,2252,0,0,0,1,0,0,0,1,0,0,67,62,0,1516,1,9,0.2222222222222222,1,Deal Driven Browsers,0.15098814773763564
74881.0,1,1,48,505,72,270,36,27,54,4,9,2,12,5,0,0,0,0,0,0,3,11,0,59,2637,0,0,0,1,0,0,0,0,1,0,910,856,0,1517,2,27,0.1481481481481481,2,Quiet Value Regulars,0.013422067432051947
65819.0,0,0,99,267,38,701,149,165,63,1,5,4,10,3,0,0,0,0,0,0,3,11,0,42,2736,0,1,0,0,0,0,0,1,0,0,1320,1257,0,1518,0,20,0.05,2,Quiet Value Regulars,0.09005763193120199
51411.0,1,2,81,14,0,3,0,0,1,1,0,0,3,5,0,0,0,0,0,0,3,11,0,67,2558,0,0,1,0,0,0,0,0,0,1,17,16,0,1519,3,4,0.25,1,Deal Driven Browsers,0.021600157636155286
51983.0,0,1,95,631,0,115,10,7,30,3,9,2,10,7,0,0,0,0,0,0,3,11,0,56,2826,1,0,0,0,0,0,0,1,0,0,763,733,0,1520,1,24,0.125,2,Quiet Value Regulars,0.05699600027386203
42386.0,1,0,43,65,4,16,0,4,11,1,3,0,3,8,0,0,0,0,0,0,3,11,0,34,2691,0,0,0,1,0,0,0,0,1,0,89,78,0,1521,1,7,0.1428571428571428,1,Deal Driven Browsers,0.058106245890475756
30390.0,0,0,5,10,12,12,25,1,20,1,2,0,3,6,0,0,0,0,0,0,3,11,0,33,2459,0,1,0,0,0,1,0,0,0,0,60,40,0,1522,0,6,0.1666666666666666,1,Deal Driven Browsers,0.06640822900041607
30983.0,0,0,50,51,4,50,12,1,49,1,4,0,3,8,0,0,0,0,0,0,3,11,1,57,2756,0,0,1,0,0,0,0,1,0,0,118,69,0,1523,0,8,0.125,1,Deal Driven Browsers,0.34331515864114603
66033.0,0,1,76,293,35,179,46,59,65,2,8,3,7,7,0,0,0,0,0,0,3,11,0,63,2684,0,0,0,0,1,0,0,1,0,0,612,547,0,1524,1,20,0.1,2,Quiet Value Regulars,0.0274527769181128
37284.0,1,1,46,11,1,2,2,1,6,1,0,0,3,6,0,0,0,0,0,0,3,11,0,45,2616,0,1,0,0,0,1,0,0,0,0,17,11,0,1525,2,4,0.25,1,Deal Driven Browsers,0.016674424935035362
57530.0,0,1,68,50,1,27,6,7,1,1,1,1,4,1,0,0,0,0,0,0,3,11,0,69,2419,1,0,0,0,0,0,0,0,1,0,91,90,0,1526,1,7,0.1428571428571428,2,Quiet Value Regulars,0.009705970783602363
76800.0,0,0,33,173,26,255,35,71,81,1,4,4,7,1,0,0,0,0,0,0,3,11,0,55,2272,0,1,0,0,0,1,0,0,0,0,560,479,0,1527,0,16,0.0625,2,Quiet Value Regulars,0.025530775454141296
63943.0,0,1,50,423,184,368,13,97,21,1,6,4,6,5,0,0,0,0,0,0,3,11,0,64,2824,0,1,0,0,0,0,0,1,0,0,1085,1064,0,1528,1,17,0.0588235294117647,2,Quiet Value Regulars,0.13972007654595756
76081.0,0,0,85,292,30,415,63,33,200,1,4,5,4,2,0,0,0,1,0,0,3,11,0,58,2196,0,0,0,1,0,0,0,1,0,0,833,633,1,1529,0,14,0.0714285714285714,0,Premium Loyalists,0.09346757145292343
67445.0,0,1,63,757,80,217,29,80,11,5,9,6,12,6,0,0,0,0,0,0,3,11,0,46,2845,0,1,0,0,0,0,0,1,0,0,1163,1152,0,1530,1,32,0.15625,2,Quiet Value Regulars,0.05564014984634941
37054.0,1,1,89,12,1,6,0,1,5,2,1,0,3,7,0,0,0,0,0,0,3,11,0,53,2446,0,1,0,0,0,0,0,0,1,0,20,15,0,1531,2,6,0.3333333333333333,1,Deal Driven Browsers,0.016558086527092716
47175.0,1,1,81,167,2,44,6,2,19,7,4,2,4,8,1,0,0,0,0,0,3,11,1,58,2768,0,0,0,1,0,0,0,0,1,0,221,202,1,1532,2,17,0.4117647058823529,1,Deal Driven Browsers,0.3690148305646439
31859.0,1,0,77,3,1,3,8,0,5,1,1,0,2,7,0,0,0,0,0,0,3,11,0,44,2539,1,0,0,0,0,0,0,1,0,0,15,10,0,1533,1,4,0.25,1,Deal Driven Browsers,0.010163019158847143
27215.0,2,1,50,30,5,22,8,9,28,4,2,1,4,6,0,0,0,0,0,0,3,11,0,59,2681,1,0,0,0,0,0,0,1,0,0,74,46,0,1534,3,11,0.3636363636363636,1,Deal Driven Browsers,0.07804605485024008
70179.0,0,1,10,532,88,168,69,44,133,3,7,3,13,5,0,0,0,0,0,0,3,11,0,44,2502,1,0,0,0,0,0,0,0,0,1,901,768,0,1535,1,26,0.1153846153846153,2,Quiet Value Regulars,0.08166909445808891
39922.0,1,0,30,29,12,59,19,1,36,2,3,0,4,8,0,0,0,0,0,0,3,11,0,37,2659,0,1,0,0,0,0,0,1,0,0,120,84,0,1536,1,9,0.2222222222222222,1,Deal Driven Browsers,0.022694830814666403
49681.0,0,2,66,411,0,26,0,0,21,6,7,1,7,7,0,0,0,0,0,0,3,11,0,44,2396,0,1,0,0,0,0,0,0,1,0,437,416,0,1537,2,21,0.2857142857142857,1,Deal Driven Browsers,0.021797243915247143
24645.0,1,0,16,5,3,4,4,1,0,1,1,0,2,8,0,0,0,0,0,0,3,11,0,32,2764,0,1,0,0,0,0,0,1,0,0,17,17,0,1538,1,4,0.25,1,Deal Driven Browsers,0.11871778851027762
79865.0,0,1,12,71,99,278,185,121,38,1,5,10,5,1,0,0,0,0,0,0,3,11,0,66,2170,1,0,0,0,0,0,0,1,0,0,754,716,0,1539,1,21,0.0476190476190476,2,Quiet Value Regulars,0.10093365247856771
44322.0,1,0,30,46,0,40,3,0,3,2,3,0,3,8,0,0,0,0,0,0,3,11,0,35,2172,0,1,0,0,0,0,0,1,0,0,89,86,0,1540,1,8,0.25,1,Deal Driven Browsers,0.016349665896734273
47958.0,0,1,8,268,11,88,15,3,22,2,6,3,5,5,0,0,0,0,0,0,3,11,0,68,2685,0,0,1,0,0,0,0,1,0,0,385,363,0,1541,1,16,0.125,2,Quiet Value Regulars,0.10072930917510049
63972.0,0,1,93,928,63,254,0,12,12,4,5,4,10,4,0,1,0,0,0,0,3,11,0,56,2733,0,0,1,0,0,0,0,0,1,0,1257,1245,1,1542,1,23,0.1739130434782608,2,Quiet Value Regulars,0.18237400212071486
75315.0,0,1,14,459,15,171,142,23,31,2,5,4,12,2,0,0,0,0,0,0,3,11,0,66,2234,0,0,0,1,0,0,0,1,0,0,810,779,0,1543,1,23,0.0869565217391304,2,Quiet Value Regulars,0.02729602745506468
55517.0,1,1,53,483,0,108,0,6,36,5,11,1,6,9,0,0,0,0,0,0,3,11,1,70,2799,0,1,0,0,0,0,0,0,0,1,597,561,0,1544,2,23,0.217391304347826,1,Deal Driven Browsers,0.4329413304598741
75283.0,1,2,26,733,9,180,12,19,66,11,6,3,5,4,0,0,0,0,0,0,3,11,0,63,2618,0,1,0,0,0,0,0,0,0,1,953,887,0,1545,3,25,0.44,1,Deal Driven Browsers,0.1456880487059009
82800.0,0,0,23,1006,22,115,59,68,45,1,7,6,12,3,0,0,1,1,0,0,3,11,1,74,2741,0,0,1,0,0,0,0,0,0,1,1270,1225,2,1546,0,26,0.0384615384615384,0,Premium Loyalists,0.8280071530531958
38998.0,1,1,92,34,1,14,0,0,5,3,2,0,3,8,0,0,0,0,0,1,3,11,0,66,2762,0,1,0,0,0,0,0,1,0,0,49,44,0,1547,2,8,0.375,1,Deal Driven Browsers,0.0966423473441142
90638.0,0,0,29,1156,120,915,94,144,96,1,3,4,10,1,0,0,1,0,0,0,3,11,1,29,2295,0,0,1,0,0,0,0,0,1,0,2429,2333,1,1548,0,18,0.0555555555555555,0,Premium Loyalists,0.3363811044848331
27161.0,1,0,41,7,4,23,7,0,11,1,1,0,3,7,0,0,0,0,0,0,3,11,0,34,2403,0,1,0,0,0,0,0,0,1,0,41,30,0,1549,1,5,0.2,1,Deal Driven Browsers,0.0061899319185519264
42014.0,1,0,56,244,15,108,4,15,50,6,7,1,6,8,0,0,0,0,0,0,3,11,1,43,2840,0,1,0,0,0,0,0,1,0,0,386,336,0,1550,1,20,0.3,1,Deal Driven Browsers,0.3186890467599882
38201.0,0,1,19,233,0,23,0,0,12,4,5,1,5,8,0,0,0,0,0,0,3,11,0,60,2616,0,0,0,1,0,0,0,0,0,1,256,244,0,1551,1,15,0.2666666666666666,1,Deal Driven Browsers,0.07370832300803935
45203.0,2,0,4,35,3,67,10,8,24,1,3,1,3,6,0,0,0,0,0,0,3,11,1,38,2257,0,0,0,1,0,0,0,1,0,0,123,99,0,1552,2,8,0.125,1,Deal Driven Browsers,0.27191086768260214
81574.0,0,0,89,1252,0,465,46,35,0,1,4,5,8,1,0,1,1,0,0,0,3,11,0,73,2221,0,0,0,1,0,0,0,0,0,1,1798,1798,2,1553,0,18,0.0555555555555555,0,Premium Loyalists,0.2372455880510955
34935.0,0,0,71,34,4,66,3,10,20,1,2,1,4,7,0,0,0,0,0,0,3,11,0,28,2532,0,1,0,0,0,0,0,1,0,0,117,97,0,1554,0,8,0.125,1,Deal Driven Browsers,0.011575331486304435
60482.0,0,1,81,255,43,134,37,14,24,1,7,2,7,7,0,0,0,0,0,0,3,11,0,44,2681,0,0,1,0,0,0,0,0,1,0,483,459,0,1555,1,17,0.0588235294117647,2,Quiet Value Regulars,0.06040959930959245
34633.0,2,1,31,8,1,5,0,0,1,1,1,0,2,6,0,0,0,0,0,0,3,11,0,64,2316,0,0,0,1,0,0,0,1,0,0,14,13,0,1556,3,4,0.25,1,Deal Driven Browsers,0.013833086121676384
78093.0,0,0,53,368,32,639,13,43,10,1,4,7,5,1,0,0,0,0,0,0,3,11,0,73,2359,0,0,0,1,0,0,0,0,1,0,1095,1085,0,1557,0,17,0.0588235294117647,2,Quiet Value Regulars,0.023171045760392965
82460.0,0,0,78,255,47,573,52,32,15,1,5,3,6,1,0,0,0,0,0,0,3,11,0,70,2368,1,0,0,0,0,0,0,1,0,0,959,944,0,1558,0,15,0.0666666666666666,2,Quiet Value Regulars,0.09330609410353283
45903.0,0,1,80,33,8,10,2,10,3,2,2,1,3,4,0,0,0,0,0,0,3,11,0,54,2226,0,0,0,1,0,0,0,0,1,0,63,60,0,1559,1,8,0.25,1,Deal Driven Browsers,0.0028168396418396416
81361.0,0,0,18,163,23,424,27,65,76,1,3,10,13,1,0,0,0,0,0,0,3,11,1,33,2283,1,0,0,0,0,0,0,1,0,0,702,626,0,1560,0,27,0.037037037037037,2,Quiet Value Regulars,0.14501746817302502
35860.0,1,1,37,15,0,8,4,2,20,2,1,1,2,5,1,0,0,0,0,0,3,11,1,47,2200,1,0,0,0,0,0,0,0,0,1,29,9,1,1561,2,6,0.3333333333333333,1,Deal Driven Browsers,0.24909051625009912
40442.0,1,1,52,45,12,52,25,22,13,4,3,1,4,7,0,0,0,0,0,0,3,11,1,68,2838,0,0,0,1,0,0,0,0,1,0,156,143,0,1562,2,12,0.3333333333333333,1,Deal Driven Browsers,0.3564025672149948
61482.0,0,0,39,48,58,68,16,66,43,1,3,2,6,2,0,0,0,0,0,0,3,11,0,55,2161,0,1,0,0,0,0,0,1,0,0,256,213,0,1563,0,12,0.0833333333333333,2,Quiet Value Regulars,0.011245427017856564
34968.0,1,0,11,158,6,45,8,2,2,7,3,2,5,7,0,0,0,0,0,0,3,11,0,40,2604,0,1,0,0,0,0,0,1,0,0,219,217,0,1564,1,17,0.4117647058823529,1,Deal Driven Browsers,0.18764834565817662
75794.0,0,0,33,754,160,625,63,32,48,1,7,5,12,3,0,0,0,1,0,0,3,11,0,33,2346,0,1,0,0,0,0,0,1,0,0,1634,1586,1,1565,0,25,0.04,0,Premium Loyalists,0.19929083114295684
31497.0,0,1,22,108,1,28,13,1,4,2,3,1,4,8,0,0,0,0,0,0,3,11,0,58,2729,0,0,0,1,0,0,0,0,0,1,151,147,0,1566,1,10,0.2,1,Deal Driven Browsers,0.08417808575583345
74268.0,0,0,83,199,66,315,97,174,41,1,4,3,5,2,0,0,0,0,0,0,3,11,0,65,2659,0,1,0,0,0,0,0,1,0,0,851,810,0,1567,0,13,0.0769230769230769,2,Quiet Value Regulars,0.017475373724807685
13724.0,1,0,43,2,7,5,2,15,27,1,2,0,2,9,1,0,0,0,0,0,3,11,0,32,2826,0,0,0,1,0,0,1,0,0,0,31,4,1,1568,1,5,0.2,1,Deal Driven Browsers,0.41298079266054055
45143.0,0,1,74,202,5,74,11,5,14,3,6,1,5,7,0,0,0,0,0,0,3,11,0,55,2466,0,0,0,1,0,0,0,0,1,0,297,283,0,1569,1,15,0.2,1,Deal Driven Browsers,0.00798986568986569
52569.0,0,1,54,85,0,3,0,0,7,1,2,0,4,3,0,0,0,0,0,0,3,11,0,53,2244,0,0,1,0,0,0,0,0,0,1,88,81,0,1570,1,7,0.1428571428571428,1,Deal Driven Browsers,0.014865147955648333
48432.0,0,1,3,322,3,50,4,3,42,5,7,1,6,8,0,0,0,0,0,0,3,11,1,47,2778,0,0,1,0,0,0,0,0,0,1,382,340,0,1571,1,19,0.2631578947368421,1,Deal Driven Browsers,0.40156477980162775
17144.0,1,1,96,18,2,19,0,2,6,5,3,0,4,7,0,0,0,0,0,0,3,11,0,60,2293,0,0,0,1,0,0,0,0,1,0,41,35,0,1572,2,12,0.4166666666666667,1,Deal Driven Browsers,0.03556051623618373
36108.0,1,0,68,141,8,129,3,11,47,3,7,1,4,9,1,0,0,0,0,0,3,11,0,36,2416,0,0,1,0,0,0,0,1,0,0,292,245,1,1573,1,15,0.2,1,Deal Driven Browsers,0.193913931800565
76445.0,1,0,2,739,107,309,140,80,35,1,2,5,13,6,0,0,0,0,0,0,3,11,0,49,2798,0,1,0,0,0,0,0,1,0,0,1375,1340,0,1574,1,21,0.0476190476190476,2,Quiet Value Regulars,0.15787752796229504
36663.0,1,0,40,18,0,6,3,3,5,1,1,1,3,2,0,0,0,0,0,0,3,11,0,45,2224,0,1,0,0,0,0,0,0,0,1,30,25,0,1575,1,6,0.1666666666666666,1,Deal Driven Browsers,0.0065461843711843715
53843.0,0,1,64,378,0,88,19,4,73,4,8,5,3,7,0,0,0,0,0,0,3,11,0,55,2526,0,1,0,0,0,0,0,0,1,0,489,416,0,1576,1,20,0.2,1,Deal Driven Browsers,0.007074364733798695
90226.0,0,0,26,1083,108,649,253,151,108,1,4,7,12,2,0,0,0,1,0,0,3,11,0,64,2800,0,1,0,0,0,0,0,0,1,0,2244,2136,1,1577,0,24,0.0416666666666666,0,Premium Loyalists,0.34801950156622846
70638.0,0,0,69,1016,12,215,16,12,63,1,4,5,10,3,0,1,0,0,0,0,3,11,0,65,2552,1,0,0,0,0,0,0,0,1,0,1271,1208,1,1578,0,20,0.05,0,Premium Loyalists,0.24897802664922644
44512.0,1,1,57,23,1,6,0,0,2,2,1,0,3,4,0,0,0,0,0,0,3,11,0,60,2462,0,0,0,1,0,0,0,1,0,0,30,28,0,1579,2,6,0.3333333333333333,1,Deal Driven Browsers,0.006187142672142671
27116.0,1,1,78,12,1,21,2,2,3,2,2,0,3,7,0,0,0,0,0,0,3,11,0,59,2278,0,1,0,0,0,0,0,1,0,0,38,35,0,1580,2,7,0.2857142857142857,1,Deal Driven Browsers,0.00464013659125666
54072.0,1,1,71,35,0,4,0,0,0,1,2,0,2,8,0,0,0,0,0,0,3,11,0,57,2496,0,1,0,0,0,0,0,0,0,1,39,39,0,1581,2,5,0.2,1,Deal Driven Browsers,0.013821828988005457
71855.0,0,1,59,548,31,422,0,112,28,4,5,5,11,3,0,0,0,0,0,0,3,11,0,43,2688,0,1,0,0,0,0,0,1,0,0,1113,1085,0,1582,1,25,0.16,2,Quiet Value Regulars,0.017541304017873533
51250.0,1,0,28,342,32,230,34,32,40,5,10,5,4,9,1,0,0,0,0,0,3,11,0,30,2615,0,0,1,0,0,1,0,0,0,0,670,630,1,1583,1,24,0.2083333333333333,1,Deal Driven Browsers,0.2664470923290858
60432.0,0,1,61,365,3,15,4,3,11,5,7,2,5,6,0,0,0,0,0,0,3,11,0,47,2271,0,1,0,0,0,0,0,0,1,0,390,379,0,1584,1,19,0.2631578947368421,1,Deal Driven Browsers,0.007987499925966144
65526.0,0,1,22,397,19,69,12,0,9,1,4,4,8,2,0,0,0,0,0,0,3,11,0,56,2238,0,1,0,0,0,0,0,0,0,1,497,488,0,1585,1,17,0.0588235294117647,2,Quiet Value Regulars,0.015022700546950088
68655.0,0,0,95,456,19,832,75,118,38,1,4,5,11,3,0,0,0,0,0,0,3,11,0,32,2847,0,0,1,0,0,0,0,1,0,0,1500,1462,0,1586,0,21,0.0476190476190476,2,Quiet Value Regulars,0.18128555852396563
12393.0,0,0,38,5,6,15,11,7,13,1,2,0,3,9,0,0,0,0,0,0,3,11,0,42,2731,0,1,0,0,0,1,0,0,0,0,44,31,0,1587,0,6,0.1666666666666666,1,Deal Driven Browsers,0.1068458095133848
64509.0,0,0,19,836,185,575,24,25,77,1,6,3,9,4,1,0,0,0,0,0,3,11,1,30,2475,0,0,1,0,0,0,0,1,0,0,1645,1568,1,1588,0,19,0.0526315789473684,0,Premium Loyalists,0.7051842813127229
33955.0,1,0,92,100,2,128,23,7,10,4,5,1,5,8,0,0,0,0,0,0,3,11,0,45,2483,0,0,1,0,0,0,0,1,0,0,260,250,0,1589,1,15,0.2666666666666666,1,Deal Driven Browsers,0.025923766293951753
31353.0,1,1,24,10,0,10,3,1,7,2,1,1,2,8,0,0,0,0,0,0,3,11,1,43,2341,0,1,0,0,0,0,0,1,0,0,24,17,0,1590,2,6,0.3333333333333333,1,Deal Driven Browsers,0.18148177272262245
55434.0,1,0,21,238,115,215,169,69,76,3,5,3,13,4,0,0,0,0,0,0,3,11,0,36,2426,0,1,0,0,0,0,0,1,0,0,806,730,0,1591,1,24,0.125,2,Quiet Value Regulars,0.027489072081404484
28359.0,1,0,35,6,0,5,2,1,2,1,1,0,2,7,0,0,0,0,0,0,3,11,0,37,2404,0,0,0,1,0,0,0,1,0,0,14,12,0,1592,1,4,0.25,1,Deal Driven Browsers,0.018062592726182988
57100.0,1,0,9,158,11,99,15,11,17,2,3,2,7,3,0,0,0,0,0,0,3,11,0,33,2201,0,0,1,0,0,0,0,1,0,0,294,277,0,1593,1,14,0.1428571428571428,2,Quiet Value Regulars,0.0949526591466999
69139.0,0,1,23,86,12,75,33,15,6,1,4,1,5,4,0,0,0,0,0,0,3,11,0,55,2312,0,1,0,0,0,0,0,1,0,0,221,215,0,1594,1,11,0.0909090909090909,2,Quiet Value Regulars,0.005325451760467118
52973.0,0,1,92,856,0,76,12,9,199,7,9,6,9,8,0,0,0,0,0,0,3,11,0,64,2757,0,1,0,0,0,0,0,0,1,0,953,754,0,1595,1,31,0.2258064516129032,2,Quiet Value Regulars,0.0822056776944773
51717.0,0,1,55,98,1,17,0,1,5,1,3,0,4,7,0,1,0,0,0,0,3,11,0,55,2472,0,0,0,1,0,0,0,0,0,1,117,112,1,1596,1,8,0.125,1,Deal Driven Browsers,0.1324927747954572
18793.0,1,0,14,4,16,20,0,17,20,3,2,0,4,8,0,0,0,0,0,0,3,11,0,49,2692,0,1,0,0,0,0,0,1,0,0,57,37,0,1597,1,9,0.3333333333333333,1,Deal Driven Browsers,0.2471836133565278
66664.0,0,0,78,398,96,447,220,96,32,1,5,7,6,3,0,0,0,0,0,0,3,11,0,38,2801,0,0,0,1,0,1,0,0,0,0,1257,1225,0,1598,0,19,0.0526315789473684,2,Quiet Value Regulars,0.06476775724832486
50664.0,1,1,64,313,8,104,6,4,126,9,8,1,6,9,0,0,0,0,0,0,3,11,0,61,2688,0,0,1,0,0,0,0,1,0,0,435,309,0,1599,2,24,0.375,1,Deal Driven Browsers,0.16017472144865053
54414.0,1,1,49,109,18,16,24,26,18,4,3,1,5,4,0,0,0,0,0,0,3,11,0,57,2681,0,0,0,1,0,0,0,1,0,0,193,175,0,1600,2,13,0.3076923076923077,1,Deal Driven Browsers,0.040243674598983516
54549.0,0,1,8,216,2,6,0,0,9,2,5,1,4,7,0,0,0,0,0,0,3,11,0,68,2277,0,1,0,0,0,0,0,0,0,1,224,215,0,1601,1,12,0.1666666666666666,1,Deal Driven Browsers,0.08030680522010113
47111.0,0,1,35,595,71,153,120,112,41,6,3,2,10,9,0,0,0,0,0,0,3,11,0,49,2818,0,0,0,0,1,0,0,0,0,1,1051,1010,0,1602,1,21,0.2857142857142857,1,Deal Driven Browsers,0.3756145162521105
41003.0,0,0,11,123,133,142,71,44,88,1,6,2,8,6,0,0,0,0,0,0,3,11,0,57,2628,1,0,0,0,0,0,0,0,0,1,513,425,0,1603,0,17,0.0588235294117647,2,Quiet Value Regulars,0.23496164056436583
19444.0,1,0,8,16,0,23,3,2,10,3,4,1,2,7,0,0,0,0,0,0,3,11,1,38,2286,0,0,0,1,0,0,0,1,0,0,44,34,0,1604,1,10,0.3,1,Deal Driven Browsers,0.3405783772562201
36301.0,1,0,53,11,12,35,3,5,12,1,3,0,3,7,0,0,0,0,0,0,3,11,0,44,2406,0,0,0,1,0,1,0,0,0,0,66,54,0,1605,1,7,0.1428571428571428,1,Deal Driven Browsers,0.02311699411699411
73059.0,0,1,36,410,112,420,0,82,71,1,9,3,13,4,0,0,0,0,0,0,3,11,0,73,2461,0,0,0,1,0,0,0,0,0,1,1024,953,0,1606,1,26,0.0384615384615384,2,Quiet Value Regulars,0.05827584878313977
42731.0,1,0,64,159,2,51,6,2,24,3,4,1,5,5,0,0,0,0,0,0,3,11,0,51,2410,0,0,0,1,0,0,0,0,0,1,220,196,0,1607,1,13,0.2307692307692307,1,Deal Driven Browsers,0.009612673372379256
52854.0,1,1,43,105,0,10,0,1,0,2,2,1,4,5,0,0,0,0,0,0,3,11,0,61,2256,0,1,0,0,0,0,0,0,0,1,116,116,0,1608,2,9,0.2222222222222222,1,Deal Driven Browsers,0.006606670084301665
22775.0,1,0,40,5,1,8,0,0,1,1,1,0,2,8,0,0,0,0,0,0,3,11,0,42,2534,0,0,0,1,0,0,0,1,0,0,14,13,0,1609,1,4,0.25,1,Deal Driven Browsers,0.018851249199219117
46681.0,0,2,52,269,15,69,15,19,38,2,4,6,4,5,0,0,0,0,0,0,3,11,0,72,2423,0,0,0,1,0,0,0,0,0,1,387,349,0,1610,2,16,0.125,1,Deal Driven Browsers,0.018560449519520725
59821.0,0,1,11,629,0,70,0,0,35,6,11,2,7,8,0,0,0,0,0,0,3,11,0,65,2602,0,1,0,0,0,0,0,0,0,1,699,664,0,1611,1,26,0.2307692307692307,2,Quiet Value Regulars,0.09771627907129046
50002.0,0,1,21,443,5,71,21,16,82,2,8,2,7,7,0,0,0,0,0,0,3,11,0,66,2536,1,0,0,0,0,0,0,1,0,0,556,474,0,1612,1,19,0.1052631578947368,2,Quiet Value Regulars,0.05194694391197448
69755.0,0,0,23,217,77,373,111,23,93,1,3,6,12,1,0,0,0,0,0,0,3,11,0,75,2429,0,1,0,0,0,0,0,1,0,0,801,708,0,1613,0,22,0.0454545454545454,2,Quiet Value Regulars,0.05629377511952429
44078.0,1,1,17,24,1,10,2,0,4,2,2,0,3,5,0,0,0,0,0,0,3,11,0,51,2169,0,1,0,0,0,0,0,1,0,0,37,33,0,1614,2,7,0.2857142857142857,1,Deal Driven Browsers,0.03226305419154186
30560.0,1,0,6,9,1,5,4,5,7,1,1,0,3,7,0,0,0,0,0,0,3,11,0,44,2526,0,0,0,1,0,0,0,0,1,0,24,17,0,1615,1,5,0.2,1,Deal Driven Browsers,0.09032041230132706
35924.0,1,1,56,8,0,14,2,3,7,1,1,0,3,5,0,0,0,0,0,0,3,11,0,51,2257,0,0,0,1,0,0,0,0,1,0,27,20,0,1616,2,5,0.2,1,Deal Driven Browsers,0.008474261294261294
64140.0,0,2,71,1459,0,61,0,15,215,5,2,5,6,5,1,0,1,0,1,0,3,11,1,56,2438,1,0,0,0,0,0,0,0,0,1,1535,1320,3,1617,2,18,0.2777777777777778,0,Premium Loyalists,0.5956184514098466
56386.0,1,1,51,230,48,214,13,32,75,8,9,1,7,9,0,0,0,0,0,0,3,11,0,39,2769,0,0,0,1,0,0,0,1,0,0,537,462,0,1618,2,25,0.32,1,Deal Driven Browsers,0.21027618164952977
24594.0,1,0,94,1,3,6,10,0,9,1,1,0,3,5,0,0,0,0,0,0,3,11,0,41,2360,0,0,0,1,0,0,1,0,0,0,20,11,0,1619,1,5,0.2,1,Deal Driven Browsers,0.005181240981240981
75774.0,1,0,27,340,21,134,258,14,56,1,7,5,8,4,0,0,0,0,0,0,3,11,0,39,2217,0,0,0,1,0,1,0,0,0,0,767,711,0,1620,1,21,0.0476190476190476,2,Quiet Value Regulars,0.01893661338661338
39228.0,0,0,1,7,1,6,0,3,3,1,0,0,3,4,0,0,0,0,0,0,3,11,0,60,2574,1,0,0,0,0,0,0,0,1,0,17,14,0,1621,0,4,0.25,1,Deal Driven Browsers,0.10563328854063851
58494.0,0,1,56,298,7,68,4,0,19,2,6,2,6,6,0,0,0,0,0,0,3,11,0,46,2358,0,1,0,0,0,0,0,0,1,0,377,358,0,1622,1,16,0.125,2,Quiet Value Regulars,0.005555693593270621
58684.0,0,0,71,479,35,179,28,7,85,1,5,3,12,2,0,1,0,0,0,0,3,11,0,39,2172,0,0,1,0,0,0,0,1,0,0,728,643,1,1623,0,21,0.0476190476190476,2,Quiet Value Regulars,0.07293431557577751
57136.0,0,0,18,267,140,599,34,12,127,1,7,5,7,6,0,0,0,0,0,0,3,11,1,53,2566,1,0,0,0,0,0,0,1,0,0,1052,925,0,1624,0,20,0.05,2,Quiet Value Regulars,0.3184499640538341
56551.0,1,1,48,67,4,32,17,2,16,3,2,1,4,4,0,0,0,0,0,0,3,11,0,70,2212,0,0,0,0,1,0,0,0,0,1,122,106,0,1625,2,10,0.3,1,Deal Driven Browsers,0.0404095797809824
22448.0,1,0,86,3,1,8,23,2,18,3,2,1,3,3,0,0,0,0,0,0,3,11,0,38,2282,0,1,0,0,0,0,0,1,0,0,37,19,0,1626,1,9,0.3333333333333333,1,Deal Driven Browsers,0.015969816490378912
82014.0,0,0,48,980,37,265,35,163,31,1,3,6,12,6,0,0,0,0,0,0,3,11,1,59,2837,0,0,1,0,0,0,0,1,0,0,1480,1449,0,1627,0,22,0.0454545454545454,2,Quiet Value Regulars,0.3459105430887346
34213.0,1,1,2,50,4,28,6,3,26,3,3,1,2,9,0,0,0,0,0,0,3,11,1,57,2819,0,0,0,0,1,0,0,1,0,0,91,65,0,1628,2,9,0.3333333333333333,1,Deal Driven Browsers,0.6348473373841006
25358.0,0,1,57,19,0,5,0,0,8,2,1,0,3,6,0,0,0,0,0,0,3,11,0,73,2501,0,0,0,0,1,0,0,0,0,1,24,16,0,1629,1,6,0.3333333333333333,1,Deal Driven Browsers,0.05308729986862449
35544.0,1,0,77,30,5,23,4,1,4,1,2,0,3,7,0,0,0,0,0,0,3,11,0,42,2272,0,0,1,0,0,0,0,0,1,0,63,59,0,1630,1,6,0.1666666666666666,1,Deal Driven Browsers,0.0177202525802371
36634.0,0,1,0,213,9,76,4,3,30,3,5,2,5,7,0,0,0,0,0,0,3,11,0,66,2556,0,0,0,1,0,0,0,0,1,0,305,275,0,1631,1,15,0.2,1,Deal Driven Browsers,0.13444686516356016
62670.0,0,1,57,539,30,92,80,46,38,1,5,3,13,3,0,0,0,0,0,0,3,11,0,66,2306,0,1,0,0,0,0,0,0,0,1,787,749,0,1632,1,22,0.0454545454545454,2,Quiet Value Regulars,0.011074044130472702
50334.0,0,1,24,284,16,160,84,16,134,6,7,4,6,6,0,0,0,0,0,0,3,11,0,48,2499,0,0,0,1,0,1,0,0,0,0,560,426,0,1633,1,23,0.2608695652173913,2,Quiet Value Regulars,0.030733224395143893
72066.0,0,0,55,1003,34,536,134,51,34,1,4,6,6,2,0,0,1,1,0,0,3,11,1,39,2165,0,0,1,0,0,0,0,1,0,0,1758,1724,2,1634,0,17,0.0588235294117647,0,Premium Loyalists,0.5144012242339471
50729.0,1,1,62,239,13,143,45,4,52,9,6,2,7,6,0,0,0,0,0,0,3,11,0,62,2582,0,0,1,0,0,0,0,0,0,1,444,392,0,1635,2,24,0.375,1,Deal Driven Browsers,0.09548532645775033
34916.0,2,0,89,51,23,82,33,0,42,4,5,1,3,9,0,0,0,0,0,0,3,11,0,52,2569,0,0,0,1,0,0,0,1,0,0,189,147,0,1636,2,13,0.3076923076923077,1,Deal Driven Browsers,0.09722439565234998
64892.0,0,1,77,527,24,230,32,24,65,2,6,4,12,4,0,0,0,0,0,0,3,11,0,44,2190,1,0,0,0,0,0,0,1,0,0,837,772,0,1637,1,24,0.0833333333333333,2,Quiet Value Regulars,0.019924079458959545
43602.0,1,1,45,19,5,12,10,3,19,3,3,1,2,6,0,0,0,0,0,0,3,11,0,54,2329,0,0,1,0,0,0,0,1,0,0,49,30,0,1638,2,9,0.3333333333333333,1,Deal Driven Browsers,0.03089613555139725
33996.0,0,0,46,40,2,15,8,0,6,1,1,1,3,4,0,0,0,0,0,0,3,11,0,31,2450,0,0,1,0,0,0,0,0,0,1,65,59,0,1639,0,6,0.1666666666666666,1,Deal Driven Browsers,0.04218361837083062
41473.0,1,0,80,21,8,20,15,3,9,1,2,0,3,7,0,0,0,0,0,0,3,11,0,35,2534,0,0,1,0,0,1,0,0,0,0,67,58,0,1640,1,6,0.1666666666666666,1,Deal Driven Browsers,0.034062363481928704
63246.0,0,2,60,593,30,91,29,22,7,1,6,3,12,4,0,0,0,0,0,0,3,11,0,53,2472,0,1,0,0,0,0,0,0,0,1,765,758,0,1641,2,22,0.0454545454545454,2,Quiet Value Regulars,0.013724952355301617
36732.0,1,1,71,21,5,3,10,1,7,3,1,1,4,2,0,0,0,0,0,0,3,11,0,61,2341,0,1,0,0,0,0,0,0,0,1,40,33,0,1642,2,9,0.3333333333333333,1,Deal Driven Browsers,0.007596044173218087
69084.0,1,0,43,1181,107,199,39,30,30,2,7,3,13,8,0,0,0,0,0,0,3,11,0,50,2381,0,1,0,0,0,0,0,0,0,1,1556,1526,0,1643,1,25,0.08,2,Quiet Value Regulars,0.08741811107325828
77766.0,0,1,97,1004,59,265,115,59,27,2,11,10,11,6,1,0,0,0,0,0,3,11,1,53,2651,0,1,0,0,0,0,0,0,0,1,1502,1475,1,1644,1,34,0.0588235294117647,0,Premium Loyalists,0.45688321344118565
37929.0,0,0,49,202,2,46,3,2,10,2,4,2,5,7,0,1,0,1,0,0,3,11,1,35,2493,0,0,1,0,0,0,0,0,0,1,255,245,2,1645,0,13,0.1538461538461538,1,Deal Driven Browsers,0.38329486843346267
86610.0,0,0,66,446,107,768,33,196,53,1,5,6,6,2,0,0,0,0,0,0,3,11,0,69,2456,0,0,0,1,0,0,0,1,0,0,1550,1497,0,1646,0,18,0.0555555555555555,2,Quiet Value Regulars,0.2197458245571613
80141.0,0,0,20,1184,102,673,52,40,40,1,7,4,10,6,0,0,1,0,0,0,3,11,1,34,2693,0,1,0,0,0,0,0,0,1,0,2051,2011,1,1647,0,22,0.0454545454545454,0,Premium Loyalists,0.6799885445871154
72635.0,0,0,54,390,22,323,104,35,107,1,6,8,6,3,0,0,0,1,0,0,3,11,0,65,2550,0,1,0,0,0,1,0,0,0,0,874,767,1,1648,0,21,0.0476190476190476,0,Premium Loyalists,0.10544976440978984
69016.0,0,1,61,726,53,363,123,107,161,4,8,9,13,5,0,0,0,0,0,0,3,11,0,50,2743,0,1,0,0,0,0,0,1,0,0,1372,1211,0,1649,1,34,0.1176470588235294,2,Quiet Value Regulars,0.040034726886470265
20193.0,0,0,18,8,8,22,24,11,9,1,1,1,4,4,0,0,0,0,0,0,3,11,0,29,2737,0,0,0,1,0,1,0,0,0,0,73,64,0,1650,0,7,0.1428571428571428,1,Deal Driven Browsers,0.13381001048289584
27573.0,1,0,45,50,15,110,39,15,15,4,5,1,4,8,0,0,0,0,0,0,3,11,0,45,2620,0,1,0,0,0,0,0,1,0,0,229,214,0,1651,1,14,0.2857142857142857,1,Deal Driven Browsers,0.03232024708718231
15862.0,1,0,26,1,1,4,11,9,10,1,1,0,3,8,0,0,0,0,0,0,3,11,0,41,2526,0,0,1,0,0,0,1,0,0,0,26,16,0,1652,1,5,0.2,1,Deal Driven Browsers,0.05070697249549731
49544.0,1,0,0,308,0,73,0,0,23,2,5,1,8,7,0,0,0,0,0,0,3,11,0,44,2661,0,1,0,0,0,0,0,0,0,1,381,358,0,1653,1,16,0.125,1,Deal Driven Browsers,0.14765885600146952
33228.0,1,0,28,22,2,31,7,4,5,1,2,0,3,7,0,0,0,0,0,0,3,11,0,40,2316,0,1,0,0,0,0,0,1,0,0,66,61,0,1654,1,6,0.1666666666666666,1,Deal Driven Browsers,0.020006486010106017
70440.0,0,0,49,690,117,499,76,102,88,1,5,10,7,3,0,0,0,1,0,0,3,11,0,42,2423,0,0,0,1,0,0,0,1,0,0,1484,1396,1,1655,0,23,0.0434782608695652,0,Premium Loyalists,0.14034879836312392
38232.0,1,1,84,43,5,28,7,6,33,4,3,1,3,5,0,0,0,0,0,0,3,11,0,49,2322,0,0,0,1,0,0,0,1,0,0,89,56,0,1656,2,11,0.3636363636363636,1,Deal Driven Browsers,0.015585610462682878
22554.0,1,1,38,27,0,10,0,0,4,4,2,0,4,5,0,0,0,0,0,0,3,11,0,65,2762,0,1,0,0,0,0,0,0,0,1,37,33,0,1657,2,10,0.4,1,Deal Driven Browsers,0.1601683706532476
23536.0,1,0,53,6,0,3,0,0,1,1,0,0,3,3,0,0,0,0,0,0,3,11,0,37,2184,0,1,0,0,0,0,0,0,0,1,9,8,0,1658,1,4,0.25,1,Deal Driven Browsers,0.023191538135067535
49413.0,0,1,88,205,7,41,3,2,46,2,4,2,5,5,0,0,0,0,0,0,3,11,0,68,2406,0,1,0,0,0,0,0,1,0,0,258,212,0,1659,1,13,0.1538461538461538,1,Deal Driven Browsers,0.004551359960793922
42231.0,1,1,99,24,0,8,0,1,4,1,1,0,3,5,0,0,0,0,0,0,3,11,0,51,2255,0,1,0,0,0,0,0,1,0,0,33,29,0,1660,2,5,0.2,1,Deal Driven Browsers,0.01218865821809218
78789.0,0,0,12,667,50,850,21,83,83,1,4,6,5,2,0,0,0,0,0,0,3,11,1,40,2849,1,0,0,0,0,0,0,0,1,0,1671,1588,0,1661,0,16,0.0625,2,Quiet Value Regulars,0.3583159574306914
56534.0,0,1,35,691,7,61,10,0,46,4,10,4,7,8,0,1,0,0,1,0,3,11,1,52,2500,0,0,0,1,0,0,0,1,0,0,769,723,2,1662,1,25,0.16,0,Premium Loyalists,0.43451694678671454
58350.0,0,1,5,493,26,206,116,80,80,4,8,3,12,6,0,0,0,0,0,0,3,11,0,49,2700,0,0,1,0,0,0,0,1,0,0,921,841,0,1663,1,27,0.1481481481481481,2,Quiet Value Regulars,0.09407231846281386
81217.0,0,0,77,493,70,324,146,40,84,1,3,7,11,1,0,0,0,0,0,0,3,11,0,31,2504,0,0,1,0,0,0,0,1,0,0,1073,989,0,1664,0,22,0.0454545454545454,2,Quiet Value Regulars,0.04761972938557165
49090.0,0,1,45,494,5,82,7,0,100,3,7,2,9,7,0,0,0,0,0,0,3,11,0,69,2504,0,0,1,0,0,0,0,1,0,0,588,488,0,1665,1,21,0.1428571428571428,2,Quiet Value Regulars,0.03022226342951982
61787.0,0,0,71,621,73,414,78,48,85,1,8,4,6,5,0,0,0,0,0,0,3,11,0,33,2517,1,0,0,0,0,0,0,0,1,0,1234,1149,0,1666,0,19,0.0526315789473684,2,Quiet Value Regulars,0.0933717174836202
18169.0,1,0,40,9,0,5,0,0,7,1,1,0,2,8,0,0,0,0,0,0,3,11,0,35,2654,0,1,0,0,0,0,0,0,0,1,14,7,0,1667,1,4,0.25,1,Deal Driven Browsers,0.030197678378024017
24336.0,1,0,82,1,6,2,8,2,12,1,1,0,2,7,0,0,0,0,0,0,3,11,0,39,2830,0,0,1,0,0,1,0,0,0,0,19,7,0,1668,1,4,0.25,1,Deal Driven Browsers,0.12010650926641504
18222.0,0,0,70,12,4,19,12,6,14,1,2,0,3,8,0,0,0,0,0,0,3,11,0,30,2704,0,1,0,0,0,0,0,1,0,0,53,39,0,1669,0,6,0.1666666666666666,1,Deal Driven Browsers,0.042408669320103426
62335.0,0,1,87,243,131,217,85,6,26,2,3,3,13,2,0,0,0,0,0,0,3,11,0,68,2561,1,0,0,0,0,0,0,1,0,0,682,656,0,1670,1,21,0.0952380952380952,2,Quiet Value Regulars,0.007456488293747995
42033.0,1,1,95,11,1,4,2,0,7,1,1,0,2,7,0,0,0,0,0,0,3,11,0,49,2807,0,0,0,1,0,1,0,0,0,0,18,11,0,1671,2,4,0.25,1,Deal Driven Browsers,0.07052490598982386
86580.0,0,0,72,532,21,127,26,20,20,0,4,2,5,1,0,0,1,0,0,0,3,11,0,37,2646,0,1,0,0,0,0,0,0,0,1,726,706,1,1672,0,11,0.0,0,Premium Loyalists,0.32524494509562857
41437.0,1,1,5,29,0,2,0,0,1,1,1,0,3,7,0,0,0,0,0,0,3,11,0,63,2804,1,0,0,0,0,0,0,0,0,1,31,30,0,1673,2,5,0.2,1,Deal Driven Browsers,0.1936420873394752
73705.0,0,2,86,612,91,520,258,107,107,2,9,6,8,5,0,0,0,0,0,0,3,11,0,69,2275,0,0,0,0,1,0,0,0,1,0,1588,1481,0,1674,2,25,0.08,2,Quiet Value Regulars,0.06312491454766994
61064.0,0,1,80,387,126,342,0,45,180,5,8,4,11,6,0,0,0,0,0,0,3,11,0,44,2826,0,1,0,0,0,0,0,1,0,0,900,720,0,1675,1,28,0.1785714285714285,2,Quiet Value Regulars,0.04670482403263487
38452.0,1,1,62,56,0,14,0,0,2,3,3,0,3,7,0,0,0,0,0,0,3,11,0,65,2250,0,1,0,0,0,0,0,0,1,0,70,68,0,1676,2,9,0.3333333333333333,1,Deal Driven Browsers,0.009431091547962584
18358.0,1,0,49,6,8,19,16,4,4,3,3,0,4,7,0,0,0,0,0,0,3,11,0,31,2380,0,0,1,0,0,0,0,1,0,0,53,49,0,1677,1,10,0.3,1,Deal Driven Browsers,0.04219072257744617
55012.0,0,1,85,582,0,65,0,0,13,6,8,2,9,5,0,0,0,0,0,0,3,11,0,47,2259,0,0,0,1,0,0,0,0,0,1,647,634,0,1678,1,25,0.24,2,Quiet Value Regulars,0.030641880063447802
9722.0,1,0,7,6,17,16,6,16,42,4,3,1,3,8,0,0,0,0,0,0,3,11,1,47,2794,0,0,0,1,0,0,1,0,0,0,61,19,0,1679,1,11,0.3636363636363636,1,Deal Driven Browsers,0.5559985525609584
38175.0,1,0,6,70,6,69,2,3,3,3,3,1,4,7,0,0,0,0,0,0,3,11,0,36,2438,0,1,0,0,0,0,0,0,0,1,150,147,0,1680,1,11,0.2727272727272727,1,Deal Driven Browsers,0.12736456096191398
58656.0,0,1,25,962,12,194,16,24,12,4,7,8,13,6,0,0,1,0,0,0,3,11,0,64,2806,0,0,0,1,0,0,0,0,1,0,1208,1196,1,1681,1,32,0.125,2,Quiet Value Regulars,0.27885402603072873
52117.0,0,1,55,112,10,107,30,0,20,2,5,2,4,7,0,0,0,0,0,0,3,11,0,55,2841,0,0,0,1,0,0,0,1,0,0,259,239,0,1682,1,13,0.1538461538461538,1,Deal Driven Browsers,0.11254322645701254
64813.0,1,0,81,293,0,124,179,97,52,1,7,2,10,5,0,0,0,0,0,0,3,11,0,42,2337,0,1,0,0,0,0,0,1,0,0,693,641,0,1683,1,20,0.05,2,Quiet Value Regulars,0.015592739815815828
54222.0,0,1,98,199,12,31,3,12,7,1,3,3,5,3,0,0,0,0,0,0,3,11,0,47,2279,0,1,0,0,0,0,0,0,0,1,257,250,0,1684,1,12,0.0833333333333333,2,Quiet Value Regulars,0.010400723501304896
83512.0,0,0,31,1060,61,835,80,20,101,1,4,7,10,1,1,0,1,1,1,0,3,11,1,34,2171,0,1,0,0,0,0,0,1,0,0,2056,1955,4,1685,0,22,0.0454545454545454,0,Premium Loyalists,0.5107054306979338
77520.0,0,1,30,940,44,396,0,88,58,1,8,7,7,4,1,0,1,1,0,0,3,11,1,61,2464,0,1,0,0,0,0,0,0,1,0,1468,1410,3,1686,1,23,0.0434782608695652,0,Premium Loyalists,0.6145674783099514
41154.0,0,1,98,44,2,11,2,3,7,1,1,0,4,5,0,0,0,0,0,0,3,11,0,42,2605,0,0,0,1,0,0,0,1,0,0,62,55,0,1687,1,6,0.1666666666666666,1,Deal Driven Browsers,0.021309993709993705
80398.0,0,0,92,342,51,936,207,35,26,1,5,8,12,3,0,0,1,0,0,0,3,11,0,54,2755,0,1,0,0,0,0,0,1,0,0,1571,1545,1,1688,0,26,0.0384615384615384,0,Premium Loyalists,0.24664639391301563
18746.0,1,0,41,2,10,11,12,9,20,2,3,0,3,6,0,0,0,0,0,0,3,11,0,28,2190,0,0,1,0,0,0,1,0,0,0,44,24,0,1689,1,8,0.25,1,Deal Driven Browsers,0.027598859416020135
35196.0,1,0,68,75,12,141,43,39,187,6,6,1,5,8,0,0,0,0,0,0,3,11,0,36,2752,0,0,0,1,0,0,0,1,0,0,310,123,0,1690,1,18,0.3333333333333333,1,Deal Driven Browsers,0.1563076925202054
60230.0,0,1,78,520,20,367,39,81,40,2,6,3,6,5,0,0,0,0,0,0,3,11,0,64,2564,0,0,1,0,0,0,0,1,0,0,1027,987,0,1691,1,17,0.1176470588235294,2,Quiet Value Regulars,0.015723219716022193
22108.0,1,1,46,5,3,9,6,2,6,2,2,0,3,7,0,0,0,0,0,0,3,11,0,43,2211,0,1,0,0,0,0,0,1,0,0,25,19,0,1692,2,7,0.2857142857142857,1,Deal Driven Browsers,0.014480867958562899
44392.0,1,1,71,87,5,71,7,12,29,5,4,1,4,7,0,0,0,0,0,0,3,11,0,46,2456,0,0,0,1,0,0,0,1,0,0,182,153,0,1693,2,14,0.3571428571428571,1,Deal Driven Browsers,0.038244887754704145
55424.0,0,1,6,462,61,184,10,53,107,4,7,5,9,6,1,0,0,0,0,0,3,11,1,44,2740,0,1,0,0,0,0,0,0,0,1,770,663,1,1694,1,25,0.16,2,Quiet Value Regulars,0.5538435687237442
17688.0,1,0,82,2,2,1,3,1,2,1,1,0,2,8,0,0,0,0,0,1,3,11,0,41,2691,0,1,0,0,0,0,0,1,0,0,9,7,0,1695,1,4,0.25,1,Deal Driven Browsers,0.037297022162114654
92491.0,0,0,71,979,44,935,29,25,22,1,7,5,12,3,0,1,1,1,0,0,3,11,1,37,2583,0,1,0,0,0,0,0,0,0,1,2012,1990,3,1696,0,25,0.04,0,Premium Loyalists,0.7626899907050084
90273.0,0,0,32,704,129,853,120,74,111,1,5,6,7,2,0,1,1,1,0,0,3,11,1,29,2356,0,0,1,0,0,0,0,1,0,0,1880,1769,3,1697,0,19,0.0526315789473684,0,Premium Loyalists,0.6074350434177752
82571.0,0,0,28,861,31,558,62,95,79,0,6,5,13,2,0,0,1,0,0,0,3,11,0,58,2247,0,0,0,0,1,0,0,0,0,1,1607,1528,1,1698,0,24,0.0,0,Premium Loyalists,0.17527242955274522
38513.0,1,0,20,172,3,115,16,0,18,5,6,1,5,8,0,0,0,0,0,0,3,11,1,38,2311,0,0,1,0,0,0,0,0,0,1,306,288,0,1699,1,17,0.2941176470588235,1,Deal Driven Browsers,0.34103336395985306
16653.0,1,0,10,5,7,31,15,4,7,3,2,1,3,6,0,0,0,0,0,0,3,11,1,41,2231,0,0,1,0,0,0,0,0,1,0,62,55,0,1700,1,9,0.3333333333333333,1,Deal Driven Browsers,0.3358430376589833
42586.0,1,1,7,194,2,56,0,0,0,5,4,1,6,8,0,0,0,0,0,0,3,11,1,65,2767,0,0,0,1,0,0,0,1,0,0,252,252,0,1701,2,16,0.3125,1,Deal Driven Browsers,0.5444666406307691
23529.0,0,1,67,9,7,13,3,2,20,1,1,1,2,6,0,0,0,0,0,0,3,11,0,55,2697,0,0,1,0,0,0,1,0,0,0,34,14,0,1702,1,5,0.2,1,Deal Driven Browsers,0.04847108436393142
74881.0,1,1,48,505,72,270,36,27,54,4,9,2,12,5,0,0,0,0,0,0,3,11,0,59,2637,0,0,0,1,0,0,0,0,1,0,910,856,0,1703,2,27,0.1481481481481481,2,Quiet Value Regulars,0.013422067432051947
71107.0,0,1,61,533,10,217,198,174,195,2,7,6,13,4,0,0,0,0,0,0,3,11,0,69,2656,0,1,0,0,0,0,0,1,0,0,1132,937,0,1704,1,28,0.0714285714285714,2,Quiet Value Regulars,0.0329863416457756
46910.0,1,1,36,48,0,14,0,0,6,2,2,0,3,6,0,0,0,0,0,0,3,11,0,56,2257,0,0,0,1,0,0,0,0,0,1,62,56,0,1705,2,7,0.2857142857142857,1,Deal Driven Browsers,0.015693110561609016
18690.0,0,0,77,6,1,7,23,4,19,1,1,1,2,8,0,0,0,0,0,0,3,11,0,61,2707,0,1,0,0,0,0,0,1,0,0,41,22,0,1706,0,5,0.2,1,Deal Driven Browsers,0.023333993987197637
37244.0,1,1,90,18,2,10,0,0,25,1,1,1,2,7,1,0,0,0,0,0,3,11,0,65,2587,1,0,0,0,0,0,0,1,0,0,30,5,1,1707,2,5,0.2,1,Deal Driven Browsers,0.08814095706346967
82427.0,0,0,35,482,147,509,104,107,107,1,3,5,12,1,0,0,1,0,0,0,3,11,0,54,2268,0,0,0,1,0,0,0,1,0,0,1349,1242,1,1708,0,21,0.0476190476190476,0,Premium Loyalists,0.10710545214052923
75342.0,0,1,38,204,97,97,21,118,26,1,5,2,10,4,0,0,0,0,0,0,3,11,0,62,2578,0,0,1,0,0,1,0,0,0,0,537,511,0,1709,1,18,0.0555555555555555,2,Quiet Value Regulars,0.051116843294099684
70044.0,0,1,46,1073,0,250,153,14,14,4,7,10,5,5,0,0,0,0,0,0,3,11,0,66,2655,1,0,0,0,0,0,0,1,0,0,1490,1476,0,1710,1,26,0.1538461538461538,2,Quiet Value Regulars,0.06896858006956509
79146.0,1,1,33,245,16,223,21,43,16,2,8,1,8,6,0,0,0,0,0,0,3,11,0,53,2225,0,0,1,0,0,0,0,1,0,0,548,532,0,1711,2,19,0.1052631578947368,2,Quiet Value Regulars,0.05367532493051565
77437.0,0,0,70,560,21,442,29,44,29,1,4,5,13,1,0,0,1,0,0,0,3,11,0,57,2374,0,1,0,0,0,0,0,1,0,0,1096,1067,1,1712,0,23,0.0434782608695652,0,Premium Loyalists,0.049195484171597935
54984.0,0,1,51,173,13,131,32,3,6,4,6,1,6,7,0,0,0,1,0,0,3,11,0,61,2195,0,1,0,0,0,0,0,1,0,0,352,346,1,1713,1,17,0.2352941176470588,1,Deal Driven Browsers,0.09955777440887581
42403.0,1,0,18,22,1,11,0,5,3,1,1,0,3,8,0,0,0,0,0,0,3,11,0,49,2359,0,1,0,0,0,0,0,0,0,1,39,36,0,1714,1,5,0.2,1,Deal Driven Browsers,0.07022856171736912
55761.0,0,1,97,136,1,12,0,3,32,2,4,1,3,6,0,1,0,0,0,0,3,11,0,56,2225,0,0,0,1,0,0,0,1,0,0,152,120,1,1715,1,10,0.2,1,Deal Driven Browsers,0.04513790914967383
37292.0,1,0,32,275,0,86,10,23,66,5,6,3,5,8,0,0,0,0,0,0,3,11,0,37,2596,0,0,0,1,0,0,0,1,0,0,394,328,0,1716,1,19,0.2631578947368421,1,Deal Driven Browsers,0.05869597502196982
45576.0,0,0,9,56,19,29,2,14,25,1,3,1,3,8,0,0,0,0,0,0,3,11,1,75,2191,0,0,1,0,0,0,0,0,0,1,120,95,0,1717,0,8,0.125,1,Deal Driven Browsers,0.34044432835901817
70321.0,0,0,6,303,23,751,82,26,191,1,6,5,13,4,0,0,0,0,0,0,3,11,1,73,2688,0,0,0,1,0,0,0,1,0,0,1185,994,0,1718,0,25,0.04,2,Quiet Value Regulars,0.3605732808408842
58086.0,0,1,80,708,7,62,0,0,15,2,11,3,7,8,0,0,0,0,0,0,3,11,0,51,2684,1,0,0,0,0,0,0,0,0,1,777,762,0,1719,1,23,0.0869565217391304,2,Quiet Value Regulars,0.0820199844317867
81795.0,0,0,74,324,132,693,27,118,88,1,4,11,7,2,0,0,0,0,0,0,3,11,0,68,2770,0,1,0,0,0,0,0,1,0,0,1294,1206,0,1720,0,23,0.0434782608695652,2,Quiet Value Regulars,0.08109084387936932
28389.0,0,0,49,1,5,3,7,4,8,1,1,0,2,7,0,0,0,0,0,0,3,11,0,73,2745,0,0,0,1,0,0,1,0,0,0,20,12,0,1721,0,4,0.25,1,Deal Driven Browsers,0.04969207132437715
66835.0,0,0,21,620,26,195,34,17,141,1,6,4,13,2,0,0,0,0,0,0,3,11,0,74,2433,0,1,0,0,0,0,0,0,1,0,892,751,0,1722,0,24,0.0416666666666666,2,Quiet Value Regulars,0.05799498344279142
69901.0,0,1,95,312,21,206,102,92,149,3,7,3,10,5,0,0,0,0,0,0,3,11,0,51,2555,1,0,0,0,0,0,0,1,0,0,733,584,0,1723,1,23,0.1304347826086956,2,Quiet Value Regulars,0.014376728287672202
80360.0,0,0,56,1493,86,454,112,43,43,2,4,4,5,2,0,1,1,1,0,0,3,11,0,71,2642,0,1,0,0,0,0,0,0,0,1,2188,2145,3,1724,0,15,0.1333333333333333,0,Premium Loyalists,0.5451787272590178
63342.0,0,1,48,918,21,118,13,10,21,3,8,3,5,6,0,1,0,0,0,0,3,11,1,59,2780,0,0,0,1,0,0,0,0,0,1,1080,1059,1,1725,1,19,0.1578947368421052,2,Quiet Value Regulars,0.44176173523995677
44989.0,0,1,26,98,0,106,49,10,106,5,5,1,5,6,0,0,0,0,0,0,3,11,0,46,2814,0,1,0,0,0,0,0,1,0,0,263,157,0,1726,1,16,0.3125,1,Deal Driven Browsers,0.13596736083278996
31859.0,1,0,3,3,4,7,15,8,11,1,1,0,3,7,0,0,0,0,0,0,3,11,0,40,2281,0,0,1,0,0,1,0,0,0,0,37,26,0,1727,1,5,0.2,1,Deal Driven Browsers,0.07931733107377768
51569.0,0,1,39,380,0,47,6,0,34,4,7,1,7,8,0,1,0,0,0,0,3,11,1,71,2661,0,0,0,0,1,0,0,0,0,1,433,399,1,1728,1,19,0.2105263157894736,1,Deal Driven Browsers,0.21638103348551152
30372.0,1,1,33,15,0,12,7,3,7,3,2,0,3,7,0,0,0,0,0,0,3,11,0,49,2710,0,0,0,0,1,0,0,1,0,0,37,30,0,1729,2,8,0.375,1,Deal Driven Browsers,0.08185217150733
16014.0,1,1,42,3,9,4,7,8,7,4,1,1,4,3,0,0,0,0,0,0,3,11,0,41,2628,0,0,1,0,0,0,1,0,0,0,31,24,0,1730,2,10,0.4,1,Deal Driven Browsers,0.052374315500231416
41120.0,1,1,80,24,2,23,0,8,24,3,2,1,3,6,0,0,0,0,0,0,3,11,0,52,2394,0,1,0,0,0,0,0,1,0,0,57,33,0,1731,2,9,0.3333333333333333,1,Deal Driven Browsers,0.0054549046886563386
39763.0,1,0,9,80,1,60,4,6,16,2,5,1,2,9,0,0,0,0,0,0,3,11,1,49,2488,0,0,1,0,0,0,0,0,1,0,151,135,0,1732,1,10,0.2,1,Deal Driven Browsers,0.40013661228418634
38725.0,1,1,52,31,0,6,2,1,5,2,1,0,4,4,0,0,0,0,0,0,3,11,0,65,2209,0,1,0,0,0,0,0,0,0,1,40,35,0,1733,2,7,0.2857142857142857,1,Deal Driven Browsers,0.009804621577253154
77981.0,1,0,78,138,120,204,16,126,60,3,7,4,7,5,0,0,0,0,0,0,3,11,0,48,2558,0,1,0,0,0,0,0,1,0,0,604,544,0,1734,1,21,0.1428571428571428,2,Quiet Value Regulars,0.015718620478054442
62905.0,0,1,68,166,75,96,119,107,59,3,7,2,8,4,0,0,0,0,0,0,3,11,0,56,2451,0,1,0,0,0,1,0,0,0,0,563,504,0,1735,1,20,0.15,2,Quiet Value Regulars,0.003186048794418927
13533.0,1,0,45,12,3,8,8,0,17,2,2,0,3,7,0,0,0,0,0,0,3,11,0,41,2635,1,0,0,0,0,1,0,0,0,0,31,14,0,1736,1,7,0.2857142857142857,1,Deal Driven Browsers,0.04374854038552426
59481.0,0,1,47,178,3,85,71,66,58,2,3,3,8,2,0,0,0,0,0,0,3,11,0,45,2408,0,0,0,1,0,0,0,1,0,0,403,345,0,1737,1,16,0.125,2,Quiet Value Regulars,0.00472518678312112
72117.0,0,1,34,707,20,171,65,60,50,1,9,7,9,5,0,0,0,0,0,0,3,11,0,43,2472,0,1,0,0,0,0,0,1,0,0,1023,973,0,1738,1,26,0.0384615384615384,2,Quiet Value Regulars,0.04171972509239434
21955.0,1,0,81,5,1,7,17,14,11,2,2,1,3,6,0,0,0,0,0,0,3,11,0,34,2454,0,1,0,0,0,1,0,0,0,0,44,33,0,1739,1,8,0.25,1,Deal Driven Browsers,0.012199290298430141
67131.0,0,1,72,465,71,250,93,35,62,3,9,2,12,6,0,0,0,0,0,0,3,11,0,64,2619,0,1,0,0,0,0,0,1,0,0,914,852,0,1740,1,26,0.1153846153846153,2,Quiet Value Regulars,0.012260286358535186
36802.0,1,0,23,16,1,2,0,0,1,1,1,0,3,5,0,0,0,0,0,0,3,11,0,40,2172,0,0,1,0,0,0,0,0,0,1,19,18,0,1741,1,5,0.2,1,Deal Driven Browsers,0.05991629397433394
71853.0,0,0,29,358,108,413,141,97,32,1,2,8,6,1,0,0,0,0,0,0,3,11,0,38,2576,0,0,0,1,0,0,0,1,0,0,1117,1085,0,1742,0,17,0.0588235294117647,2,Quiet Value Regulars,0.05151855744183468
28249.0,0,0,80,1,9,7,2,14,10,1,2,0,3,6,0,0,0,0,0,0,3,11,0,59,2173,0,1,0,0,0,0,1,0,0,0,33,23,0,1743,0,6,0.1666666666666666,1,Deal Driven Browsers,0.006494563423997384
47808.0,0,1,30,123,1,26,2,0,72,2,3,2,3,7,1,0,0,0,0,0,3,11,0,45,2411,0,1,0,0,0,0,0,0,1,0,152,80,1,1744,1,10,0.2,1,Deal Driven Browsers,0.18873078618334788
25509.0,1,0,15,40,3,30,10,7,11,3,3,0,3,9,0,0,0,0,0,0,3,11,1,46,2808,1,0,0,0,0,0,0,0,0,1,90,79,0,1745,1,9,0.3333333333333333,1,Deal Driven Browsers,0.688050772965482
51012.0,0,0,86,102,9,63,2,9,24,1,4,1,4,6,0,0,0,0,0,0,3,11,0,74,2596,0,1,0,0,0,0,0,0,0,1,185,161,0,1746,0,10,0.1,1,Deal Driven Browsers,0.043750825563447907
70596.0,0,0,68,347,44,534,17,0,26,1,3,5,12,2,0,0,0,0,0,0,3,11,0,35,2791,0,0,1,0,0,0,0,1,0,0,942,916,0,1747,0,21,0.0476190476190476,2,Quiet Value Regulars,0.07452323484272613
85431.0,0,0,54,376,53,462,168,53,53,1,2,7,7,0,0,0,0,0,0,0,3,11,0,68,2545,0,0,0,1,0,0,0,0,0,1,1112,1059,0,1748,0,17,0.0588235294117647,2,Quiet Value Regulars,0.1584326145589366
42664.0,0,1,44,21,0,3,0,0,0,1,1,0,3,6,0,0,0,0,0,0,3,11,0,53,2262,0,1,0,0,0,0,0,1,0,0,24,24,0,1749,1,5,0.2,1,Deal Driven Browsers,0.008552497312286246
42586.0,1,1,7,194,2,56,0,0,0,5,4,1,6,8,0,0,0,0,0,0,3,11,1,65,2767,0,0,0,1,0,0,0,1,0,0,252,252,0,1750,2,16,0.3125,1,Deal Driven Browsers,0.5444666406307691
29760.0,1,0,87,64,4,68,7,5,17,4,3,1,4,8,0,0,0,0,0,0,3,11,0,35,2828,0,0,1,0,0,0,0,1,0,0,148,131,0,1751,1,12,0.3333333333333333,1,Deal Driven Browsers,0.1470879663893929
28973.0,0,0,59,206,0,46,3,2,12,2,5,1,5,8,0,0,0,0,0,0,3,11,0,43,2783,0,1,0,0,0,0,0,0,0,1,257,245,0,1752,0,13,0.1538461538461538,1,Deal Driven Browsers,0.19745638967660276
39435.0,1,0,16,71,0,18,0,0,13,1,3,1,2,7,0,0,0,0,0,0,3,11,0,47,2486,0,0,0,1,0,0,0,0,0,1,89,76,0,1753,1,7,0.1428571428571428,1,Deal Driven Browsers,0.04978525591001871
65370.0,0,0,1,71,22,112,138,89,29,1,2,3,13,1,0,0,0,0,0,0,3,11,0,36,2491,0,1,0,0,0,1,0,0,0,0,432,403,0,1754,0,19,0.0526315789473684,2,Quiet Value Regulars,0.11615470577812763
20194.0,1,0,64,0,4,7,11,10,15,2,2,0,3,6,0,0,0,0,0,0,3,11,0,41,2718,0,0,1,0,0,0,1,0,0,0,32,17,0,1755,1,7,0.2857142857142857,1,Deal Driven Browsers,0.06373795319150291
42473.0,1,1,72,93,1,21,0,4,25,3,2,1,4,5,0,0,0,0,0,0,3,11,0,44,2291,0,0,1,0,0,0,0,0,0,1,119,94,0,1756,2,10,0.3,1,Deal Driven Browsers,0.03480081304996534
64590.0,0,0,98,920,138,168,36,46,30,1,9,4,10,6,0,0,0,0,0,0,3,11,0,52,2782,0,1,0,0,0,0,0,1,0,0,1308,1278,0,1757,0,24,0.0416666666666666,2,Quiet Value Regulars,0.11010314570834183
71232.0,0,1,91,653,17,170,34,26,17,2,11,2,10,7,0,0,0,0,0,0,3,11,0,61,2372,0,0,0,1,0,0,0,1,0,0,900,883,0,1758,1,25,0.08,2,Quiet Value Regulars,0.0054935952935952935
34600.0,1,1,8,199,33,60,8,3,15,5,5,2,5,8,0,0,0,0,0,0,3,11,1,49,2703,0,0,0,1,0,0,0,1,0,0,303,288,0,1759,2,17,0.2941176470588235,1,Deal Driven Browsers,0.496996138620095
46904.0,1,1,20,153,4,56,0,9,31,4,5,1,4,8,0,0,0,0,0,0,3,11,0,53,2762,0,0,1,0,0,0,0,1,0,0,222,191,0,1760,2,14,0.2857142857142857,1,Deal Driven Browsers,0.19776743528419177
49094.0,0,1,6,376,0,38,11,8,69,5,6,3,6,6,0,0,0,0,0,0,3,11,0,47,2805,0,1,0,0,0,0,0,1,0,0,433,364,0,1761,1,20,0.25,1,Deal Driven Browsers,0.1870540870822339
36075.0,1,0,54,46,0,30,12,1,30,1,2,0,4,6,0,0,0,0,0,0,3,11,0,37,2361,0,0,0,1,0,0,0,1,0,0,89,59,0,1762,1,7,0.1428571428571428,1,Deal Driven Browsers,0.02235983591571826
60839.0,1,1,72,600,21,128,223,150,128,13,2,2,12,8,0,0,0,0,0,0,3,11,0,41,2829,0,0,0,1,0,1,0,0,0,0,1122,994,0,1763,2,29,0.4482758620689655,1,Deal Driven Browsers,0.1409375530661094
77298.0,0,1,46,425,115,292,23,35,79,1,6,6,11,3,0,0,0,0,0,0,3,11,0,41,2398,0,0,0,1,0,0,0,1,0,0,890,811,0,1764,1,24,0.0416666666666666,2,Quiet Value Regulars,0.0043766816516816525
34026.0,1,1,11,18,6,15,12,8,17,3,2,1,3,5,0,0,0,0,0,0,3,11,0,70,2487,0,0,0,1,0,0,0,1,0,0,59,42,0,1765,2,9,0.3333333333333333,1,Deal Driven Browsers,0.10782449805923724
48918.0,1,1,21,52,0,9,0,0,1,2,1,0,4,4,0,0,0,0,0,0,3,11,0,57,2237,0,0,1,0,0,0,0,0,0,1,61,60,0,1766,2,7,0.2857142857142857,1,Deal Driven Browsers,0.04057281939497612
82122.0,0,0,89,734,22,350,151,25,100,1,3,9,13,1,0,0,1,0,0,0,3,11,0,58,2477,0,0,0,1,0,1,0,0,0,0,1282,1182,1,1767,0,26,0.0384615384615384,0,Premium Loyalists,0.12436436083585728
37697.0,1,0,82,34,6,21,11,4,8,1,2,1,3,6,0,0,0,0,0,0,3,11,0,44,2301,0,0,1,0,0,0,0,1,0,0,76,68,0,1768,1,7,0.1428571428571428,1,Deal Driven Browsers,0.02413298113128202
34074.0,1,1,69,135,1,41,10,1,67,5,3,3,3,6,1,0,0,0,0,0,3,11,0,68,2510,0,0,0,1,0,0,0,1,0,0,188,121,1,1769,2,14,0.3571428571428571,1,Deal Driven Browsers,0.116391093769254
28520.0,1,1,55,11,0,10,0,2,20,1,1,1,2,6,0,0,0,0,0,0,3,11,0,60,2539,0,1,0,0,0,0,0,0,1,0,23,3,0,1770,2,5,0.2,1,Deal Driven Browsers,0.007704748467711842
62535.0,0,1,13,163,48,90,0,45,52,1,3,2,8,3,0,0,0,0,0,0,3,11,0,65,2428,0,0,1,0,0,0,0,1,0,0,346,294,0,1771,1,14,0.0714285714285714,2,Quiet Value Regulars,0.03261381865169585
36273.0,1,0,80,29,3,30,3,2,9,2,3,0,3,6,0,0,0,0,0,0,3,11,0,43,2233,0,0,1,0,0,0,0,0,1,0,67,58,0,1772,1,8,0.25,1,Deal Driven Browsers,0.01558421804677725
63404.0,0,2,97,734,26,70,11,44,17,2,6,3,4,4,0,0,0,1,0,0,3,11,0,56,2182,0,0,0,1,0,0,0,1,0,0,885,868,1,1773,2,15,0.1333333333333333,2,Quiet Value Regulars,0.02149406680748452
75774.0,1,0,27,340,21,134,258,14,56,1,7,5,8,4,0,0,0,0,0,0,3,11,0,39,2217,0,0,0,1,0,1,0,0,0,0,767,711,0,1774,1,21,0.0476190476190476,2,Quiet Value Regulars,0.01893661338661338
78416.0,0,1,99,453,38,279,188,38,183,2,7,7,10,3,0,0,0,0,0,0,3,11,0,44,2161,0,0,0,1,0,0,0,1,0,0,996,813,0,1775,1,26,0.0769230769230769,2,Quiet Value Regulars,0.02002366489719431
75702.0,0,1,87,1073,0,629,145,37,37,1,10,5,13,6,0,0,1,0,0,0,3,11,0,46,2782,0,0,0,1,0,0,0,1,0,0,1884,1847,1,1776,1,29,0.0344827586206896,0,Premium Loyalists,0.27639674895940924
59385.0,1,1,85,135,0,10,0,4,36,2,3,1,4,5,0,0,0,0,0,0,3,11,0,69,2586,0,0,0,1,0,0,0,0,1,0,149,113,0,1777,2,10,0.2,1,Deal Driven Browsers,0.016765786990786992
37070.0,1,1,30,231,7,137,4,15,39,9,5,1,8,7,0,0,0,0,0,0,3,11,1,54,2625,0,0,1,0,0,0,0,1,0,0,394,355,0,1778,2,23,0.391304347826087,1,Deal Driven Browsers,0.2956657111593822
44689.0,1,1,82,18,0,5,0,0,11,2,1,1,2,7,1,0,0,0,0,0,3,11,0,69,2329,0,1,0,0,0,0,0,1,0,0,23,12,1,1779,2,6,0.3333333333333333,1,Deal Driven Browsers,0.09578149171176202
53977.0,0,1,21,620,16,165,0,24,82,5,5,5,12,5,0,0,0,0,0,0,3,11,0,62,2545,0,0,0,1,0,0,0,1,0,0,825,743,0,1780,1,27,0.1851851851851851,2,Quiet Value Regulars,0.012791131247420356
7144.0,0,2,92,81,4,33,5,2,291,0,23,1,1,0,0,0,0,0,0,0,3,11,0,54,2363,0,0,1,0,0,0,0,0,0,1,125,-166,0,1781,2,25,0.0,2,Quiet Value Regulars,0.0722405171769039
18701.0,1,1,95,12,4,2,10,6,10,4,2,0,4,5,0,0,0,0,0,0,3,11,0,56,2549,0,0,1,0,0,0,0,1,0,0,34,24,0,1782,2,10,0.4,1,Deal Driven Browsers,0.026578755711568137
90369.0,0,0,2,292,51,981,224,23,17,1,4,6,6,1,0,0,0,0,0,0,3,11,1,64,2221,0,1,0,0,0,0,0,1,0,0,1571,1554,0,1783,0,17,0.0588235294117647,2,Quiet Value Regulars,0.4372439840445627
63159.0,0,0,74,965,34,586,89,86,37,1,3,5,8,3,1,0,0,0,0,0,3,11,0,46,2760,0,0,1,0,0,0,0,0,0,1,1760,1723,1,1784,0,17,0.0588235294117647,0,Premium Loyalists,0.5299960098670232
37758.0,1,1,49,27,2,10,0,0,1,2,1,0,3,8,0,0,0,0,0,0,3,11,0,54,2792,0,0,0,1,0,0,0,1,0,0,39,38,0,1785,2,6,0.3333333333333333,1,Deal Driven Browsers,0.10755222913122149
46757.0,0,1,71,777,30,163,0,51,122,6,4,4,7,9,0,0,0,0,0,0,3,11,0,57,2749,0,0,1,0,0,0,0,0,0,1,1021,899,0,1786,1,21,0.2857142857142857,1,Deal Driven Browsers,0.29128499520741735
79734.0,0,0,72,572,8,232,23,62,17,1,4,3,6,1,0,0,0,1,0,0,3,11,0,51,2160,0,1,0,0,0,0,0,0,1,0,897,880,1,1787,0,14,0.0714285714285714,0,Premium Loyalists,0.12788991688914642
63207.0,0,0,68,438,169,565,91,169,70,1,2,3,6,7,0,0,0,1,0,0,3,11,0,28,2684,0,0,0,1,0,0,0,1,0,0,1432,1362,1,1788,0,12,0.0833333333333333,0,Premium Loyalists,0.2801317967155169
72071.0,0,1,4,531,69,300,150,138,150,3,5,4,8,2,0,0,0,0,0,0,3,11,0,66,2659,1,0,0,0,0,0,0,1,0,0,1188,1038,0,1789,1,20,0.15,2,Quiet Value Regulars,0.123689497183231
21840.0,1,0,80,17,0,9,0,0,1,1,1,0,3,9,0,0,0,0,0,0,3,11,0,37,2502,0,0,0,1,0,0,0,0,0,1,26,25,0,1790,1,5,0.2,1,Deal Driven Browsers,0.035209420561779045
58582.0,0,1,15,402,35,106,101,77,42,2,9,2,9,5,0,1,0,0,0,0,3,11,0,38,2433,0,0,0,1,0,1,0,0,0,0,721,679,1,1791,1,22,0.0909090909090909,2,Quiet Value Regulars,0.19032728244124097
72282.0,0,0,70,503,27,419,90,139,153,1,5,7,9,7,0,0,0,0,0,0,3,11,1,69,2504,0,0,1,0,0,0,0,1,0,0,1178,1025,0,1792,0,22,0.0454545454545454,2,Quiet Value Regulars,0.09332650468918947
50387.0,0,2,91,369,9,87,12,14,34,3,6,2,8,5,0,0,0,0,0,0,3,11,0,64,2461,0,1,0,0,0,0,0,1,0,0,491,457,0,1793,2,19,0.1578947368421052,1,Deal Driven Browsers,0.010374199865986766
32583.0,1,1,10,5,0,3,0,0,1,1,1,0,2,7,0,0,0,0,0,0,3,11,0,59,2173,0,0,0,1,0,0,0,0,0,1,8,7,0,1794,2,4,0.25,1,Deal Driven Browsers,0.050083372246615604
62568.0,0,1,99,362,17,398,80,35,61,3,5,3,5,4,0,0,0,1,0,0,3,11,0,58,2242,0,0,0,1,0,0,0,1,0,0,892,831,1,1795,1,16,0.1875,2,Quiet Value Regulars,0.022161621638274637
44635.0,1,1,25,56,0,9,0,0,3,2,2,0,3,7,0,0,0,0,0,0,3,11,0,49,2420,1,0,0,0,0,0,0,0,1,0,65,62,0,1796,2,7,0.2857142857142857,1,Deal Driven Browsers,0.03556203419043975
33316.0,1,1,34,79,1,31,4,4,12,3,2,1,4,6,0,0,0,0,0,0,3,11,0,49,2427,0,0,1,0,0,0,0,0,1,0,119,107,0,1797,2,10,0.3,1,Deal Driven Browsers,0.05243515028447418
63967.0,0,1,57,387,84,141,73,35,162,3,4,4,12,2,0,0,0,0,0,0,3,11,0,52,2483,0,1,0,0,0,0,0,1,0,0,720,558,0,1798,1,23,0.1304347826086956,2,Quiet Value Regulars,0.0011576370170709796
52513.0,0,0,84,367,17,241,104,188,232,2,9,5,9,7,0,0,0,0,0,0,3,11,0,42,2822,0,0,0,1,0,1,0,0,0,0,917,685,0,1799,0,25,0.08,2,Quiet Value Regulars,0.08663026562790692
25293.0,1,0,51,15,0,11,0,2,9,1,1,1,2,8,0,0,0,0,0,0,3,11,0,51,2446,0,1,0,0,0,0,0,1,0,0,28,19,0,1800,1,5,0.2,1,Deal Driven Browsers,0.029293466125546536
54111.0,0,1,97,267,6,54,8,3,50,2,5,2,6,5,0,0,0,0,0,0,3,11,0,55,2467,0,0,0,0,1,0,0,0,0,1,338,288,0,1801,1,15,0.1333333333333333,2,Quiet Value Regulars,0.02467898734272663
78394.0,0,0,13,298,27,697,216,24,166,1,4,6,5,2,0,0,0,0,0,0,3,11,1,34,2658,0,0,0,1,0,0,0,1,0,0,1262,1096,0,1802,0,16,0.0625,2,Quiet Value Regulars,0.32606269683998335
80739.0,0,0,92,674,92,736,39,0,92,1,3,11,9,1,0,0,0,0,0,0,3,11,0,62,2561,0,1,0,0,0,0,0,0,1,0,1541,1449,0,1803,0,24,0.0416666666666666,2,Quiet Value Regulars,0.06644922361092641
22669.0,1,0,30,16,14,36,37,22,48,3,4,1,2,9,0,0,0,0,0,0,3,11,1,45,2562,0,0,0,1,0,0,0,0,1,0,125,77,0,1804,1,10,0.3,1,Deal Driven Browsers,0.18410821899956584
29236.0,1,0,30,37,4,24,16,9,9,2,4,0,3,9,0,0,0,0,0,0,3,11,0,33,2423,0,0,1,0,0,0,0,1,0,0,90,81,0,1805,1,9,0.2222222222222222,1,Deal Driven Browsers,0.14244296237839366
44911.0,0,1,11,159,0,22,2,1,31,3,4,1,4,7,0,0,0,0,0,0,3,11,0,61,2630,0,0,0,1,0,0,0,1,0,0,184,153,0,1806,1,12,0.25,1,Deal Driven Browsers,0.0650425600323383
54693.0,0,1,72,686,17,142,23,26,35,8,6,4,13,6,0,0,0,0,0,0,3,11,0,58,2656,0,1,0,0,0,0,0,0,0,1,894,859,0,1807,1,31,0.2580645161290322,2,Quiet Value Regulars,0.06343660583948948
48186.0,1,0,39,97,3,66,12,7,34,3,4,1,4,7,0,0,0,0,0,0,3,11,0,46,2260,0,0,0,1,0,0,0,1,0,0,185,151,0,1808,1,12,0.25,1,Deal Driven Browsers,0.0048859153917977455
54809.0,1,1,0,63,6,57,13,13,22,4,2,1,5,4,0,0,0,0,0,0,3,11,1,43,2450,0,1,0,0,0,0,0,1,0,0,152,130,0,1809,2,12,0.3333333333333333,1,Deal Driven Browsers,0.3006930662557797
41580.0,1,1,15,56,5,24,4,0,3,3,2,1,3,5,0,0,0,0,0,0,3,11,0,42,2725,0,0,0,1,0,0,0,1,0,0,89,86,0,1810,2,9,0.3333333333333333,1,Deal Driven Browsers,0.17617596829746446
80336.0,0,0,12,209,19,456,160,142,66,1,2,9,13,1,0,0,0,0,0,0,3,11,0,50,2452,0,1,0,0,0,0,0,0,0,1,986,920,0,1811,0,25,0.04,2,Quiet Value Regulars,0.10944841522689903
47743.0,0,1,56,198,2,43,0,12,20,3,4,1,6,6,0,1,0,0,0,0,3,11,0,63,2623,0,1,0,0,0,0,0,1,0,0,255,235,1,1812,1,14,0.2142857142857142,1,Deal Driven Browsers,0.07729266525012654
62972.0,0,1,39,313,15,47,20,0,192,2,7,4,3,6,0,0,0,0,0,0,3,11,0,65,2854,0,1,0,0,0,1,0,0,0,0,395,203,0,1813,1,16,0.125,2,Quiet Value Regulars,0.13041215489451619
57333.0,0,1,55,941,14,397,76,58,176,11,8,5,9,6,0,0,0,0,0,0,3,11,1,66,2804,1,0,0,0,0,0,0,0,0,1,1486,1310,0,1814,1,33,0.3333333333333333,2,Quiet Value Regulars,0.39440594543060126
32313.0,1,0,60,86,4,56,2,4,7,3,4,0,4,9,0,0,0,0,0,0,3,11,0,38,2662,0,0,0,1,0,0,0,0,0,1,152,145,0,1815,1,11,0.2727272727272727,1,Deal Driven Browsers,0.061442099226938884
84953.0,0,0,73,167,48,602,63,72,72,1,3,10,4,2,0,1,1,1,0,0,3,11,1,67,2550,0,0,0,0,1,0,0,0,1,0,952,880,3,1816,0,18,0.0555555555555555,0,Premium Loyalists,0.6056748316375958
27071.0,1,0,90,8,3,19,0,2,3,2,2,0,3,6,0,0,0,0,0,0,3,11,0,52,2226,1,0,0,0,0,0,0,0,1,0,32,29,0,1817,1,7,0.2857142857142857,1,Deal Driven Browsers,0.015473924709449197
68148.0,0,0,86,389,66,408,37,57,85,1,4,4,6,2,0,0,0,0,0,0,3,11,0,63,2461,0,0,0,1,0,0,0,0,1,0,957,872,0,1818,0,15,0.0666666666666666,2,Quiet Value Regulars,0.005991169126675494
65735.0,1,1,37,239,7,119,4,15,11,5,6,2,6,7,0,0,0,0,0,0,3,11,0,55,2363,0,0,0,1,0,0,0,0,1,0,384,373,0,1819,2,19,0.2631578947368421,1,Deal Driven Browsers,0.017643648651543383
86836.0,0,0,7,179,21,273,0,21,63,1,6,10,6,5,1,0,1,1,0,0,3,11,1,45,2814,0,1,0,0,0,0,0,0,0,1,494,431,3,1820,0,23,0.0434782608695652,0,Premium Loyalists,0.8173063616093545
4023.0,1,1,29,5,0,1,1,1,1,15,0,0,0,19,0,0,0,0,0,0,3,11,0,57,2165,0,1,0,0,0,0,0,0,0,1,8,7,0,1821,2,15,1.0,1,Deal Driven Browsers,0.13377735298854546
30093.0,0,0,19,2,6,28,13,4,16,1,2,0,3,7,0,0,0,0,0,0,3,11,0,30,2515,0,1,0,0,0,0,0,1,0,0,53,37,0,1822,0,6,0.1666666666666666,1,Deal Driven Browsers,0.036706459250868725
57705.0,0,1,14,383,0,53,6,4,40,3,8,1,6,6,0,0,0,0,0,0,3,11,0,54,2328,0,1,0,0,0,0,0,0,0,1,446,406,0,1823,1,18,0.1666666666666666,2,Quiet Value Regulars,0.040509289393858144
25008.0,1,0,72,2,8,8,6,1,9,2,1,0,3,8,0,0,0,0,0,0,3,11,0,32,2306,0,0,1,0,0,0,0,1,0,0,25,16,0,1824,1,6,0.3333333333333333,1,Deal Driven Browsers,0.03162881655039753
83257.0,0,0,56,536,27,590,38,107,67,1,5,10,12,6,1,0,1,0,0,1,3,11,1,25,2808,0,0,1,0,0,1,0,0,0,0,1298,1231,2,1825,0,28,0.0357142857142857,0,Premium Loyalists,0.7827363427819527
22280.0,1,0,85,2,1,4,3,1,2,1,1,0,2,8,0,0,0,0,0,0,3,11,0,45,2565,0,0,0,1,0,0,0,1,0,0,11,9,0,1826,1,4,0.25,1,Deal Driven Browsers,0.036998567730361163
72159.0,0,0,62,322,53,899,34,40,53,1,4,6,10,2,0,0,0,0,0,0,3,11,0,42,2767,0,1,0,0,0,0,0,0,0,1,1348,1295,0,1827,0,21,0.0476190476190476,2,Quiet Value Regulars,0.1976448500658755
64260.0,0,0,1,539,169,816,20,0,30,1,4,5,4,3,0,0,0,0,0,0,3,11,1,59,2693,0,0,0,1,0,0,0,1,0,0,1544,1514,0,1828,0,14,0.0714285714285714,2,Quiet Value Regulars,0.42455243705861584
82733.0,0,0,28,712,50,420,65,38,38,1,8,4,7,4,0,0,0,0,0,0,3,11,1,36,2451,0,0,1,0,0,0,0,0,0,1,1285,1247,0,1829,0,20,0.05,2,Quiet Value Regulars,0.40277277303234194
74290.0,0,1,70,1121,0,72,0,12,12,4,10,8,10,6,0,1,0,1,0,0,3,11,0,49,2480,1,0,0,0,0,0,0,0,1,0,1205,1193,2,1830,1,32,0.125,0,Premium Loyalists,0.44518914470829285
58217.0,2,1,84,68,1,13,3,5,13,1,2,0,4,6,0,0,0,0,0,0,3,11,0,69,2748,0,0,1,0,0,0,0,0,1,0,90,77,0,1831,3,7,0.1428571428571428,1,Deal Driven Browsers,0.1569500095327126
21024.0,0,0,89,36,4,18,6,2,18,1,2,0,4,7,0,0,0,0,0,0,3,11,0,44,2519,0,0,0,1,0,0,0,0,1,0,66,48,0,1832,0,7,0.1428571428571428,1,Deal Driven Browsers,0.03767647283972857
70116.0,0,0,73,707,44,603,95,58,29,1,2,8,12,1,0,0,0,0,0,0,3,11,0,48,2678,0,1,0,0,0,0,0,0,0,1,1507,1478,0,1833,0,23,0.0434782608695652,2,Quiet Value Regulars,0.10943525562034377
54006.0,1,0,42,174,77,203,6,24,97,2,8,1,7,7,0,0,0,0,0,0,3,11,0,35,2808,0,0,0,1,0,0,0,1,0,0,484,387,0,1834,1,18,0.1111111111111111,2,Quiet Value Regulars,0.052676244142576906
69063.0,0,1,16,666,35,124,69,8,26,1,5,3,5,3,0,0,0,0,0,0,3,11,0,54,2758,0,1,0,0,0,0,0,0,0,1,902,876,0,1835,1,14,0.0714285714285714,2,Quiet Value Regulars,0.13425848985830835
11448.0,0,0,16,0,0,0,6,2,6,1,1,0,2,6,0,0,0,0,0,0,3,11,0,45,2355,1,0,0,0,0,1,0,0,0,0,8,2,0,1836,0,4,0.25,1,Deal Driven Browsers,0.08475020957714466
61825.0,0,1,56,162,50,100,55,30,27,1,4,2,8,4,0,0,0,0,0,0,3,11,0,41,2485,0,0,1,0,0,0,0,1,0,0,397,370,0,1837,1,15,0.0666666666666666,2,Quiet Value Regulars,0.011018386330973651
70886.0,1,0,65,407,70,239,103,88,53,1,5,4,4,2,0,0,0,0,0,0,3,11,0,49,2417,0,1,0,0,0,0,0,1,0,0,907,854,0,1838,1,14,0.0714285714285714,2,Quiet Value Regulars,0.003284304793738756
69109.0,0,0,10,823,25,459,124,29,95,1,6,6,7,4,0,0,1,0,0,0,3,11,1,38,2756,0,1,0,0,0,0,0,1,0,0,1460,1365,1,1839,0,20,0.05,0,Premium Loyalists,0.7316284375040505
60208.0,1,1,13,488,23,71,15,0,59,11,8,3,7,7,0,1,0,0,0,0,3,11,1,47,2789,0,0,0,0,1,0,0,1,0,0,597,538,1,1840,2,29,0.3793103448275862,1,Deal Driven Browsers,0.5904403521607807
32889.0,1,1,78,28,0,13,4,2,8,3,2,1,3,5,0,0,0,0,0,0,3,11,0,52,2455,0,0,0,1,0,0,0,0,1,0,47,39,0,1841,2,9,0.3333333333333333,1,Deal Driven Browsers,0.008886735389366969
34738.0,1,0,51,3,2,10,3,0,2,1,1,0,3,6,0,0,0,0,0,0,3,11,0,36,2208,0,0,1,0,0,0,0,1,0,0,18,16,0,1842,1,5,0.2,1,Deal Driven Browsers,0.014264866432868461
30538.0,1,0,27,284,0,52,8,3,20,4,9,0,4,10,0,0,0,0,0,0,3,11,0,49,2795,0,0,0,1,0,0,0,0,1,0,347,327,0,1843,1,17,0.2352941176470588,1,Deal Driven Browsers,0.22157499432366665
82326.0,0,0,30,938,142,754,159,81,183,1,5,10,6,2,0,1,1,1,0,0,3,11,1,43,2270,0,0,0,1,0,1,0,0,0,0,2074,1891,3,1844,0,22,0.0454545454545454,0,Premium Loyalists,0.6081095256129094
26642.0,1,0,71,13,2,15,2,2,8,2,2,0,3,6,0,0,0,0,0,0,3,11,0,53,2279,1,0,0,0,0,0,0,0,0,1,34,26,0,1845,1,7,0.2857142857142857,1,Deal Driven Browsers,0.012830650892909124
69932.0,0,1,97,412,172,153,150,105,57,2,7,6,11,4,0,0,0,0,0,0,3,11,0,56,2541,1,0,0,0,0,0,0,1,0,0,992,935,0,1846,1,26,0.0769230769230769,2,Quiet Value Regulars,0.021612592097065425
44503.0,1,1,83,31,1,8,0,0,8,2,2,0,3,6,0,0,0,0,0,0,3,11,0,48,2233,0,0,1,0,0,0,0,1,0,0,40,32,0,1847,2,7,0.2857142857142857,1,Deal Driven Browsers,0.010498892113610572
60200.0,0,1,3,502,19,132,0,6,26,6,6,2,11,6,0,0,0,0,0,0,3,11,0,72,2702,0,0,1,0,0,0,0,0,0,1,659,633,0,1848,1,25,0.24,2,Quiet Value Regulars,0.22132565166637022
49638.0,0,1,71,18,10,3,3,5,0,1,1,0,3,2,0,0,0,0,0,0,3,11,0,68,2230,1,0,0,0,0,0,0,1,0,0,39,39,0,1849,1,5,0.2,1,Deal Driven Browsers,0.0030494569757727654
23830.0,0,0,3,1,8,6,4,8,16,1,1,0,3,7,0,0,0,0,0,0,3,11,0,33,2301,0,0,1,0,0,1,0,0,0,0,27,11,0,1850,0,5,0.2,1,Deal Driven Browsers,0.10327743959439263
33051.0,0,0,15,100,71,243,108,94,219,3,9,1,8,9,0,0,0,0,0,0,3,11,1,61,2841,0,0,0,0,1,0,0,0,1,0,616,397,0,1851,0,21,0.1428571428571428,1,Deal Driven Browsers,0.5061578439068732
72905.0,0,0,52,407,114,445,181,165,203,1,3,7,9,1,0,0,0,1,0,0,3,11,0,62,2318,0,1,0,0,0,0,0,1,0,0,1312,1109,1,1852,0,20,0.05,0,Premium Loyalists,0.06715663602888765
69702.0,0,1,8,664,9,240,50,19,57,2,7,7,10,4,0,0,0,0,0,0,3,11,0,69,2654,0,0,0,1,0,0,0,0,0,1,982,925,0,1853,1,26,0.0769230769230769,2,Quiet Value Regulars,0.08313719563622574
70300.0,1,0,89,1045,61,338,60,46,46,3,5,5,13,8,0,0,0,0,0,0,3,11,0,45,2508,1,0,0,0,0,0,0,1,0,0,1550,1504,0,1854,1,26,0.1153846153846153,2,Quiet Value Regulars,0.06394700294765274
70643.0,0,0,66,1218,107,304,23,143,33,1,5,8,4,6,0,0,0,0,0,0,3,11,1,36,2781,0,1,0,0,0,0,0,0,0,1,1795,1762,0,1855,0,18,0.0555555555555555,2,Quiet Value Regulars,0.40685594713417883
30396.0,1,0,22,15,0,6,0,1,12,2,1,1,2,7,1,0,0,0,0,0,3,11,1,51,2219,0,1,0,0,0,0,0,0,0,1,22,10,1,1856,1,6,0.3333333333333333,1,Deal Driven Browsers,0.45703584883484555
50616.0,0,1,56,128,0,16,0,1,4,2,4,0,4,7,0,0,0,0,0,0,3,11,0,52,2231,1,0,0,0,0,0,0,0,0,1,145,141,0,1857,1,10,0.2,1,Deal Driven Browsers,0.01624064079195658
62772.0,0,1,74,581,49,157,43,8,108,1,5,6,11,2,0,1,0,0,0,0,3,11,0,51,2565,0,0,1,0,0,0,0,0,1,0,838,730,1,1858,1,23,0.0434782608695652,2,Quiet Value Regulars,0.07554610407720287
30298.0,0,0,48,6,3,12,6,1,0,1,1,1,3,3,0,0,0,0,0,0,3,11,0,35,2200,0,0,1,0,0,0,0,0,0,1,28,28,0,1859,0,6,0.1666666666666666,1,Deal Driven Browsers,0.04224786422727597
52413.0,1,0,67,185,8,133,56,56,12,2,7,1,7,7,0,0,0,0,0,0,3,11,0,36,2762,0,0,1,0,0,0,0,1,0,0,438,426,0,1860,1,17,0.1176470588235294,2,Quiet Value Regulars,0.07059368821915203
44155.0,1,1,24,22,1,9,0,0,14,1,1,1,2,4,0,0,0,0,0,0,3,11,0,63,2320,0,1,0,0,0,0,0,0,0,1,32,18,0,1861,2,5,0.2,1,Deal Driven Browsers,0.007082723093899564
86979.0,0,0,67,584,100,835,65,83,35,1,5,5,5,2,1,0,0,0,0,0,3,11,1,49,2393,1,0,0,0,0,0,0,0,0,1,1667,1632,1,1862,0,16,0.0625,0,Premium Loyalists,0.5610284187060405
76532.0,1,1,38,355,30,177,90,138,30,4,9,5,7,5,0,0,0,0,0,0,3,11,0,45,2452,0,0,0,1,0,0,0,1,0,0,790,760,0,1863,2,25,0.16,2,Quiet Value Regulars,0.01118924584187742
42081.0,1,0,86,175,10,110,54,6,27,2,6,3,4,6,1,0,0,0,0,0,3,11,0,38,2647,0,1,0,0,0,0,0,1,0,0,355,328,1,1864,1,15,0.1333333333333333,1,Deal Driven Browsers,0.13637460077761945
67546.0,0,0,90,864,134,768,150,38,172,1,4,10,5,3,0,0,0,0,0,0,3,11,0,32,2826,0,1,0,0,0,0,0,0,0,1,1954,1782,0,1865,0,20,0.05,2,Quiet Value Regulars,0.36199821593610537
88420.0,0,0,87,957,153,612,99,95,153,1,4,7,8,1,1,0,1,1,0,0,3,11,0,31,2217,0,0,0,1,0,0,0,0,1,0,1916,1763,3,1866,0,20,0.05,0,Premium Loyalists,0.4599210487631424
31158.0,1,0,62,25,6,16,20,0,5,2,2,0,3,8,0,0,0,0,0,0,3,11,0,35,2677,0,1,0,0,0,0,0,1,0,0,67,62,0,1867,1,7,0.2857142857142857,1,Deal Driven Browsers,0.015048554365028626
61671.0,0,1,23,641,7,56,0,0,28,8,10,4,6,8,0,1,0,1,0,0,3,11,0,52,2185,1,0,0,0,0,0,0,1,0,0,704,676,2,1868,1,28,0.2857142857142857,0,Premium Loyalists,0.3554068916642868
69719.0,0,0,99,273,86,208,177,14,43,1,2,3,5,1,0,0,0,0,0,0,3,11,0,46,2193,0,0,1,0,0,0,0,1,0,0,758,715,0,1869,0,11,0.0909090909090909,2,Quiet Value Regulars,0.021984021421328475
49160.0,0,1,29,122,21,43,25,10,15,2,3,1,6,6,0,0,0,0,0,0,3,11,0,71,2411,1,0,0,0,0,0,0,1,0,0,221,206,0,1870,1,12,0.1666666666666666,1,Deal Driven Browsers,0.029783473483860477
24882.0,1,0,52,1,4,10,29,0,36,1,1,1,2,6,1,0,0,0,0,0,3,11,0,42,2817,0,0,0,1,0,0,1,0,0,0,44,8,1,1871,1,5,0.2,1,Deal Driven Browsers,0.36655677649826895
90933.0,0,0,90,1020,31,430,62,63,79,1,4,6,4,1,0,0,1,0,0,0,3,11,0,66,2249,0,0,1,0,0,0,0,0,0,1,1606,1527,1,1872,0,15,0.0666666666666666,0,Premium Loyalists,0.2702159128701816
113734.0,0,0,9,6,2,3,1,262,3,0,27,0,0,1,0,0,0,0,0,0,3,11,0,75,2191,0,0,1,0,0,0,0,0,0,1,274,271,0,1873,0,27,0.0,2,Quiet Value Regulars,0.3191222314154629
59292.0,0,1,71,378,14,68,19,14,14,2,3,5,8,3,0,0,0,0,0,0,3,11,0,70,2540,0,0,0,1,0,0,0,0,0,1,493,479,0,1874,1,18,0.1111111111111111,2,Quiet Value Regulars,0.005558875568875569
45759.0,1,1,13,42,1,18,3,0,4,2,2,0,3,7,0,0,0,0,0,0,3,11,0,56,2650,0,1,0,0,0,0,0,0,0,1,64,60,0,1875,2,7,0.2857142857142857,1,Deal Driven Browsers,0.0717262258218759
22148.0,0,0,16,15,5,14,0,4,11,1,1,0,3,7,0,0,0,0,0,0,3,11,0,37,2236,0,0,1,0,0,0,0,1,0,0,38,27,0,1876,0,5,0.2,1,Deal Driven Browsers,0.05745471767407002
73395.0,0,0,94,272,7,80,20,7,11,1,4,4,6,2,0,0,0,0,0,0,3,11,0,33,2262,0,1,0,0,0,0,0,0,1,0,386,375,0,1877,0,15,0.0666666666666666,2,Quiet Value Regulars,0.017319274989235266
29819.0,1,0,77,9,1,24,2,1,2,3,3,0,3,6,0,0,0,0,0,0,3,11,0,49,2407,1,0,0,0,0,0,0,1,0,0,37,35,0,1878,1,9,0.3333333333333333,1,Deal Driven Browsers,0.023830300141652612
45688.0,0,1,20,279,0,18,0,0,9,2,3,1,8,4,0,1,0,0,0,0,3,11,0,52,2314,0,1,0,0,0,0,0,1,0,0,297,288,1,1879,1,14,0.1428571428571428,1,Deal Driven Browsers,0.2294110783241496
62820.0,0,0,51,398,61,265,138,61,53,1,3,4,6,1,0,0,0,0,0,0,3,11,0,66,2573,0,1,0,0,0,0,0,1,0,0,923,870,0,1880,0,14,0.0714285714285714,2,Quiet Value Regulars,0.009900038446375088
60491.0,0,1,81,637,47,237,12,19,76,4,6,11,7,5,0,0,0,0,0,0,3,11,0,49,2455,0,1,0,0,0,0,0,0,0,1,952,876,0,1881,1,28,0.1428571428571428,2,Quiet Value Regulars,0.020469423178595972
33235.0,1,0,71,45,0,16,2,1,6,1,3,0,3,7,0,0,0,0,0,0,3,11,0,34,2303,0,0,0,1,0,0,0,1,0,0,64,58,0,1882,1,7,0.1428571428571428,1,Deal Driven Browsers,0.021935109335109334
35701.0,0,0,36,21,1,9,7,3,5,1,1,0,3,6,0,0,0,0,0,0,3,11,0,61,2626,0,1,0,0,0,0,0,1,0,0,41,36,0,1883,0,5,0.2,1,Deal Driven Browsers,0.018243714506832678
31535.0,1,0,95,15,4,13,0,0,19,1,1,1,2,7,1,0,0,0,0,0,3,11,0,40,2435,0,1,0,0,0,0,0,0,1,0,32,13,1,1884,1,5,0.2,1,Deal Driven Browsers,0.17011478287130477
92556.0,0,0,32,493,183,352,184,23,28,0,3,5,13,0,0,0,0,0,0,0,3,11,0,60,2229,0,0,0,1,0,1,0,0,0,0,1235,1207,0,1885,0,21,0.0,2,Quiet Value Regulars,0.2351206300975498
67384.0,0,1,32,957,40,175,158,53,107,2,7,8,5,5,0,1,0,0,0,0,3,11,0,50,2755,0,0,1,0,0,0,0,1,0,0,1383,1276,1,1886,1,22,0.0909090909090909,2,Quiet Value Regulars,0.23898396358958002
80573.0,0,0,85,829,138,430,60,92,15,1,4,6,13,2,0,0,0,0,0,0,3,11,0,49,2782,0,0,0,1,0,0,0,0,1,0,1549,1534,0,1887,0,24,0.0416666666666666,2,Quiet Value Regulars,0.07438757315456748
77870.0,0,1,93,1017,50,500,65,50,133,3,5,5,5,8,0,1,0,1,0,0,3,11,1,53,2835,0,1,0,0,0,0,0,1,0,0,1682,1549,2,1888,1,18,0.1666666666666666,0,Premium Loyalists,0.5325353515361119
52278.0,0,1,24,953,0,71,0,0,174,6,10,5,10,8,0,0,0,0,0,0,3,11,0,57,2679,0,0,0,0,1,0,0,0,0,1,1024,850,0,1889,1,31,0.1935483870967742,2,Quiet Value Regulars,0.09323435750961741
57107.0,0,1,44,159,0,120,0,0,137,7,4,4,8,8,0,1,0,0,1,0,3,11,1,52,2833,0,0,1,0,0,0,0,1,0,0,279,142,2,1890,1,23,0.3043478260869565,1,Deal Driven Browsers,0.4822902654129751
18929.0,0,0,15,32,0,8,23,4,18,1,1,0,4,6,0,0,0,0,0,0,3,11,0,30,2657,0,1,0,0,0,0,0,1,0,0,67,49,0,1891,0,6,0.1666666666666666,1,Deal Driven Browsers,0.08592483336273757
36038.0,1,0,82,23,0,15,0,2,7,2,3,0,3,6,0,0,0,0,0,0,3,11,0,39,2553,0,0,1,0,0,0,0,0,0,1,40,33,0,1892,1,8,0.25,1,Deal Driven Browsers,0.024133476916522942
20180.0,0,0,27,18,42,24,15,20,18,1,2,1,4,7,0,0,0,0,0,0,3,11,0,44,2653,0,0,1,0,0,0,0,1,0,0,119,101,0,1893,0,8,0.125,1,Deal Driven Browsers,0.10895893533560935
34230.0,1,1,72,15,0,4,0,0,2,1,1,0,2,7,0,0,0,0,0,0,3,11,0,55,2709,0,0,0,1,0,0,0,0,0,1,19,17,0,1894,2,4,0.25,1,Deal Driven Browsers,0.025614746013790136
31878.0,0,1,7,23,4,5,10,5,23,1,1,0,4,3,0,0,0,0,0,0,3,11,0,43,2166,0,0,1,0,0,1,0,0,0,0,47,24,0,1895,1,6,0.1666666666666666,1,Deal Driven Browsers,0.06363436306998926
70932.0,0,1,57,200,193,100,46,185,185,2,6,2,12,3,0,0,0,0,0,0,3,11,0,48,2320,0,1,0,0,0,1,0,0,0,0,724,539,0,1896,1,22,0.0909090909090909,2,Quiet Value Regulars,0.0004031396625736248
91249.0,0,0,84,1324,27,119,71,108,27,0,7,9,6,4,0,1,1,1,1,0,3,11,1,64,2776,0,0,1,0,0,0,0,1,0,0,1649,1622,4,1897,0,22,0.0,0,Premium Loyalists,0.6794020119032238
77598.0,0,0,53,1193,33,281,129,66,33,1,7,5,13,3,0,0,1,0,0,0,3,11,0,77,2430,0,0,1,0,0,0,0,0,1,0,1702,1669,1,1898,0,26,0.0384615384615384,0,Premium Loyalists,0.28369716118699434
80982.0,1,1,48,505,137,401,104,22,22,3,11,5,11,5,0,0,0,0,0,1,3,11,0,61,2696,0,0,1,0,0,0,0,1,0,0,1169,1147,0,1899,2,30,0.1,2,Quiet Value Regulars,0.09109965655875081
22701.0,1,0,2,2,4,9,0,4,5,1,1,0,3,5,0,0,0,0,0,0,3,11,0,43,2456,0,1,0,0,0,0,0,0,1,0,19,14,0,1900,1,5,0.2,1,Deal Driven Browsers,0.07342537878900278
55212.0,0,1,65,1103,0,45,0,0,34,3,4,2,11,8,0,1,0,0,1,0,3,11,0,51,2742,0,1,0,0,0,0,0,0,0,1,1148,1114,2,1901,1,20,0.15,0,Premium Loyalists,0.515797339743296
70617.0,0,0,45,353,61,753,40,46,27,1,3,3,7,2,0,0,0,0,0,0,3,11,0,50,2530,0,1,0,0,0,0,0,1,0,0,1253,1226,0,1902,0,14,0.0714285714285714,2,Quiet Value Regulars,0.032268401773664926
64849.0,0,0,42,652,48,350,94,84,108,1,9,3,6,5,0,0,0,0,0,0,3,11,1,63,2752,0,0,1,0,0,0,0,1,0,0,1228,1120,0,1903,0,19,0.0526315789473684,2,Quiet Value Regulars,0.3641850458258582
62694.0,1,1,29,379,6,157,25,91,91,5,9,3,7,7,0,0,0,0,0,0,3,11,0,55,2536,0,1,0,0,0,0,0,0,1,0,658,567,0,1904,2,24,0.2083333333333333,2,Quiet Value Regulars,0.021103529049348212
61917.0,1,1,83,46,4,36,2,2,1,1,2,0,4,5,0,0,0,0,0,0,3,11,0,46,2380,0,1,0,0,0,0,0,0,0,1,90,89,0,1905,2,7,0.1428571428571428,1,Deal Driven Browsers,0.00779854652111834
67472.0,0,1,93,162,31,127,8,17,69,2,4,2,7,3,0,0,0,0,0,0,3,11,0,73,2433,0,1,0,0,0,0,0,0,0,1,345,276,0,1906,1,15,0.1333333333333333,2,Quiet Value Regulars,0.013265128805376478
21059.0,1,0,40,8,3,19,3,3,8,3,3,0,3,6,0,0,0,0,0,0,3,11,0,38,2332,0,1,0,0,0,0,0,0,1,0,36,28,0,1907,1,9,0.3333333333333333,1,Deal Driven Browsers,0.026440770082812932
29543.0,2,0,47,17,3,18,3,4,18,2,3,1,2,7,0,0,0,0,0,0,3,11,0,52,2248,0,1,0,0,0,0,0,0,1,0,45,27,0,1908,2,8,0.25,1,Deal Driven Browsers,0.011705561684995647
75903.0,0,1,50,340,108,185,130,38,100,2,6,6,9,3,0,0,0,0,0,0,3,11,0,69,2606,0,1,0,0,0,0,0,1,0,0,801,701,0,1909,1,23,0.0869565217391304,2,Quiet Value Regulars,0.010673390707824672
34984.0,1,1,40,8,4,15,3,5,3,2,1,0,3,7,0,0,0,0,0,0,3,11,0,45,2820,0,0,0,1,0,1,0,0,0,0,35,32,0,1910,2,6,0.3333333333333333,1,Deal Driven Browsers,0.13083414187959547
54998.0,0,1,3,154,22,202,39,30,8,5,4,2,9,4,0,0,0,0,0,0,3,11,1,64,2635,0,0,1,0,0,0,0,0,0,1,447,439,0,1911,1,20,0.25,2,Quiet Value Regulars,0.25078656259944604
54356.0,0,1,62,710,15,30,20,0,0,3,11,2,8,8,0,0,0,0,0,0,3,11,1,71,2746,0,0,0,0,1,0,0,0,0,1,775,775,0,1912,1,24,0.125,2,Quiet Value Regulars,0.329272858182379
34242.0,0,1,25,8,2,4,0,0,1,1,0,0,3,5,0,0,0,0,0,0,3,11,0,61,2257,0,1,0,0,0,0,0,0,1,0,14,13,0,1913,1,4,0.25,1,Deal Driven Browsers,0.014383005039852795
25410.0,1,0,48,2,2,4,13,13,4,1,1,0,4,4,0,0,0,0,0,0,3,11,0,47,2461,0,1,0,0,0,0,0,1,0,0,34,30,0,1914,1,6,0.1666666666666666,1,Deal Driven Browsers,0.021166600276034227
73356.0,0,0,56,1050,14,322,0,14,112,1,5,11,5,2,1,0,1,1,0,0,3,11,1,36,2302,0,1,0,0,0,0,0,0,0,1,1400,1288,3,1915,0,22,0.0454545454545454,0,Premium Loyalists,0.5250204461305612
28320.0,0,1,68,19,1,14,3,2,4,1,1,0,3,8,0,0,0,0,0,0,3,11,0,70,2690,0,0,0,1,0,0,0,1,0,0,39,35,0,1916,1,5,0.2,1,Deal Driven Browsers,0.024541187292185476
23763.0,1,0,64,22,0,6,6,2,6,1,1,0,3,7,0,0,0,0,0,0,3,11,0,43,2850,0,0,1,0,0,0,0,1,0,0,36,30,0,1917,1,5,0.2,1,Deal Driven Browsers,0.1345275765660588
72570.0,0,0,67,274,83,216,151,141,224,1,4,6,12,1,0,0,0,0,0,0,3,11,0,36,2224,0,1,0,0,0,0,0,1,0,0,865,641,0,1918,0,23,0.0434782608695652,2,Quiet Value Regulars,0.017654190999151272
34529.0,1,0,94,68,6,38,3,6,41,2,2,2,3,7,0,0,0,0,0,0,3,11,0,44,2812,0,1,0,0,0,0,0,0,1,0,121,80,0,1919,1,9,0.2222222222222222,1,Deal Driven Browsers,0.12109528151260134
70792.0,0,0,82,344,45,654,104,11,114,2,3,4,10,3,0,0,0,0,0,0,3,11,0,69,2667,0,0,0,0,1,0,0,1,0,0,1158,1044,0,1920,0,19,0.1052631578947368,2,Quiet Value Regulars,0.07581421852498406
63211.0,0,0,3,145,193,459,205,26,145,2,3,8,7,2,0,0,0,0,0,0,3,11,1,38,2763,0,1,0,0,0,0,0,1,0,0,1028,883,0,1921,0,20,0.1,2,Quiet Value Regulars,0.16496649781394476
83891.0,0,1,24,217,38,350,111,85,15,1,4,7,10,1,0,0,0,0,0,0,3,11,0,46,2168,0,1,0,0,0,0,0,0,1,0,801,786,0,1922,1,22,0.0454545454545454,2,Quiet Value Regulars,0.10798773035812355
36065.0,1,1,54,18,7,34,10,2,3,3,3,0,3,8,0,0,0,0,0,0,3,11,0,52,2614,0,0,1,0,0,0,0,1,0,0,71,68,0,1923,2,9,0.3333333333333333,1,Deal Driven Browsers,0.06000588601105424
39898.0,0,1,20,69,8,26,12,7,12,2,3,0,4,7,0,0,0,0,0,0,3,11,0,66,2661,0,0,0,1,0,0,0,1,0,0,122,110,0,1924,1,9,0.2222222222222222,1,Deal Driven Browsers,0.0376472199277606
51141.0,0,0,96,144,0,7,0,0,6,1,3,1,4,5,0,0,0,0,0,0,3,11,0,80,2515,0,0,1,0,0,0,0,0,0,1,151,145,0,1925,0,9,0.1111111111111111,1,Deal Driven Browsers,0.07066551739385392
56939.0,0,1,19,256,34,103,90,29,49,2,3,3,10,3,0,0,0,0,0,0,3,11,0,44,2443,0,1,0,0,0,0,0,1,0,0,512,463,0,1926,1,18,0.1111111111111111,2,Quiet Value Regulars,0.0235114531804308
80872.0,0,0,60,483,72,567,94,12,108,1,4,4,10,1,0,0,0,0,0,0,3,11,0,69,2207,0,0,1,0,0,0,0,1,0,0,1228,1120,0,1927,0,19,0.0526315789473684,2,Quiet Value Regulars,0.0788027167952149
72335.0,0,0,2,1285,105,653,28,21,0,1,10,4,8,8,0,0,0,0,0,0,3,11,1,44,2844,0,0,0,1,0,0,0,0,0,1,2092,2092,0,1928,0,23,0.0434782608695652,2,Quiet Value Regulars,0.501765631525558
61798.0,0,0,13,338,4,89,11,8,13,1,4,2,9,4,0,0,0,0,0,0,3,11,0,56,2377,0,0,1,0,0,0,0,0,0,1,450,437,0,1929,0,16,0.0625,2,Quiet Value Regulars,0.15011251438814785
76842.0,0,0,37,605,10,345,84,54,32,1,1,8,7,0,0,0,0,0,0,0,3,11,0,70,2216,0,0,0,0,1,0,0,0,0,1,1098,1066,0,1930,0,17,0.0588235294117647,2,Quiet Value Regulars,0.07687528140520329
29478.0,1,0,59,8,0,7,3,1,1,1,1,0,3,6,0,0,0,0,0,0,3,11,0,44,2322,0,0,0,1,0,0,0,1,0,0,19,18,0,1931,1,5,0.2,1,Deal Driven Browsers,0.012071950198775752
46998.0,0,1,55,172,41,86,45,6,27,5,5,3,5,7,1,0,0,0,0,0,3,11,0,64,2774,0,0,1,0,0,0,0,1,0,0,350,323,1,1932,1,18,0.2777777777777778,1,Deal Driven Browsers,0.27084895067655734
96843.0,0,0,60,448,71,951,40,17,17,1,6,11,10,2,0,0,1,0,0,0,3,11,1,30,2591,0,0,1,0,0,0,0,1,0,0,1527,1510,1,1933,0,28,0.0357142857142857,0,Premium Loyalists,0.5485959026952765
56551.0,1,1,48,67,4,32,17,2,16,3,2,1,4,4,0,0,0,0,0,0,3,11,0,70,2212,0,0,0,0,1,0,0,0,0,1,122,106,0,1934,2,10,0.3,1,Deal Driven Browsers,0.0404095797809824
70053.0,0,1,38,512,53,98,81,179,89,3,8,5,10,5,0,0,0,0,0,0,3,11,0,55,2520,0,1,0,0,0,0,0,0,1,0,923,834,0,1935,1,26,0.1153846153846153,2,Quiet Value Regulars,0.004423053082487044
71670.0,0,0,8,1462,16,128,0,0,160,1,5,3,6,6,0,1,1,0,1,0,3,11,1,58,2514,0,0,0,0,1,0,0,0,0,1,1606,1446,3,1936,0,15,0.0666666666666666,0,Premium Loyalists,0.8038080879618686
44359.0,1,1,19,20,0,14,7,3,1,3,2,0,4,3,0,0,0,0,0,0,3,11,0,42,2171,0,1,0,0,0,0,0,1,0,0,44,43,0,1937,2,9,0.3333333333333333,1,Deal Driven Browsers,0.0736600229962117
40887.0,1,1,32,50,4,44,10,10,43,3,3,1,3,9,0,0,0,0,0,0,3,11,1,68,2578,0,0,1,0,0,0,0,1,0,0,118,75,0,1938,2,10,0.3,1,Deal Driven Browsers,0.35792491428016476
48877.0,0,1,27,102,1,15,2,0,24,1,3,0,4,7,0,0,0,0,0,0,3,11,0,54,2334,1,0,0,0,0,0,0,1,0,0,120,96,0,1939,1,8,0.125,1,Deal Driven Browsers,0.019525273751589533
74485.0,0,0,58,499,149,815,173,49,49,1,6,7,12,3,0,0,0,0,0,0,3,11,0,73,2468,0,0,0,1,0,0,0,1,0,0,1685,1636,0,1940,0,26,0.0384615384615384,2,Quiet Value Regulars,0.11383206287737185
64474.0,0,1,59,381,35,172,56,86,93,2,8,2,10,5,0,0,0,0,0,0,3,11,0,48,2409,0,0,0,1,0,0,0,1,0,0,730,637,0,1941,1,22,0.0909090909090909,2,Quiet Value Regulars,0.0010854103343465047
77226.0,0,1,29,631,43,239,128,76,21,2,6,8,12,3,0,0,0,0,0,0,3,11,0,57,2280,0,0,0,1,0,0,0,1,0,0,1117,1096,0,1942,1,28,0.0714285714285714,2,Quiet Value Regulars,0.024879622011974946
72643.0,0,0,60,526,80,553,123,94,53,1,3,10,7,2,0,0,0,1,0,0,3,11,1,71,2646,0,0,0,0,1,0,0,1,0,0,1376,1323,1,1943,0,21,0.0476190476190476,0,Premium Loyalists,0.23761418026612655
85738.0,0,0,41,913,26,376,17,26,13,1,3,6,11,1,0,1,1,0,0,0,3,11,0,42,2316,0,0,0,1,0,0,0,0,1,0,1358,1345,2,1944,0,21,0.0476190476190476,0,Premium Loyalists,0.266068238164039
55686.0,0,1,27,673,0,199,37,47,26,2,6,3,5,4,1,0,0,0,0,0,3,11,0,54,2659,1,0,0,0,0,0,0,1,0,0,956,930,1,1945,1,16,0.125,2,Quiet Value Regulars,0.10414028404181688
39062.0,1,0,28,23,0,9,0,0,12,1,1,0,3,4,1,0,0,0,0,0,3,11,0,37,2255,0,0,1,0,0,0,0,1,0,0,32,20,1,1946,1,5,0.2,1,Deal Driven Browsers,0.19694702325564734
34600.0,1,1,8,199,33,60,8,3,15,5,5,2,5,8,0,0,0,0,0,0,3,11,1,49,2703,0,0,0,1,0,0,0,1,0,0,303,288,0,1947,2,17,0.2941176470588235,1,Deal Driven Browsers,0.496996138620095
40794.0,0,1,18,261,23,73,4,23,50,2,6,3,5,7,0,0,0,0,0,0,3,11,0,45,2607,0,1,0,0,0,0,0,1,0,0,384,334,0,1948,1,16,0.125,1,Deal Driven Browsers,0.060495284890235014
54690.0,1,1,76,111,16,37,7,9,18,3,3,1,5,3,0,0,0,0,0,0,3,11,0,49,2393,0,1,0,0,0,1,0,0,0,0,180,162,0,1949,2,12,0.25,1,Deal Driven Browsers,0.004862901003730316
4428.0,0,1,0,16,4,12,2,4,321,0,25,0,0,1,0,0,0,0,0,0,3,11,0,51,2426,0,1,0,0,0,0,0,1,0,0,38,-283,0,1950,1,25,0.0,2,Quiet Value Regulars,0.13832384932951888
32632.0,0,0,32,63,151,137,153,19,53,2,4,4,8,5,0,0,0,0,0,0,3,11,0,57,2855,0,1,0,0,0,1,0,0,0,0,523,470,0,1951,0,18,0.1111111111111111,2,Quiet Value Regulars,0.21682475483312783
38236.0,1,1,2,58,0,18,2,0,10,4,3,0,4,7,0,0,0,0,0,0,3,11,0,52,2441,0,0,1,0,0,0,0,0,0,1,78,68,0,1952,2,11,0.3636363636363636,1,Deal Driven Browsers,0.17899001703977477
36781.0,1,0,16,29,1,17,0,3,13,1,2,1,2,8,0,0,0,0,0,0,3,11,1,41,2239,0,1,0,0,0,0,0,1,0,0,50,37,0,1953,1,6,0.1666666666666666,1,Deal Driven Browsers,0.09128389802461215
31385.0,1,0,56,3,2,12,0,1,9,1,1,0,2,8,1,0,0,0,0,0,3,11,1,36,2730,0,0,1,0,0,0,0,0,1,0,18,9,1,1954,1,4,0.25,1,Deal Driven Browsers,0.46482014134702326
24570.0,1,0,97,28,34,62,11,14,44,3,4,0,4,9,0,0,0,0,0,0,3,11,0,36,2646,0,1,0,0,0,0,0,1,0,0,149,105,0,1955,1,11,0.2727272727272727,1,Deal Driven Browsers,0.08722306780065474
25509.0,1,0,15,40,3,30,10,7,11,3,3,0,3,9,0,0,0,0,0,0,3,11,1,46,2808,1,0,0,0,0,0,0,0,0,1,90,79,0,1956,1,9,0.3333333333333333,1,Deal Driven Browsers,0.688050772965482
94642.0,0,0,35,879,143,797,106,143,143,0,5,7,9,1,0,0,1,1,0,0,3,11,0,69,2296,0,1,0,0,0,0,0,1,0,0,2068,1925,2,1957,0,21,0.0,0,Premium Loyalists,0.27276075586021026
58646.0,0,1,3,62,1,44,6,5,22,1,2,1,4,4,0,0,0,0,0,0,3,11,0,58,2543,0,1,0,0,0,0,0,0,1,0,118,96,0,1958,1,8,0.125,1,Deal Driven Browsers,0.048507057564507336
53201.0,1,1,49,280,7,81,20,0,27,8,6,3,5,7,0,0,0,0,0,0,3,11,0,45,2661,0,0,1,0,0,0,0,1,0,0,388,361,0,1959,2,22,0.3636363636363636,1,Deal Driven Browsers,0.09021039020443895
21994.0,0,1,4,9,0,6,3,1,3,1,0,0,3,5,0,0,0,0,0,0,3,11,0,63,2711,0,0,0,1,0,0,0,1,0,0,19,16,0,1960,1,4,0.25,1,Deal Driven Browsers,0.08205970355599974
57113.0,1,1,45,182,4,33,0,2,42,6,4,1,5,7,0,0,0,0,0,0,3,11,0,42,2667,0,1,0,0,0,0,0,1,0,0,221,179,0,1961,2,16,0.375,1,Deal Driven Browsers,0.04344775491863089
51373.0,0,0,37,83,2,101,64,26,117,1,3,5,3,4,0,0,0,0,0,0,3,11,0,29,2531,0,1,0,0,0,0,0,1,0,0,276,159,0,1962,0,12,0.0833333333333333,2,Quiet Value Regulars,0.01603013197698013
23477.0,1,0,39,38,15,54,3,8,29,3,3,0,4,8,0,0,0,0,0,0,3,11,0,34,2410,0,1,0,0,0,0,0,1,0,0,118,89,0,1963,1,10,0.3,1,Deal Driven Browsers,0.03973110732701931
58116.0,0,1,38,228,19,130,4,11,51,2,3,3,8,2,0,0,0,0,0,0,3,11,0,64,2236,0,1,0,0,0,0,0,1,0,0,392,341,0,1964,1,16,0.125,2,Quiet Value Regulars,0.0031028209181372334
72968.0,0,0,8,1092,37,592,145,37,55,1,5,5,8,3,0,0,0,1,0,0,3,11,1,57,2354,1,0,0,0,0,0,0,0,0,1,1903,1848,1,1965,0,19,0.0526315789473684,0,Premium Loyalists,0.6892899741475048
39791.0,0,1,89,85,15,27,13,13,21,2,3,1,4,7,0,0,0,0,0,0,3,11,0,49,2617,0,1,0,0,0,0,0,0,1,0,153,132,0,1966,1,10,0.2,1,Deal Driven Browsers,0.03143089177689862
91712.0,0,0,47,1276,24,746,94,29,48,0,9,7,11,3,0,0,1,0,0,0,3,11,1,73,2414,0,0,1,0,0,0,0,0,1,0,2169,2121,1,1967,0,27,0.0,0,Premium Loyalists,0.46625672971615184
94472.0,0,1,75,1017,33,417,108,100,16,1,5,5,5,5,0,1,1,0,0,0,3,11,0,62,2246,0,0,1,0,0,0,0,1,0,0,1675,1659,2,1968,1,16,0.0625,0,Premium Loyalists,0.3776964529133685
13672.0,1,1,86,6,2,9,2,1,5,2,1,0,3,8,0,0,0,0,0,0,3,11,0,60,2597,0,0,0,1,0,0,0,1,0,0,20,15,0,1969,2,6,0.3333333333333333,1,Deal Driven Browsers,0.038885712943807924
96547.0,0,0,4,448,21,125,52,101,62,0,7,6,8,2,1,0,1,1,0,0,3,11,1,40,2196,0,1,0,0,0,1,0,0,0,0,747,685,3,1970,0,21,0.0,0,Premium Loyalists,0.6113301133700997
79205.0,0,0,73,504,23,117,179,28,44,1,6,5,4,4,0,0,0,1,0,0,3,11,1,45,2828,0,1,0,0,0,0,0,1,0,0,851,807,1,1971,0,16,0.0625,0,Premium Loyalists,0.4685118395142725
56559.0,0,1,46,226,22,133,41,31,31,3,4,3,8,4,0,0,0,0,0,0,3,11,0,45,2710,0,0,0,1,0,0,0,0,0,1,453,422,0,1972,1,18,0.1666666666666666,2,Quiet Value Regulars,0.07981678510687451
32644.0,1,0,38,239,3,141,0,7,23,4,7,1,6,8,1,0,0,0,0,0,3,11,0,47,2688,0,1,0,0,0,0,0,0,0,1,390,367,1,1973,1,18,0.2222222222222222,1,Deal Driven Browsers,0.27538552208093886
67506.0,0,1,73,90,38,67,33,36,67,1,4,1,6,3,0,0,0,0,0,0,3,11,0,40,2337,0,0,1,0,0,1,0,0,0,0,264,197,0,1974,1,12,0.0833333333333333,2,Quiet Value Regulars,0.006520472322037969
24206.0,1,0,66,7,2,8,3,2,3,1,1,0,3,6,0,0,0,0,0,0,3,11,0,50,2637,0,0,1,0,0,0,0,1,0,0,22,19,0,1975,1,5,0.2,1,Deal Driven Browsers,0.03344151668592844
28420.0,1,0,36,4,2,5,2,0,0,1,1,0,2,6,0,0,0,0,0,0,3,11,0,53,2346,1,0,0,0,0,0,0,0,0,1,13,13,0,1976,1,4,0.25,1,Deal Driven Browsers,0.011744924811022817
22979.0,1,0,29,16,17,19,20,21,22,3,3,2,2,8,0,0,0,0,0,0,3,11,1,50,2820,0,1,0,0,0,0,0,1,0,0,93,71,0,1977,1,10,0.3,1,Deal Driven Browsers,0.3826181561940942
33279.0,0,0,29,10,3,3,0,0,0,1,0,0,3,3,0,0,0,0,0,0,3,11,0,54,2176,0,0,1,0,0,0,0,1,0,0,16,16,0,1978,0,4,0.25,1,Deal Driven Browsers,0.02815155637952577
46423.0,1,1,6,68,0,16,0,0,8,3,2,0,4,7,0,0,0,0,0,0,3,11,0,48,2443,0,0,1,0,0,0,0,0,1,0,84,76,0,1979,2,9,0.3333333333333333,1,Deal Driven Browsers,0.17938941707154965
30368.0,0,1,97,35,0,13,2,0,2,2,2,0,3,8,0,0,0,0,0,0,3,11,0,43,2393,0,1,0,0,0,0,0,1,0,0,50,48,0,1980,1,7,0.2857142857142857,1,Deal Driven Browsers,0.010161953054345798
63684.0,0,1,61,575,80,428,208,93,80,3,8,4,8,5,0,0,0,0,0,0,3,11,0,50,2739,0,1,0,0,0,0,0,1,0,0,1384,1304,0,1981,1,23,0.1304347826086956,2,Quiet Value Regulars,0.06327034927062204
41638.0,0,1,68,315,0,31,4,0,91,4,5,5,3,8,1,0,0,0,0,0,3,11,0,56,2660,1,0,0,0,0,0,0,1,0,0,350,259,1,1982,1,17,0.2352941176470588,1,Deal Driven Browsers,0.15536960761007435
68805.0,0,1,73,182,2,49,17,13,20,1,3,1,7,2,0,0,0,0,0,0,3,11,0,61,2444,1,0,0,0,0,0,0,0,0,1,263,243,0,1983,1,12,0.0833333333333333,2,Quiet Value Regulars,0.008999547517039777
65814.0,0,1,90,561,14,113,10,14,35,3,8,2,10,5,0,0,0,0,0,0,3,11,0,54,2278,0,0,0,1,0,0,0,0,0,1,712,677,0,1984,1,23,0.1304347826086956,2,Quiet Value Regulars,0.010970692640692642
71964.0,0,0,81,587,51,932,180,34,86,1,5,6,5,3,0,0,0,0,0,0,3,11,0,62,2564,1,0,0,0,0,0,0,1,0,0,1784,1698,0,1985,0,17,0.0588235294117647,2,Quiet Value Regulars,0.20196285150099302
39146.0,1,0,1,94,1,33,13,12,12,3,4,0,4,8,0,0,0,0,0,0,3,11,0,34,2659,0,0,1,0,0,0,0,1,0,0,153,141,0,1986,1,11,0.2727272727272727,1,Deal Driven Browsers,0.28077567073287996
96876.0,0,0,79,908,43,735,40,194,21,1,7,7,9,2,0,1,1,1,0,0,3,11,1,43,2486,0,0,0,1,0,0,0,1,0,0,1920,1899,3,1987,0,24,0.0416666666666666,0,Premium Loyalists,0.6959422643138478
34445.0,0,0,92,228,122,122,208,129,30,6,11,2,8,9,0,0,0,0,0,0,3,11,0,39,2677,0,1,0,0,0,0,1,0,0,0,809,779,0,1988,0,27,0.2222222222222222,2,Quiet Value Regulars,0.08083411087105076
68281.0,0,0,31,995,112,417,42,48,41,1,2,9,13,5,0,0,0,0,0,0,3,11,1,62,2850,0,0,1,0,0,0,0,1,0,0,1614,1573,0,1989,0,25,0.04,2,Quiet Value Regulars,0.43187306077410115
37284.0,1,1,46,11,1,2,2,1,6,1,0,0,3,6,0,0,0,0,0,0,3,11,0,45,2616,0,1,0,0,0,1,0,0,0,0,17,11,0,1990,2,4,0.25,1,Deal Driven Browsers,0.016674424935035362
36790.0,0,0,14,3,3,14,15,21,10,1,2,1,2,9,0,0,0,0,0,0,3,11,1,37,2644,0,1,0,0,0,0,0,1,0,0,56,46,0,1991,0,6,0.1666666666666666,1,Deal Driven Browsers,0.21464717314072132
27943.0,1,1,89,12,1,16,4,1,3,3,2,0,3,8,0,0,0,0,0,0,3,11,0,53,2599,0,0,0,1,0,0,0,1,0,0,34,31,0,1992,2,8,0.375,1,Deal Driven Browsers,0.02289502095742807
22263.0,1,1,31,17,0,2,0,0,2,2,1,0,3,6,0,0,0,0,0,1,3,11,0,69,2250,1,0,0,0,0,0,0,1,0,0,19,17,0,1993,2,6,0.3333333333333333,1,Deal Driven Browsers,0.06884264816438089
30261.0,1,2,75,8,0,5,0,3,6,1,0,0,3,8,0,0,0,0,0,0,3,11,0,48,2801,0,0,0,1,0,0,0,1,0,0,16,10,0,1994,3,4,0.25,1,Deal Driven Browsers,0.06662388370386889
28587.0,1,0,42,22,4,17,12,10,13,3,2,0,4,6,0,0,0,0,0,0,3,11,0,42,2296,0,0,0,1,0,0,0,1,0,0,65,52,0,1995,1,9,0.3333333333333333,1,Deal Driven Browsers,0.022989387208105838
43815.0,1,0,53,14,10,29,4,7,15,1,2,0,3,6,0,0,0,0,0,0,3,11,0,38,2609,0,1,0,0,0,0,0,0,1,0,64,49,0,1996,1,6,0.1666666666666666,1,Deal Driven Browsers,0.022200749895477972
48195.0,1,1,53,106,27,68,52,7,5,6,4,2,5,6,0,0,0,0,0,0,3,11,0,64,2318,0,1,0,0,0,0,0,1,0,0,260,255,0,1997,2,17,0.3529411764705882,1,Deal Driven Browsers,0.022673671755279626
77027.0,0,1,23,820,57,242,45,0,11,2,8,3,6,4,0,0,0,0,0,0,3,11,0,68,2303,0,1,0,0,0,0,0,0,1,0,1164,1153,0,1998,1,19,0.1052631578947368,2,Quiet Value Regulars,0.04291885375584189
71322.0,0,1,57,753,43,226,69,10,204,2,8,5,13,4,0,0,0,0,0,0,3,11,0,55,2657,0,1,0,0,0,0,0,0,0,1,1101,897,0,1999,1,28,0.0714285714285714,2,Quiet Value Regulars,0.060491668936580444
32765.0,1,0,49,13,3,17,7,3,3,2,2,0,4,5,0,0,0,0,0,0,3,11,0,41,2285,0,1,0,0,0,0,0,0,1,0,43,40,0,2000,1,8,0.25,1,Deal Driven Browsers,0.0038941458785798403
29672.0,1,1,6,9,1,3,0,4,8,1,0,0,3,6,0,0,0,0,0,0,3,11,0,55,2633,0,0,0,1,0,0,0,1,0,0,17,9,0,2001,2,4,0.25,1,Deal Driven Browsers,0.059455707330518276
23272.0,0,0,29,19,3,6,4,2,12,1,1,0,3,4,0,0,0,0,0,0,3,11,0,67,2414,1,0,0,0,0,0,0,1,0,0,34,22,0,2002,0,5,0.2,1,Deal Driven Browsers,0.013615202341518128
49912.0,0,1,5,520,8,223,32,49,42,4,10,5,7,8,1,0,0,0,0,0,3,11,1,71,2819,0,0,0,1,0,0,0,0,1,0,832,790,1,2003,1,26,0.1538461538461538,2,Quiet Value Regulars,0.6275536940364942
7500.0,1,0,98,5,17,17,13,14,34,4,2,1,3,9,0,0,0,0,0,0,3,11,0,35,2856,0,0,0,1,0,1,0,0,0,0,66,32,0,2004,1,10,0.4,1,Deal Driven Browsers,0.33614789115585614
68117.0,0,1,80,618,44,215,0,17,36,2,11,8,4,6,1,0,0,0,0,0,3,11,1,73,2635,0,0,0,0,1,0,0,0,0,1,894,858,1,2005,1,25,0.08,2,Quiet Value Regulars,0.16520305845738445
67225.0,0,1,4,315,35,322,46,7,143,3,7,2,11,5,0,0,0,0,0,0,3,11,0,65,2374,0,1,0,0,0,0,0,1,0,0,725,582,0,2006,1,23,0.1304347826086956,2,Quiet Value Regulars,0.0305367840595281
17649.0,1,0,70,15,1,23,0,5,1,3,3,0,3,8,0,0,0,0,0,0,3,11,0,44,2388,0,1,0,0,0,0,0,1,0,0,44,43,0,2007,1,9,0.3333333333333333,1,Deal Driven Browsers,0.01971714832944438
55914.0,0,1,32,384,60,364,119,101,232,4,11,6,8,7,0,0,0,0,0,0,3,11,0,45,2585,0,0,0,1,0,0,0,1,0,0,1028,796,0,2008,1,29,0.1379310344827586,2,Quiet Value Regulars,0.015492643630878924
40059.0,1,0,82,110,29,92,28,10,145,1,6,2,3,8,1,0,0,0,0,0,3,11,0,36,2433,0,1,0,0,0,0,0,1,0,0,269,124,1,2009,1,12,0.0833333333333333,1,Deal Driven Browsers,0.14137567412060287
60905.0,0,1,27,208,17,76,36,17,38,2,3,3,7,2,0,0,0,0,0,0,3,11,0,70,2365,0,0,0,1,0,0,0,1,0,0,354,316,0,2010,1,15,0.1333333333333333,2,Quiet Value Regulars,0.004347374847374848
75330.0,1,1,94,555,82,257,93,61,61,4,10,3,12,6,0,0,0,0,0,0,3,11,0,43,2792,0,1,0,0,0,0,0,1,0,0,1048,987,0,2011,2,29,0.1379310344827586,2,Quiet Value Regulars,0.050029997752066874
60689.0,0,1,23,240,90,216,63,6,24,4,4,4,10,3,0,0,0,0,0,0,3,11,0,69,2552,0,0,1,0,0,0,0,1,0,0,615,591,0,2012,1,22,0.1818181818181818,2,Quiet Value Regulars,0.02820052142153196
38680.0,1,0,97,11,0,36,15,5,12,1,2,0,3,7,0,0,0,0,0,0,3,11,0,36,2617,0,1,0,0,0,0,0,1,0,0,67,55,0,2013,1,6,0.1666666666666666,1,Deal Driven Browsers,0.026686988456784935
61416.0,0,0,25,848,154,323,201,61,78,1,10,3,10,6,1,0,0,0,0,0,3,11,0,38,2665,0,0,0,1,0,0,0,1,0,0,1587,1509,1,2014,0,24,0.0416666666666666,0,Premium Loyalists,0.27435873417877255
49767.0,0,0,92,202,47,197,55,42,149,1,5,4,8,4,0,0,0,0,0,0,3,11,0,29,2582,0,0,1,0,0,0,0,1,0,0,543,394,0,2015,0,18,0.0555555555555555,2,Quiet Value Regulars,0.04835242074031867
83273.0,1,2,98,433,89,650,16,102,102,10,4,6,9,7,0,0,0,0,0,0,3,11,0,50,2801,0,0,1,0,0,0,0,1,0,0,1290,1188,0,2016,3,29,0.3448275862068966,2,Quiet Value Regulars,0.2189380180492523
29009.0,1,0,19,6,6,15,10,5,2,2,2,0,3,6,0,0,0,0,0,0,3,11,0,39,2371,0,1,0,0,0,0,0,1,0,0,42,40,0,2017,1,7,0.2857142857142857,1,Deal Driven Browsers,0.03420027552555111
45057.0,1,0,80,37,0,7,3,0,3,1,2,0,3,5,0,0,0,0,0,0,3,11,0,41,2369,0,1,0,0,0,0,0,0,1,0,47,44,0,2018,1,6,0.1666666666666666,1,Deal Driven Browsers,0.003358117092551055
37150.0,1,0,80,167,37,64,49,34,116,8,4,3,6,7,0,0,0,0,0,0,3,11,0,49,2815,0,1,0,0,0,0,0,1,0,0,351,235,0,2019,1,21,0.3809523809523809,1,Deal Driven Browsers,0.14824427246768665
43020.0,1,0,79,45,7,99,4,25,43,3,4,1,4,6,0,0,0,0,0,0,3,11,0,50,2370,0,0,1,0,0,0,0,1,0,0,180,137,0,2020,1,12,0.25,1,Deal Driven Browsers,0.014098146521447417
53154.0,0,1,50,129,0,21,0,1,7,1,3,1,4,4,0,0,0,0,0,0,3,11,0,61,2179,0,1,0,0,0,0,0,1,0,0,151,144,0,2021,1,9,0.1111111111111111,1,Deal Driven Browsers,0.002805563067628609
65308.0,0,0,60,713,0,264,120,80,34,1,7,8,12,4,0,0,1,1,0,0,3,11,0,47,2450,0,1,0,0,0,0,0,1,0,0,1177,1143,2,2022,0,28,0.0357142857142857,0,Premium Loyalists,0.3616883139803427
76467.0,1,0,44,676,161,426,210,44,58,2,2,5,5,6,0,0,0,0,0,0,3,11,1,50,2840,0,0,1,0,0,0,0,1,0,0,1517,1459,0,2023,1,14,0.1428571428571428,2,Quiet Value Regulars,0.3914308013760024
81044.0,0,0,0,450,26,535,73,98,26,1,5,6,10,1,0,0,0,0,0,0,3,11,0,73,2343,0,1,0,0,0,1,0,0,0,0,1182,1156,0,2024,0,22,0.0454545454545454,2,Quiet Value Regulars,0.1942775123746698
32871.0,1,1,28,22,2,12,0,2,5,1,1,0,3,4,0,0,0,0,0,0,3,11,0,69,2636,0,1,0,0,0,0,0,1,0,0,38,33,0,2025,2,5,0.2,1,Deal Driven Browsers,0.01686912467973511
55801.0,1,1,35,367,4,51,6,4,95,6,7,2,6,7,0,0,0,1,0,0,3,11,0,45,2439,0,0,1,0,0,0,0,1,0,0,432,337,1,2026,2,21,0.2857142857142857,1,Deal Driven Browsers,0.1589886571363732
76320.0,0,1,49,526,35,214,69,53,35,2,6,3,4,2,0,0,0,0,0,0,3,11,0,61,2166,0,0,0,0,1,0,0,1,0,0,897,862,0,2027,1,15,0.1333333333333333,2,Quiet Value Regulars,0.01999766872274612
36927.0,1,1,46,51,0,16,0,0,4,2,3,0,3,8,0,0,0,0,0,0,3,11,0,65,2186,0,0,1,0,0,0,0,0,1,0,67,63,0,2028,2,8,0.25,1,Deal Driven Browsers,0.05372147427398362
48794.0,1,1,97,25,0,11,3,0,15,1,1,0,3,4,0,0,0,0,0,0,3,11,0,67,2162,0,0,0,1,0,0,0,1,0,0,39,24,0,2029,2,5,0.2,1,Deal Driven Browsers,0.005822539682539684
23478.0,0,0,51,28,6,27,12,17,39,1,3,0,3,8,0,0,0,0,0,0,3,11,0,55,2626,0,0,1,0,0,0,0,1,0,0,90,51,0,2030,0,7,0.1428571428571428,1,Deal Driven Browsers,0.12068700897950292
71128.0,1,0,80,958,159,447,20,0,31,3,2,10,12,7,0,0,0,0,0,0,3,11,0,47,2790,1,0,0,0,0,0,0,1,0,0,1584,1553,0,2031,1,27,0.1111111111111111,2,Quiet Value Regulars,0.08727225726891231
70179.0,0,1,10,532,88,168,69,44,133,3,7,3,13,5,0,0,0,0,0,0,3,11,0,44,2502,1,0,0,0,0,0,0,0,0,1,901,768,0,2032,1,26,0.1153846153846153,2,Quiet Value Regulars,0.08166909445808891
59462.0,0,1,29,724,17,143,0,8,196,2,9,2,12,7,0,0,0,0,0,0,3,11,0,70,2699,0,1,0,0,0,0,0,1,0,0,892,696,0,2033,1,25,0.08,2,Quiet Value Regulars,0.035969196160015315
38361.0,1,0,74,39,0,56,20,8,14,3,3,1,3,7,0,0,0,0,0,0,3,11,0,51,2343,0,0,0,1,0,0,0,1,0,0,123,109,0,2034,1,10,0.3,1,Deal Driven Browsers,0.02396810548987961
70038.0,0,0,54,587,54,348,71,54,130,1,4,4,8,2,0,0,0,0,0,0,3,11,0,38,2406,0,0,0,1,0,0,0,0,0,1,1114,984,0,2035,0,17,0.0588235294117647,2,Quiet Value Regulars,0.03174679560205875
42554.0,1,1,93,29,1,11,0,0,0,2,2,0,3,4,0,0,0,0,0,0,3,11,0,42,2692,0,0,0,1,0,0,0,1,0,0,41,41,0,2036,2,7,0.2857142857142857,1,Deal Driven Browsers,0.016534522180038373
67445.0,0,1,63,757,80,217,29,80,11,5,9,6,12,6,0,0,0,0,0,0,3,11,0,46,2845,0,1,0,0,0,0,0,1,0,0,1163,1152,0,2037,1,32,0.15625,2,Quiet Value Regulars,0.05564014984634941
67046.0,0,1,92,544,35,133,23,151,107,2,4,5,4,2,0,0,0,0,0,0,3,11,0,69,2698,0,0,0,0,1,0,0,1,0,0,886,779,0,2038,1,15,0.1333333333333333,2,Quiet Value Regulars,0.0433676927623778
42192.0,0,0,40,40,15,15,17,6,7,1,2,1,3,4,0,0,0,0,0,0,3,11,0,72,2455,0,1,0,0,0,0,0,1,0,0,93,86,0,2039,0,7,0.1428571428571428,1,Deal Driven Browsers,0.028419733254167218
77610.0,0,1,70,1245,33,332,21,33,16,2,4,7,4,7,0,0,0,0,0,0,3,11,0,68,2767,0,1,0,0,0,0,0,0,0,1,1664,1648,0,2040,1,17,0.1176470588235294,2,Quiet Value Regulars,0.24939044102256563
31761.0,1,0,96,19,1,20,16,14,28,2,3,0,4,5,0,0,0,0,0,0,3,11,0,36,2244,0,1,0,0,0,0,0,1,0,0,70,42,0,2041,1,9,0.2222222222222222,1,Deal Driven Browsers,0.006180652890086853
34350.0,1,0,81,16,3,15,2,1,11,1,1,0,3,7,0,0,0,0,0,0,3,11,0,41,2412,0,0,0,1,0,0,0,1,0,0,37,26,0,2042,1,5,0.2,1,Deal Driven Browsers,0.0076319448095763884
54591.0,0,1,63,376,4,94,12,9,24,3,6,2,8,5,0,0,0,0,0,0,3,11,0,71,2487,0,0,0,1,0,0,0,1,0,0,495,471,0,2043,1,19,0.1578947368421052,2,Quiet Value Regulars,0.013037870986942195
71866.0,0,1,85,184,178,178,103,39,33,1,6,3,10,3,0,0,0,0,0,0,3,11,0,64,2345,0,1,0,0,0,0,0,1,0,0,682,649,0,2044,1,20,0.05,2,Quiet Value Regulars,0.013467522066661911
25293.0,1,0,51,15,0,11,0,2,9,1,1,1,2,8,0,0,0,0,0,0,3,11,0,51,2446,0,1,0,0,0,0,0,1,0,0,28,19,0,2045,1,5,0.2,1,Deal Driven Browsers,0.029293466125546536
42000.0,0,0,23,124,83,267,85,59,35,2,5,2,11,5,0,0,0,0,0,0,3,11,1,33,2694,0,0,1,0,0,0,0,0,0,1,618,583,0,2046,0,20,0.1,2,Quiet Value Regulars,0.4645519116528068
69520.0,0,0,95,627,120,414,121,80,93,1,9,6,5,5,0,0,0,0,0,0,3,11,0,37,2516,0,1,0,0,0,0,0,1,0,0,1362,1269,0,2047,0,21,0.0476190476190476,2,Quiet Value Regulars,0.05340419666034147
64713.0,1,0,11,180,60,241,13,54,54,2,5,5,7,4,0,0,0,0,0,0,3,11,1,50,2301,1,0,0,0,0,0,0,1,0,0,548,494,0,2048,1,19,0.1052631578947368,2,Quiet Value Regulars,0.18769391258721635
27889.0,1,0,42,14,0,4,0,0,8,1,1,1,2,6,0,0,0,0,0,0,3,11,0,43,2518,0,1,0,0,0,0,0,0,1,0,18,10,0,2049,1,5,0.2,1,Deal Driven Browsers,0.017015596136293384
22123.0,0,0,77,3,3,24,34,7,31,1,2,1,3,5,0,0,0,0,0,0,3,11,0,60,2253,0,0,0,0,1,0,1,0,0,0,71,40,0,2050,0,7,0.1428571428571428,1,Deal Driven Browsers,0.02559783664216653
27803.0,1,0,40,8,26,46,38,9,49,2,3,0,4,8,0,0,0,0,0,0,3,11,0,47,2831,0,1,0,0,0,0,0,1,0,0,127,78,0,2051,1,9,0.2222222222222222,1,Deal Driven Browsers,0.15331521250949648
51651.0,0,1,32,293,6,23,13,6,92,4,6,2,5,8,0,0,0,0,0,0,3,11,0,60,2758,0,1,0,0,0,0,0,1,0,0,341,249,0,2052,1,17,0.2352941176470588,1,Deal Driven Browsers,0.08363855131269746
68487.0,0,0,48,758,12,385,33,89,89,1,9,7,13,4,0,0,0,0,0,0,3,11,0,32,2691,0,1,0,0,0,0,0,1,0,0,1277,1188,0,2053,0,30,0.0333333333333333,2,Quiet Value Regulars,0.06616312491519787
56796.0,0,1,24,656,38,161,62,47,37,3,8,9,7,7,0,0,0,0,0,0,3,11,0,51,2657,0,1,0,0,0,0,0,1,0,0,964,927,0,2054,1,27,0.1111111111111111,2,Quiet Value Regulars,0.01577664749146071
87000.0,0,0,61,196,25,607,67,17,49,1,4,6,7,2,0,0,0,0,0,0,3,11,0,28,2720,0,1,0,0,0,1,0,0,0,0,912,863,0,2055,0,18,0.0555555555555555,2,Quiet Value Regulars,0.2425192002520572
79823.0,0,1,6,835,73,380,114,73,43,1,6,9,7,2,0,1,0,0,0,0,3,11,0,61,2249,0,1,0,0,0,0,0,1,0,0,1475,1432,1,2056,1,23,0.0434782608695652,0,Premium Loyalists,0.37326089132607665
30828.0,1,0,16,16,11,15,2,0,12,2,1,1,4,3,0,0,0,0,0,0,3,11,0,40,2427,0,0,1,0,0,0,0,1,0,0,44,32,0,2057,1,8,0.25,1,Deal Driven Browsers,0.03746880545669672
34109.0,0,1,39,9,1,5,2,1,4,1,0,0,3,4,0,0,0,0,0,0,3,11,0,49,2394,0,1,0,0,0,0,0,0,1,0,18,14,0,2058,1,4,0.25,1,Deal Driven Browsers,0.006834215866063622
53367.0,1,1,2,229,7,140,10,3,11,7,5,1,8,7,0,0,0,0,0,0,3,11,1,46,2461,1,0,0,0,0,0,0,0,1,0,389,378,0,2059,2,21,0.3333333333333333,1,Deal Driven Browsers,0.41138045955880564
22390.0,0,0,49,0,1,4,15,1,5,1,1,0,2,7,0,0,0,0,0,0,3,11,0,51,2410,0,0,0,1,0,0,1,0,0,0,21,16,0,2060,0,4,0.25,1,Deal Driven Browsers,0.010763700075707322
71322.0,0,1,31,121,24,124,24,15,42,1,4,1,7,2,0,0,0,0,0,0,3,11,0,44,2217,0,0,0,1,0,0,0,1,0,0,308,266,0,2061,1,13,0.0769230769230769,2,Quiet Value Regulars,0.005351575427156821
79244.0,0,0,58,471,102,125,212,61,245,1,4,10,7,1,0,0,1,1,0,0,3,11,1,27,2716,0,0,1,0,0,0,0,1,0,0,971,726,2,2062,0,22,0.0454545454545454,0,Premium Loyalists,0.5104760540104932
49912.0,0,1,5,520,8,223,32,49,42,4,10,5,7,8,1,0,0,0,0,0,3,11,1,71,2819,0,0,0,1,0,0,0,0,1,0,832,790,1,2063,1,26,0.1538461538461538,2,Quiet Value Regulars,0.6275536940364942
48699.0,1,1,90,26,1,10,2,0,1,1,1,0,3,5,0,0,0,0,0,0,3,11,0,70,2563,0,1,0,0,0,0,0,0,0,1,39,38,0,2064,2,5,0.2,1,Deal Driven Browsers,0.019045374235861046
80144.0,0,0,47,240,132,445,250,192,108,1,3,7,8,1,0,0,0,0,0,0,3,11,0,45,2431,0,0,0,1,0,0,0,1,0,0,1259,1151,0,2065,0,19,0.0526315789473684,2,Quiet Value Regulars,0.030877527139874066
54252.0,1,1,25,178,4,26,8,4,44,5,4,1,5,6,0,0,0,0,0,0,3,11,0,64,2556,0,0,1,0,0,0,0,1,0,0,220,176,0,2066,2,15,0.3333333333333333,1,Deal Driven Browsers,0.1296503714414893
81929.0,1,0,60,1486,55,278,49,0,185,2,4,4,10,6,1,0,1,0,0,0,3,11,1,44,2797,0,1,0,0,0,0,0,0,1,0,1868,1683,2,2067,1,20,0.1,0,Premium Loyalists,0.6753638345915262
76068.0,0,1,67,1115,12,128,33,12,76,1,2,3,4,6,0,1,0,0,1,0,3,11,0,45,2736,0,1,0,0,0,0,0,1,0,0,1300,1224,2,2068,1,10,0.1,0,Premium Loyalists,0.30697729088704734
53204.0,1,1,40,29,0,8,2,0,6,1,1,0,3,4,0,0,0,0,0,0,3,11,0,44,2260,0,1,0,0,0,0,0,0,1,0,39,33,0,2069,2,5,0.2,1,Deal Driven Browsers,0.002423157052591015
67911.0,0,1,63,529,0,356,63,28,0,3,6,7,11,3,0,0,0,0,0,0,3,11,0,71,2197,0,0,0,1,0,0,0,0,0,1,976,976,0,2070,1,27,0.1111111111111111,2,Quiet Value Regulars,0.023538330908857222
14796.0,1,0,1,13,3,8,7,4,16,2,1,0,3,9,0,0,0,0,0,0,3,11,1,36,2809,0,1,0,0,0,1,0,0,0,0,35,19,0,2071,1,6,0.3333333333333333,1,Deal Driven Browsers,0.5476525959685471
78128.0,0,1,89,934,24,230,16,24,36,2,8,4,6,3,0,1,1,0,0,0,3,11,0,46,2289,0,1,0,0,0,0,0,0,0,1,1228,1192,2,2072,1,20,0.1,0,Premium Loyalists,0.2887562207396242
14188.0,0,0,40,2,7,11,16,12,27,1,2,0,4,6,0,0,0,0,0,0,3,11,0,48,2645,0,1,0,0,0,0,1,0,0,0,48,21,0,2073,0,7,0.1428571428571428,1,Deal Driven Browsers,0.05791460354727281
20425.0,1,0,5,4,12,5,3,16,17,2,2,0,3,7,0,0,0,0,0,0,3,11,0,34,2767,0,1,0,0,0,0,1,0,0,0,40,23,0,2074,1,7,0.2857142857142857,1,Deal Driven Browsers,0.1853597998199576
58646.0,0,1,3,62,1,44,6,5,22,1,2,1,4,4,0,0,0,0,0,0,3,11,0,58,2543,0,1,0,0,0,0,0,0,1,0,118,96,0,2075,1,8,0.125,1,Deal Driven Browsers,0.048507057564507336
72967.0,0,1,1,158,35,179,0,0,125,2,7,2,8,5,1,0,0,0,0,0,3,11,1,50,2720,1,0,0,0,0,0,0,1,0,0,372,247,1,2076,1,19,0.1052631578947368,2,Quiet Value Regulars,0.4537189152486311
48150.0,0,1,24,173,2,39,3,2,47,3,5,1,4,7,0,0,0,0,0,0,3,11,0,71,2545,0,1,0,0,0,0,0,0,1,0,219,172,0,2077,1,13,0.2307692307692307,1,Deal Driven Browsers,0.033658930692435855
82332.0,0,0,89,830,59,968,51,79,19,1,5,3,12,2,0,0,1,0,0,0,3,11,1,59,2809,0,0,1,0,0,0,0,1,0,0,1987,1968,1,2078,0,21,0.0476190476190476,0,Premium Loyalists,0.5123529008904205
58275.0,1,1,48,189,10,253,56,43,64,6,8,2,7,7,0,0,0,0,0,0,3,11,0,65,2551,0,0,0,0,1,0,0,1,0,0,551,487,0,2079,2,23,0.2608695652173913,1,Deal Driven Browsers,0.02701683047602552
44953.0,0,0,31,728,17,133,11,8,124,1,7,3,13,6,1,0,0,0,0,0,3,11,0,39,2714,0,0,0,1,0,0,0,0,0,1,897,773,1,2080,0,24,0.0416666666666666,2,Quiet Value Regulars,0.26776527296470204
34587.0,1,1,68,7,2,9,2,0,2,2,1,0,3,4,0,0,0,0,0,0,3,11,0,67,2203,0,0,0,1,0,0,0,1,0,0,20,18,0,2081,2,6,0.3333333333333333,1,Deal Driven Browsers,0.01265556714827506
43018.0,0,1,46,35,4,17,7,6,64,1,2,2,2,5,0,0,0,0,0,0,3,11,0,46,2399,0,0,0,1,0,0,0,0,1,0,69,5,0,2082,1,7,0.1428571428571428,1,Deal Driven Browsers,0.013881865846571728
45736.0,0,1,92,188,3,180,20,3,43,5,7,1,6,7,0,0,0,0,0,0,3,11,0,66,2499,0,1,0,0,0,0,0,0,1,0,394,351,0,2083,1,19,0.2631578947368421,1,Deal Driven Browsers,0.013732460341894305
66476.0,0,1,80,742,28,152,25,9,57,2,6,8,10,4,0,0,0,0,0,0,3,11,0,51,2366,0,0,0,1,0,0,0,0,1,0,956,899,0,2084,1,26,0.0769230769230769,2,Quiet Value Regulars,0.008320404595404595
27733.0,1,0,16,0,7,5,26,2,17,2,2,0,3,7,0,0,0,0,0,0,3,11,0,39,2466,0,1,0,0,0,1,0,0,0,0,40,23,0,2085,1,7,0.2857142857142857,1,Deal Driven Browsers,0.03619011038907339
69805.0,0,1,50,750,71,174,13,10,20,2,6,8,11,2,0,0,0,0,0,0,3,11,0,68,2318,0,0,0,1,0,0,0,0,0,1,1018,998,0,2086,1,27,0.074074074074074,2,Quiet Value Regulars,0.011180561193192773
72217.0,0,0,93,816,42,450,55,56,154,1,3,10,8,2,0,0,0,0,0,0,3,11,0,58,2604,0,0,1,0,0,0,0,0,1,0,1419,1265,0,2087,0,22,0.0454545454545454,2,Quiet Value Regulars,0.09330624797720613
25818.0,1,0,51,5,2,8,2,2,9,1,0,1,2,7,0,0,0,0,0,0,3,11,0,49,2778,1,0,0,0,0,0,0,1,0,0,19,10,0,2088,1,4,0.25,1,Deal Driven Browsers,0.11243323801825712
37509.0,1,0,24,37,5,56,12,8,5,2,3,0,4,7,0,0,0,0,0,0,3,11,0,44,2814,0,0,0,1,0,0,0,0,1,0,118,113,0,2089,1,9,0.2222222222222222,1,Deal Driven Browsers,0.11424144546901903
25176.0,1,1,79,4,0,4,0,0,5,1,1,0,2,7,0,0,0,0,0,0,3,11,0,44,2482,0,0,0,1,0,1,0,0,0,0,8,3,0,2090,2,4,0.25,1,Deal Driven Browsers,0.014155405705405704
43586.0,0,1,26,99,2,11,4,0,16,3,3,0,4,8,0,0,0,0,0,0,3,11,0,40,2827,0,1,0,0,0,0,0,1,0,0,116,100,0,2091,1,10,0.3,1,Deal Driven Browsers,0.21606021826163319
53230.0,0,1,86,176,72,98,136,21,229,4,5,2,12,5,0,0,0,0,0,0,3,11,0,64,2854,0,1,0,0,0,1,0,0,0,0,503,274,0,2092,1,23,0.1739130434782608,2,Quiet Value Regulars,0.09302382140437217
50116.0,1,1,68,54,0,10,0,0,2,2,1,0,4,5,0,1,0,0,0,0,3,11,0,63,2168,0,0,0,1,0,0,0,1,0,0,64,62,1,2093,2,7,0.2857142857142857,1,Deal Driven Browsers,0.06250944730965564
84906.0,0,0,98,997,15,414,99,30,76,1,5,6,12,2,0,1,1,0,1,0,3,11,0,48,2427,0,0,0,1,0,0,0,1,0,0,1555,1479,3,2094,0,24,0.0416666666666666,0,Premium Loyalists,0.3676920004898266
61286.0,0,1,34,356,0,107,19,9,117,2,7,1,8,5,0,0,0,0,0,0,3,11,0,54,2490,0,1,0,0,0,0,0,1,0,0,491,374,0,2095,1,18,0.1111111111111111,2,Quiet Value Regulars,0.010264423899439257
82333.0,0,0,60,1311,0,359,46,89,17,1,4,3,10,2,0,0,1,0,0,0,3,11,1,34,2615,0,1,0,0,0,0,0,0,0,1,1805,1788,1,2096,0,18,0.0555555555555555,0,Premium Loyalists,0.5383998485291988
65220.0,0,0,3,890,63,292,0,25,12,4,8,4,7,6,0,0,0,0,0,0,3,11,1,55,2823,0,0,0,1,0,0,0,0,0,1,1270,1258,0,2097,0,23,0.1739130434782608,2,Quiet Value Regulars,0.47990521952197956
33590.0,2,1,65,4,0,2,0,0,2,1,1,0,2,7,0,0,0,0,0,0,3,11,0,46,2397,0,0,0,1,0,0,0,1,0,0,6,4,0,2098,3,4,0.25,1,Deal Driven Browsers,0.010047382119795917
30992.0,1,0,83,17,0,14,7,3,2,1,1,0,3,7,0,0,0,0,0,0,3,11,0,44,2592,1,0,0,0,0,0,0,1,0,0,41,39,0,2099,1,5,0.2,1,Deal Driven Browsers,0.014385681861997651
72309.0,0,0,64,960,0,883,50,38,0,1,5,6,8,3,0,0,0,1,0,0,3,11,1,44,2634,0,0,1,0,0,0,0,0,1,0,1931,1931,1,2100,0,20,0.05,0,Premium Loyalists,0.5598392542376739
16005.0,1,0,69,1,3,2,20,30,47,3,2,1,2,8,0,0,0,0,0,0,3,11,0,40,2843,0,1,0,0,0,0,1,0,0,0,56,9,0,2101,1,8,0.375,1,Deal Driven Browsers,0.2287312785798547
65487.0,0,0,48,240,67,500,199,0,163,3,3,5,6,2,0,0,0,0,0,0,3,11,0,63,2329,0,0,1,0,0,0,0,0,1,0,1006,843,0,2102,0,17,0.1764705882352941,2,Quiet Value Regulars,0.018706966920008325
58692.0,0,1,21,301,11,61,4,7,11,1,8,2,4,7,0,0,0,0,0,0,3,11,0,55,2243,0,1,0,0,0,0,0,1,0,0,384,373,0,2103,1,15,0.0666666666666666,2,Quiet Value Regulars,0.01439777406182168
40590.0,1,1,30,154,0,50,6,11,37,5,3,4,3,6,1,0,0,0,0,0,3,11,0,51,2429,0,0,0,0,1,0,0,1,0,0,221,184,1,2104,2,15,0.3333333333333333,1,Deal Driven Browsers,0.19350048748966267
20587.0,1,0,39,2,3,6,4,1,9,1,1,1,2,7,0,0,0,0,0,0,3,11,0,50,2208,0,0,1,0,0,0,0,1,0,0,16,7,0,2105,1,5,0.2,1,Deal Driven Browsers,0.024643727316651345
62637.0,0,1,76,104,12,48,4,12,5,1,2,2,5,2,0,0,0,0,0,0,3,11,0,66,2279,1,0,0,0,0,0,0,0,1,0,180,175,0,2106,1,10,0.1,2,Quiet Value Regulars,0.007597793872793873
29435.0,1,1,11,70,3,37,4,2,64,4,3,2,2,9,0,0,0,0,0,0,3,11,1,54,2851,1,0,0,0,0,0,0,0,1,0,116,52,0,2107,2,11,0.3636363636363636,1,Deal Driven Browsers,0.6613472870631024
19346.0,1,0,26,2,0,9,3,6,2,1,1,0,3,8,0,0,0,0,0,0,3,11,0,46,2309,1,0,0,0,0,0,0,1,0,0,20,18,0,2108,1,5,0.2,1,Deal Driven Browsers,0.0347691374595357
35788.0,1,1,34,23,2,11,3,1,4,2,2,0,3,6,0,0,0,0,0,0,3,11,0,49,2316,0,1,0,0,0,0,0,1,0,0,40,36,0,2109,2,7,0.2857142857142857,1,Deal Driven Browsers,0.010634114063060219
36997.0,1,1,72,43,4,12,8,0,27,5,2,1,4,5,0,0,0,0,0,0,3,11,0,52,2672,1,0,0,0,0,0,0,1,0,0,67,40,0,2110,2,12,0.4166666666666667,1,Deal Driven Browsers,0.05254526579273295
23539.0,0,0,13,4,24,11,16,1,25,1,2,0,4,6,0,0,0,0,0,0,3,11,0,63,2280,0,1,0,0,0,0,0,1,0,0,56,31,0,2111,0,7,0.1428571428571428,1,Deal Driven Browsers,0.06404688150723153
65333.0,0,1,58,654,7,92,0,15,30,7,9,4,8,6,0,1,1,0,0,0,3,11,0,47,2322,0,0,1,0,0,0,0,1,0,0,768,738,2,2112,1,28,0.25,0,Premium Loyalists,0.29017251435780145
78499.0,0,0,12,912,72,170,47,36,97,1,11,3,4,4,0,0,1,0,0,0,3,11,1,63,2377,0,0,1,0,0,0,0,1,0,0,1237,1140,1,2113,0,19,0.0526315789473684,0,Premium Loyalists,0.6929471398146997
29732.0,1,0,23,25,0,8,0,1,4,1,2,0,2,9,0,0,0,0,0,0,3,11,0,49,2255,0,0,0,1,0,0,0,0,0,1,34,30,0,2114,1,5,0.2,1,Deal Driven Browsers,0.07756827010277807
41275.0,1,2,33,24,4,22,0,2,9,4,3,1,3,5,0,0,0,0,0,0,3,11,0,60,2256,0,0,0,1,0,0,0,0,1,0,52,43,0,2115,3,11,0.3636363636363636,1,Deal Driven Browsers,0.034643400512903245
63516.0,1,1,30,141,11,114,15,14,5,4,4,1,7,5,0,0,0,0,0,0,3,11,0,47,2517,0,0,0,1,0,0,0,0,0,1,295,290,0,2116,2,16,0.25,1,Deal Driven Browsers,0.025901281071869314
42769.0,0,1,15,71,0,13,3,1,0,2,1,1,4,4,0,0,0,0,0,0,3,11,0,58,2419,0,1,0,0,0,0,0,0,0,1,88,88,0,2117,1,8,0.25,1,Deal Driven Browsers,0.018483139125722244
49572.0,1,1,25,35,1,16,0,1,1,2,2,0,3,7,0,0,0,0,0,0,3,11,0,62,2355,0,1,0,0,0,0,0,0,1,0,53,52,0,2118,2,7,0.2857142857142857,1,Deal Driven Browsers,0.01679967275910672
69209.0,0,0,4,496,32,849,229,48,128,2,5,3,6,4,0,0,0,1,0,0,3,11,0,48,2809,0,1,0,0,0,0,0,1,0,0,1654,1526,1,2119,0,16,0.125,0,Premium Loyalists,0.5648615076994957
17148.0,1,0,80,9,9,11,13,10,16,4,3,1,3,8,0,0,0,0,0,0,3,11,0,44,2311,0,1,0,0,0,0,0,1,0,0,52,36,0,2120,1,11,0.3636363636363636,1,Deal Driven Browsers,0.030983946976321765
40590.0,1,1,30,154,0,50,6,11,37,5,3,4,3,6,1,0,0,0,0,0,3,11,0,51,2429,0,0,0,0,1,0,0,1,0,0,221,184,1,2121,2,15,0.3333333333333333,1,Deal Driven Browsers,0.19350048748966267
30560.0,1,0,6,9,1,5,4,5,7,1,1,0,3,7,0,0,0,0,0,0,3,11,0,44,2526,0,0,0,1,0,0,0,0,1,0,24,17,0,2122,1,5,0.2,1,Deal Driven Browsers,0.09032041230132706
32146.0,1,0,16,26,3,23,4,7,3,2,2,0,4,6,0,0,0,0,0,0,3,11,0,37,2207,0,1,0,0,0,1,0,0,0,0,63,60,0,2123,1,8,0.25,1,Deal Driven Browsers,0.032189056526354266
41713.0,1,1,57,77,8,44,10,10,25,5,3,1,4,6,0,0,0,0,0,0,3,11,0,56,2220,1,0,0,0,0,1,0,0,0,0,149,124,0,2124,2,13,0.3846153846153846,1,Deal Driven Browsers,0.04550327958148977
34176.0,0,1,9,11,2,7,4,2,2,1,1,0,3,3,0,0,0,0,0,0,3,11,0,45,2317,0,0,0,1,0,0,0,0,1,0,26,24,0,2125,1,5,0.2,1,Deal Driven Browsers,0.06731782056008771
58482.0,0,1,59,576,7,115,19,7,7,2,7,4,9,6,0,1,0,0,0,0,3,11,0,65,2268,0,1,0,0,0,0,0,0,0,1,724,717,1,2126,1,22,0.0909090909090909,2,Quiet Value Regulars,0.05578991662203094
59686.0,0,1,78,89,15,89,34,42,5,1,4,1,6,4,0,0,0,0,0,0,3,11,0,55,2314,0,0,1,0,0,0,0,1,0,0,269,264,0,2127,1,12,0.0833333333333333,2,Quiet Value Regulars,0.0036333437910267873
60896.0,0,1,90,1013,30,399,60,46,153,3,9,10,4,6,0,0,0,0,0,0,3,11,1,56,2785,0,1,0,0,0,0,0,0,0,1,1548,1395,0,2128,1,26,0.1153846153846153,2,Quiet Value Regulars,0.37099954514562544
62994.0,1,0,74,224,12,48,4,12,12,1,6,2,4,6,0,0,0,0,0,0,3,11,0,40,2276,0,0,0,1,0,0,0,1,0,0,300,288,0,2129,1,13,0.0769230769230769,2,Quiet Value Regulars,0.012043092973937526
47320.0,0,1,10,200,19,111,50,15,19,6,5,1,8,6,0,0,0,0,0,0,3,11,0,63,2491,0,0,0,1,0,0,0,1,0,0,395,376,0,2130,1,20,0.3,1,Deal Driven Browsers,0.2096830917647891
74859.0,0,0,63,570,73,614,133,102,73,1,6,5,11,3,0,0,0,1,0,0,3,11,0,71,2550,0,0,0,0,1,1,0,0,0,0,1492,1419,1,2131,0,23,0.0434782608695652,0,Premium Loyalists,0.19109961550824794
15253.0,1,0,13,1,3,3,8,1,13,2,1,0,3,7,0,0,0,0,0,0,3,11,0,28,2403,0,0,1,0,0,0,1,0,0,0,16,3,0,2132,1,6,0.3333333333333333,1,Deal Driven Browsers,0.16890844974245112
31560.0,1,0,98,62,1,20,4,0,7,2,2,1,3,8,0,0,0,0,0,0,3,11,0,46,2529,0,0,1,0,0,0,0,0,0,1,87,80,0,2133,1,8,0.25,1,Deal Driven Browsers,0.03542446855311278
72071.0,0,1,4,531,69,300,150,138,150,3,5,4,8,2,0,0,0,0,0,0,3,11,0,66,2659,1,0,0,0,0,0,0,1,0,0,1188,1038,0,2134,1,20,0.15,2,Quiet Value Regulars,0.123689497183231
91172.0,0,0,94,162,28,818,0,28,56,0,4,3,7,3,1,0,1,1,1,0,3,11,1,30,2618,0,0,1,0,0,0,0,0,1,0,1036,980,4,2135,0,14,0.0,0,Premium Loyalists,0.7074243268908345
90000.0,0,0,91,675,144,133,94,192,241,1,4,8,5,1,1,0,1,1,0,0,3,11,0,36,2347,0,1,0,0,0,0,0,1,0,0,1238,997,3,2136,0,18,0.0555555555555555,0,Premium Loyalists,0.3156788677452013
41967.0,1,1,66,23,4,10,0,2,15,1,1,0,3,4,0,0,0,0,0,0,3,11,0,39,2377,0,0,1,0,0,0,0,1,0,0,39,24,0,2137,2,5,0.2,1,Deal Driven Browsers,0.011321632419867717
69263.0,0,1,14,492,5,32,13,5,21,1,9,1,7,6,0,1,0,0,0,0,3,11,0,55,2275,0,0,1,0,0,0,0,1,0,0,547,526,1,2138,1,18,0.0555555555555555,2,Quiet Value Regulars,0.18463403008093307
65706.0,0,0,77,918,10,129,13,0,129,1,11,3,12,7,0,1,1,0,1,0,3,11,1,50,2525,1,0,0,0,0,1,0,0,0,0,1070,941,3,2139,0,27,0.037037037037037,0,Premium Loyalists,0.5779511149854889
60934.0,0,1,41,224,155,155,192,93,54,2,6,4,11,4,0,0,0,0,0,0,3,11,0,45,2322,0,0,0,1,0,0,0,1,0,0,819,765,0,2140,1,23,0.0869565217391304,2,Quiet Value Regulars,0.0034544579533941234
71965.0,0,1,21,572,19,286,50,38,248,3,6,3,5,3,0,0,0,0,0,0,3,11,0,69,2494,0,1,0,0,0,0,0,1,0,0,965,717,0,2141,1,17,0.1764705882352941,2,Quiet Value Regulars,0.017843773103207058
65210.0,0,1,25,626,0,70,0,7,28,2,9,3,8,6,0,1,0,1,0,0,3,11,0,65,2270,0,1,0,0,0,0,0,1,0,0,703,675,2,2142,1,22,0.0909090909090909,0,Premium Loyalists,0.21514283743423016
79174.0,0,0,2,1074,37,518,193,92,129,1,5,6,7,2,0,0,1,1,0,0,3,11,1,45,2693,0,1,0,0,0,0,0,0,0,1,1914,1785,2,2143,0,19,0.0526315789473684,0,Premium Loyalists,0.7911389885064668
81380.0,0,0,51,741,68,689,224,68,103,1,4,2,10,2,0,0,0,0,0,0,3,11,0,53,2713,1,0,0,0,0,0,0,0,1,0,1790,1687,0,2144,0,17,0.0588235294117647,2,Quiet Value Regulars,0.26710338039569564
48432.0,0,1,3,322,3,50,4,3,42,5,7,1,6,8,0,0,0,0,0,0,3,11,0,47,2778,0,0,1,0,0,0,0,0,0,1,382,340,0,2145,1,19,0.2631578947368421,1,Deal Driven Browsers,0.40156477980162775
52914.0,0,1,32,254,10,44,30,10,227,2,7,3,3,7,1,0,0,0,0,0,3,11,0,49,2697,0,1,0,0,0,0,0,1,0,0,348,121,1,2146,1,15,0.1333333333333333,1,Deal Driven Browsers,0.16110553463564312
38946.0,0,1,84,116,6,82,6,6,41,2,3,1,6,5,0,0,0,0,0,0,3,11,0,65,2407,0,0,0,1,0,0,0,1,0,0,216,175,0,2147,1,12,0.1666666666666666,1,Deal Driven Browsers,0.005869371414493366
26067.0,1,0,49,22,2,18,0,2,12,3,3,0,3,8,0,0,0,0,0,0,3,11,0,46,2396,0,1,0,0,0,0,0,1,0,0,44,32,0,2148,1,9,0.3333333333333333,1,Deal Driven Browsers,0.012439609292730915
44325.0,0,1,69,516,0,21,0,0,5,4,8,2,7,8,0,1,0,0,0,0,3,11,0,48,2638,0,1,0,0,0,0,0,0,0,1,537,532,1,2149,1,21,0.1904761904761904,1,Deal Driven Browsers,0.17757822490705397
42523.0,0,0,96,14,36,11,3,26,35,1,1,1,4,2,0,0,0,0,0,0,3,11,0,56,2226,0,1,0,0,0,0,0,1,0,0,90,55,0,2150,0,7,0.1428571428571428,1,Deal Driven Browsers,0.01072231955675352
26487.0,1,0,23,2,8,10,12,14,23,3,2,1,3,5,0,0,0,0,0,0,3,11,0,42,2564,0,0,1,0,0,0,1,0,0,0,46,23,0,2151,1,9,0.3333333333333333,1,Deal Driven Browsers,0.12908599540837717
53233.0,0,1,18,28,0,9,3,0,0,1,1,0,3,4,0,0,0,0,0,0,3,11,0,63,2262,0,1,0,0,0,1,0,0,0,0,40,40,0,2152,1,5,0.2,1,Deal Driven Browsers,0.014583077916041288
67716.0,0,1,8,530,142,217,62,9,56,4,7,4,13,5,0,1,0,0,0,0,3,11,0,60,2694,0,1,0,0,0,0,0,1,0,0,960,904,1,2153,1,28,0.1428571428571428,2,Quiet Value Regulars,0.23909994980262253
76234.0,0,1,21,519,50,167,130,0,41,1,8,3,11,3,0,1,0,0,0,0,3,11,0,48,2302,0,1,0,0,0,0,0,0,1,0,866,825,1,2154,1,23,0.0434782608695652,2,Quiet Value Regulars,0.14372189627662432
84117.0,0,0,60,611,76,749,59,45,26,1,7,10,6,2,0,0,1,0,0,0,3,11,0,64,2208,0,1,0,0,0,0,0,0,0,1,1540,1514,1,2155,0,24,0.0416666666666666,0,Premium Loyalists,0.11698087031231179
65487.0,0,0,48,240,67,500,199,0,163,3,3,5,6,2,0,0,0,0,0,0,3,11,0,63,2329,0,0,0,1,0,0,0,0,1,0,1006,843,0,2156,0,17,0.1764705882352941,2,Quiet Value Regulars,0.003373029749712587
25224.0,1,0,36,4,9,12,11,2,8,2,1,1,3,3,0,0,0,0,0,0,3,11,0,48,2264,0,1,0,0,0,0,1,0,0,0,38,30,0,2157,1,7,0.2857142857142857,1,Deal Driven Browsers,0.011122399729655834
89616.0,0,0,36,671,47,655,145,111,15,1,7,5,12,2,0,0,0,0,0,0,3,11,1,37,2648,0,0,1,0,0,0,0,0,1,0,1629,1614,0,2158,0,25,0.04,2,Quiet Value Regulars,0.3971970555150333
40851.0,1,1,63,23,1,7,0,4,24,1,1,1,2,7,0,0,0,0,0,0,3,11,0,49,2652,1,0,0,0,0,0,0,1,0,0,35,11,0,2159,2,5,0.2,1,Deal Driven Browsers,0.023083496484738744
27469.0,0,0,2,9,1,2,3,2,0,1,0,0,3,6,0,0,0,0,0,0,3,11,0,73,2855,0,1,0,0,0,0,0,1,0,0,17,17,0,2160,0,4,0.25,1,Deal Driven Browsers,0.13150663810515714
82347.0,0,0,38,556,54,845,202,133,63,1,7,7,10,3,1,0,0,1,0,0,3,11,1,63,2759,0,1,0,0,0,1,0,0,0,0,1790,1727,2,2161,0,25,0.04,0,Premium Loyalists,0.6647140292876178
73803.0,0,1,61,833,80,363,52,26,174,2,9,5,6,6,1,0,0,0,0,0,3,11,1,63,2856,0,1,0,0,0,0,0,1,0,0,1354,1180,1,2162,1,22,0.0909090909090909,2,Quiet Value Regulars,0.24742101870641847
8820.0,1,1,52,12,0,13,4,2,4,4,3,0,3,8,0,0,0,0,0,0,3,11,0,68,2623,0,0,1,0,0,0,0,0,1,0,31,27,0,2163,2,10,0.4,1,Deal Driven Browsers,0.09028212165284742
43322.0,0,0,25,56,7,48,10,2,18,1,3,0,4,7,0,0,0,0,0,0,3,11,0,46,2228,0,0,1,0,0,0,0,1,0,0,123,105,0,2164,0,8,0.125,1,Deal Driven Browsers,0.08744295503451904
55593.0,0,1,63,293,8,124,11,4,106,2,6,6,3,6,1,0,0,0,0,0,3,11,0,47,2471,0,0,0,1,0,0,0,1,0,0,440,334,1,2165,1,17,0.1176470588235294,2,Quiet Value Regulars,0.054107910227027864
50501.0,1,1,10,297,0,38,13,0,152,7,5,4,4,6,1,0,0,0,0,0,3,11,1,66,2535,0,1,0,0,0,0,0,1,0,0,348,196,1,2166,2,20,0.35,1,Deal Driven Browsers,0.5143097069193889
37085.0,1,1,65,39,1,16,2,0,3,4,3,0,3,8,0,0,0,0,0,0,3,11,0,45,2162,0,1,0,0,0,0,0,1,0,0,58,55,0,2167,2,10,0.4,1,Deal Driven Browsers,0.03936684043691543
16185.0,1,0,71,5,11,16,21,8,45,2,2,2,2,8,0,0,0,0,0,0,3,11,0,30,2487,0,0,1,0,0,0,1,0,0,0,61,16,0,2168,1,8,0.25,1,Deal Driven Browsers,0.03654697956737006
57731.0,0,1,0,266,21,300,65,8,44,4,8,8,6,6,0,0,0,0,0,0,3,11,0,51,2742,0,0,1,0,0,0,0,1,0,0,660,616,0,2169,1,26,0.1538461538461538,2,Quiet Value Regulars,0.124395039555558
48432.0,0,1,3,322,3,50,4,3,42,5,7,1,6,8,0,0,0,0,0,0,3,11,1,47,2778,0,0,1,0,0,0,0,0,0,1,382,340,0,2170,1,19,0.2631578947368421,1,Deal Driven Browsers,0.40156477980162775
73807.0,0,1,88,366,124,156,71,78,54,2,5,5,11,2,0,0,0,0,0,0,3,11,0,42,2702,0,1,0,0,0,0,0,1,0,0,795,741,0,2171,1,23,0.0869565217391304,2,Quiet Value Regulars,0.015851758183590855
18929.0,0,0,15,32,0,8,23,4,18,1,1,0,4,6,0,0,0,0,0,0,3,11,0,30,2657,0,1,0,0,0,0,0,1,0,0,67,49,0,2172,0,6,0.1666666666666666,1,Deal Driven Browsers,0.08592483336273757
35893.0,1,1,80,158,0,23,0,0,18,6,3,1,5,8,0,0,0,0,0,0,3,11,0,52,2781,0,0,1,0,0,0,0,1,0,0,181,163,0,2173,2,15,0.4,1,Deal Driven Browsers,0.1703687856761161
61014.0,0,1,17,269,129,495,182,43,29,4,9,3,4,7,0,0,0,0,0,0,3,11,0,40,2846,0,1,0,0,0,0,0,1,0,0,1118,1089,0,2174,1,20,0.2,2,Quiet Value Regulars,0.144548657503148
32144.0,1,1,76,41,0,10,0,0,3,4,2,1,3,7,0,1,0,0,0,0,3,11,0,66,2257,0,0,0,1,0,0,0,1,0,0,51,48,1,2175,2,10,0.4,1,Deal Driven Browsers,0.14635008216929218
14918.0,0,1,52,3,3,3,15,4,15,1,1,0,3,6,0,0,0,0,0,0,3,11,0,57,2728,0,0,0,1,0,0,1,0,0,0,28,13,0,2176,1,5,0.2,1,Deal Driven Browsers,0.040490118745633435
45146.0,1,1,28,33,0,5,0,0,15,2,1,1,2,4,0,0,0,0,0,0,3,11,0,57,2508,1,0,0,0,0,0,0,1,0,0,38,23,0,2177,2,6,0.3333333333333333,1,Deal Driven Browsers,0.03102224156877407
41769.0,0,1,31,302,29,131,32,0,27,6,8,1,7,8,0,0,0,0,0,0,3,11,0,65,2660,1,0,0,0,0,1,0,0,0,0,494,467,0,2178,1,22,0.2727272727272727,1,Deal Driven Browsers,0.0881861127965904
88325.0,0,0,42,519,71,860,93,27,53,1,6,2,9,2,0,0,0,0,0,0,3,11,0,39,2303,0,0,0,1,0,0,0,1,0,0,1570,1517,0,2179,0,18,0.0555555555555555,2,Quiet Value Regulars,0.2426243019770508
38054.0,1,1,24,23,2,17,2,1,0,2,2,0,3,7,0,0,0,0,0,0,3,11,0,70,2218,1,0,0,0,0,0,0,0,1,0,45,45,0,2180,2,7,0.2857142857142857,1,Deal Driven Browsers,0.039830915593485235
80617.0,0,0,42,594,51,631,72,55,32,1,4,6,8,2,0,0,0,0,0,0,3,11,0,25,2784,0,0,1,0,0,1,0,0,0,0,1403,1371,0,2181,0,19,0.0526315789473684,2,Quiet Value Regulars,0.191032365032373
5305.0,0,1,12,12,4,7,1,3,5,0,1,0,0,13,0,0,0,0,0,0,3,11,0,44,2493,0,1,0,0,0,0,0,1,0,0,27,22,0,2182,1,1,0.0,1,Deal Driven Browsers,0.1906258226969971
36807.0,1,1,88,4,2,5,0,0,5,1,1,0,2,6,0,0,0,0,0,0,3,11,0,66,2715,0,0,0,1,0,0,0,1,0,0,11,6,0,2183,2,4,0.25,1,Deal Driven Browsers,0.015727569366907602
28427.0,1,0,67,18,3,19,3,3,6,2,2,0,3,8,0,0,0,0,0,0,3,11,0,37,2624,0,0,0,1,0,0,0,1,0,0,46,40,0,2184,1,7,0.2857142857142857,1,Deal Driven Browsers,0.009733650506714292
82032.0,0,0,54,332,194,377,149,125,57,0,4,6,7,1,0,0,0,0,0,0,3,11,0,72,2244,0,0,0,0,1,0,0,0,0,1,1177,1120,0,2185,0,17,0.0,2,Quiet Value Regulars,0.08918181066042966
22775.0,1,0,40,5,1,8,0,0,1,1,1,0,2,8,0,0,0,0,0,0,3,11,0,42,2534,0,0,0,1,0,0,0,1,0,0,14,13,0,2186,1,4,0.25,1,Deal Driven Browsers,0.018851249199219117
40101.0,1,0,73,171,3,129,26,24,62,4,6,1,6,7,0,0,0,0,0,0,3,11,0,35,2782,0,0,0,1,0,0,0,0,1,0,353,291,0,2187,1,17,0.2352941176470588,1,Deal Driven Browsers,0.10248512342135171
58025.0,0,1,81,270,31,88,11,48,22,3,3,2,10,4,0,0,0,0,0,0,3,11,0,41,2374,0,1,0,0,0,0,0,1,0,0,448,426,0,2188,1,18,0.1666666666666666,2,Quiet Value Regulars,0.005081975791991149
75777.0,0,0,12,712,26,538,69,13,80,1,3,6,11,1,0,1,1,0,0,0,3,11,1,38,2519,0,0,1,0,0,0,0,0,1,0,1358,1278,2,2189,0,21,0.0476190476190476,0,Premium Loyalists,0.7541046194271483
7500.0,1,0,7,2,8,11,3,8,21,4,3,2,2,7,0,0,0,0,0,0,3,11,0,41,2577,0,0,0,1,0,1,0,0,0,0,32,11,0,2190,1,11,0.3636363636363636,1,Deal Driven Browsers,0.26680475093251665
33562.0,1,2,33,21,12,12,0,3,3,3,2,0,4,4,0,0,0,0,0,0,3,11,0,57,2163,0,1,0,0,0,0,0,0,1,0,48,45,0,2191,3,9,0.3333333333333333,1,Deal Driven Browsers,0.019292312069786814
57642.0,0,1,24,580,6,58,8,0,27,3,7,6,6,4,1,0,0,0,0,0,3,11,0,50,2330,0,0,1,0,0,0,0,0,0,1,652,625,1,2192,1,22,0.1363636363636363,2,Quiet Value Regulars,0.10729310193922748
58554.0,1,1,55,368,24,68,38,0,88,6,8,2,6,7,0,0,0,0,0,0,3,11,0,52,2800,0,0,0,1,0,0,0,1,0,0,498,410,0,2193,2,22,0.2727272727272727,1,Deal Driven Browsers,0.09189231702313695
63777.0,1,1,87,457,5,106,15,17,53,8,11,1,6,8,0,0,0,0,0,0,3,11,0,41,2621,0,1,0,0,0,0,0,1,0,0,600,547,0,2194,2,26,0.3076923076923077,1,Deal Driven Browsers,0.05613195507348498
57967.0,0,1,39,229,7,137,4,0,91,5,4,2,8,5,0,0,0,0,0,0,3,11,0,58,2642,0,0,1,0,0,0,0,1,0,0,377,286,0,2195,1,19,0.2631578947368421,1,Deal Driven Browsers,0.03333008206787626
24434.0,2,0,9,3,2,8,20,0,17,2,2,1,2,7,0,0,0,0,0,0,3,11,0,48,2201,0,1,0,0,0,0,0,1,0,0,33,16,0,2196,2,7,0.2857142857142857,1,Deal Driven Browsers,0.07608448865912641
11012.0,1,0,82,24,3,26,7,1,23,3,3,1,2,9,1,0,0,0,0,0,3,11,0,36,2629,0,0,1,0,0,0,0,1,0,0,61,38,1,2197,1,9,0.3333333333333333,1,Deal Driven Browsers,0.27108901003218516
44802.0,0,0,71,853,10,143,13,10,20,2,9,4,12,8,0,0,0,0,0,0,3,11,0,50,2836,0,0,1,0,0,0,0,0,1,0,1029,1009,0,2198,0,27,0.074074074074074,2,Quiet Value Regulars,0.1881148198925961
26816.0,0,0,50,5,1,6,3,4,3,1,0,0,3,4,0,0,0,0,0,0,3,11,0,34,2840,0,0,1,0,0,0,0,1,0,0,19,16,0,2199,0,4,0.25,1,Deal Driven Browsers,0.13368325107223233
34421.0,1,0,81,3,3,7,6,2,9,1,1,0,2,7,0,0,0,0,0,0,3,11,0,46,2522,0,1,0,0,0,0,0,1,0,0,21,12,0,2200,1,4,0.25,1,Deal Driven Browsers,0.013005933767936188
61223.0,0,1,46,709,43,182,42,118,247,2,9,3,4,5,0,0,0,0,0,0,3,11,0,53,2540,0,1,0,0,0,0,0,1,0,0,1094,847,0,2201,1,18,0.1111111111111111,2,Quiet Value Regulars,0.03282924965788295
64014.0,2,1,56,406,0,30,0,0,8,7,8,2,5,7,0,0,0,1,0,0,3,11,0,74,2178,0,0,0,1,0,0,0,0,0,1,436,428,1,2202,3,22,0.3181818181818182,1,Deal Driven Browsers,0.0918560020820062
56981.0,0,0,91,908,48,217,32,12,24,1,2,3,13,6,0,1,0,0,0,0,3,11,0,39,2314,1,0,0,0,0,0,0,1,0,0,1217,1193,1,2203,0,19,0.0526315789473684,2,Quiet Value Regulars,0.12535626621545218
69245.0,0,1,8,428,30,214,80,30,61,2,6,5,10,3,0,0,0,0,0,0,3,11,0,64,2315,0,0,0,1,0,0,0,0,1,0,782,721,0,2204,1,23,0.0869565217391304,2,Quiet Value Regulars,0.04920527375080009
52869.0,1,1,40,84,3,61,2,1,21,3,3,1,4,7,0,0,0,0,0,0,3,11,1,66,2781,0,1,0,0,0,0,0,0,0,1,151,130,0,2205,2,11,0.2727272727272727,1,Deal Driven Browsers,0.3924715758342741
